time_us,ax_raw,ay_raw,az_raw,gx_raw,gy_raw,gz_raw,ax_g,ay_g,az_g,gx_dps,gy_dps,gz_dps
4233419,-254,1784,990,3,-17,20,-0.1240234,0.8710938,0.4833984,0.1831055,-1.0375977,1.2207031
4235418,-253,1786,990,3,-18,20,-0.1235352,0.8720703,0.4833984,0.1831055,-1.0986328,1.2207031
4237417,-252,1787,990,3,-18,20,-0.1230469,0.8725586,0.4833984,0.1831055,-1.0986328,1.2207031
4239417,-254,1783,991,2,-18,19,-0.1240234,0.8706055,0.4838867,0.1220703,-1.0986328,1.1596680
4241416,-252,1786,988,5,-18,20,-0.1230469,0.8720703,0.4824219,0.3051758,-1.0986328,1.2207031
4243415,-254,1787,985,4,-18,20,-0.1240234,0.8725586,0.4809570,0.2441406,-1.0986328,1.2207031
4245414,-256,1786,989,2,-18,20,-0.1250000,0.8720703,0.4829102,0.1220703,-1.0986328,1.2207031
4247414,-254,1787,991,3,-17,19,-0.1240234,0.8725586,0.4838867,0.1831055,-1.0375977,1.1596680
4249413,-254,1785,990,3,-18,19,-0.1240234,0.8715820,0.4833984,0.1831055,-1.0986328,1.1596680
4251412,-253,1783,986,2,-17,19,-0.1235352,0.8706055,0.4814453,0.1220703,-1.0375977,1.1596680
4253411,-249,1783,987,3,-18,19,-0.1215820,0.8706055,0.4819336,0.1831055,-1.0986328,1.1596680
4255411,-252,1789,989,2,-19,19,-0.1230469,0.8735352,0.4829102,0.1220703,-1.1596680,1.1596680
4257410,-253,1784,987,3,-18,19,-0.1235352,0.8710938,0.4819336,0.1831055,-1.0986328,1.1596680
4259409,-253,1787,989,3,-18,19,-0.1235352,0.8725586,0.4829102,0.1831055,-1.0986328,1.1596680
4261408,-249,1784,991,2,-18,19,-0.1215820,0.8710938,0.4838867,0.1220703,-1.0986328,1.1596680
4263408,-252,1785,989,2,-17,18,-0.1230469,0.8715820,0.4829102,0.1220703,-1.0375977,1.0986328
4265408,-252,1790,987,4,-18,18,-0.1230469,0.8740234,0.4819336,0.2441406,-1.0986328,1.0986328
4267407,-252,1787,992,4,-17,20,-0.1230469,0.8725586,0.4843750,0.2441406,-1.0375977,1.2207031
4269406,-251,1787,988,4,-17,18,-0.1225586,0.8725586,0.4824219,0.2441406,-1.0375977,1.0986328
4271405,-251,1787,993,4,-18,19,-0.1225586,0.8725586,0.4848633,0.2441406,-1.0986328,1.1596680
4273404,-254,1787,986,4,-18,19,-0.1240234,0.8725586,0.4814453,0.2441406,-1.0986328,1.1596680
4275404,-252,1787,988,4,-18,19,-0.1230469,0.8725586,0.4824219,0.2441406,-1.0986328,1.1596680
4277403,-251,1785,990,3,-18,19,-0.1225586,0.8715820,0.4833984,0.1831055,-1.0986328,1.1596680
4279402,-249,1789,988,4,-18,18,-0.1215820,0.8735352,0.4824219,0.2441406,-1.0986328,1.0986328
4281401,-253,1785,989,4,-18,19,-0.1235352,0.8715820,0.4829102,0.2441406,-1.0986328,1.1596680
4283401,-251,1788,991,3,-18,19,-0.1225586,0.8730469,0.4838867,0.1831055,-1.0986328,1.1596680
4285400,-253,1788,989,3,-18,19,-0.1235352,0.8730469,0.4829102,0.1831055,-1.0986328,1.1596680
4287399,-252,1782,988,3,-18,19,-0.1230469,0.8701172,0.4824219,0.1831055,-1.0986328,1.1596680
4289398,-254,1786,991,4,-17,18,-0.1240234,0.8720703,0.4838867,0.2441406,-1.0375977,1.0986328
4291398,-251,1785,990,3,-18,20,-0.1225586,0.8715820,0.4833984,0.1831055,-1.0986328,1.2207031
4293397,-255,1784,986,4,-18,19,-0.1245117,0.8710938,0.4814453,0.2441406,-1.0986328,1.1596680
4295396,-255,1786,987,4,-18,18,-0.1245117,0.8720703,0.4819336,0.2441406,-1.0986328,1.0986328
4297396,-251,1786,988,3,-19,20,-0.1225586,0.8720703,0.4824219,0.1831055,-1.1596680,1.2207031
4299395,-255,1788,988,3,-18,18,-0.1245117,0.8730469,0.4824219,0.1831055,-1.0986328,1.0986328
4301394,-252,1788,987,3,-17,19,-0.1230469,0.8730469,0.4819336,0.1831055,-1.0375977,1.1596680
4303393,-253,1785,986,3,-17,18,-0.1235352,0.8715820,0.4814453,0.1831055,-1.0375977,1.0986328
4305393,-253,1789,990,4,-18,18,-0.1235352,0.8735352,0.4833984,0.2441406,-1.0986328,1.0986328
4307392,-252,1787,989,3,-18,17,-0.1230469,0.8725586,0.4829102,0.1831055,-1.0986328,1.0375977
4309391,-254,1786,989,3,-17,18,-0.1240234,0.8720703,0.4829102,0.1831055,-1.0375977,1.0986328
4311391,-254,1786,989,4,-18,19,-0.1240234,0.8720703,0.4829102,0.2441406,-1.0986328,1.1596680
4313390,-252,1789,992,3,-18,18,-0.1230469,0.8735352,0.4843750,0.1831055,-1.0986328,1.0986328
4315389,-249,1785,989,4,-18,19,-0.1215820,0.8715820,0.4829102,0.2441406,-1.0986328,1.1596680
4317389,-253,1787,988,4,-17,20,-0.1235352,0.8725586,0.4824219,0.2441406,-1.0375977,1.2207031
4319388,-254,1786,990,3,-18,18,-0.1240234,0.8720703,0.4833984,0.1831055,-1.0986328,1.0986328
4321387,-253,1786,988,4,-18,19,-0.1235352,0.8720703,0.4824219,0.2441406,-1.0986328,1.1596680
4323387,-254,1784,991,3,-18,19,-0.1240234,0.8710938,0.4838867,0.1831055,-1.0986328,1.1596680
4325386,-251,1784,986,4,-18,19,-0.1225586,0.8710938,0.4814453,0.2441406,-1.0986328,1.1596680
4327385,-254,1788,988,3,-17,19,-0.1240234,0.8730469,0.4824219,0.1831055,-1.0375977,1.1596680
4329385,-251,1783,987,4,-18,19,-0.1225586,0.8706055,0.4819336,0.2441406,-1.0986328,1.1596680
4331384,-254,1784,993,5,-17,20,-0.1240234,0.8710938,0.4848633,0.3051758,-1.0375977,1.2207031
4333383,-252,1788,989,4,-18,19,-0.1230469,0.8730469,0.4829102,0.2441406,-1.0986328,1.1596680
4335382,-251,1785,989,4,-17,20,-0.1225586,0.8715820,0.4829102,0.2441406,-1.0375977,1.2207031
4337382,-253,1785,991,3,-18,20,-0.1235352,0.8715820,0.4838867,0.1831055,-1.0986328,1.2207031
4339381,-254,1788,990,4,-18,20,-0.1240234,0.8730469,0.4833984,0.2441406,-1.0986328,1.2207031
4341380,-253,1784,991,4,-18,19,-0.1235352,0.8710938,0.4838867,0.2441406,-1.0986328,1.1596680
4343380,-250,1786,986,4,-18,19,-0.1220703,0.8720703,0.4814453,0.2441406,-1.0986328,1.1596680
4345379,-251,1785,990,2,-17,19,-0.1225586,0.8715820,0.4833984,0.1220703,-1.0375977,1.1596680
4347378,-253,1788,992,3,-17,18,-0.1235352,0.8730469,0.4843750,0.1831055,-1.0375977,1.0986328
4349378,-251,1786,989,2,-17,19,-0.1225586,0.8720703,0.4829102,0.1220703,-1.0375977,1.1596680
4351377,-253,1786,990,3,-18,19,-0.1235352,0.8720703,0.4833984,0.1831055,-1.0986328,1.1596680
4353376,-252,1787,991,3,-18,17,-0.1230469,0.8725586,0.4838867,0.1831055,-1.0986328,1.0375977
4355376,-253,1789,990,4,-17,18,-0.1235352,0.8735352,0.4833984,0.2441406,-1.0375977,1.0986328
4357375,-254,1792,991,4,-18,18,-0.1240234,0.8750000,0.4838867,0.2441406,-1.0986328,1.0986328
4359374,-253,1787,992,3,-17,18,-0.1235352,0.8725586,0.4843750,0.1831055,-1.0375977,1.0986328
4361374,-252,1787,988,3,-17,19,-0.1230469,0.8725586,0.4824219,0.1831055,-1.0375977,1.1596680
4363373,-256,1787,991,3,-17,19,-0.1250000,0.8725586,0.4838867,0.1831055,-1.0375977,1.1596680
4365372,-256,1786,991,3,-17,19,-0.1250000,0.8720703,0.4838867,0.1831055,-1.0375977,1.1596680
4367371,-252,1788,987,4,-18,19,-0.1230469,0.8730469,0.4819336,0.2441406,-1.0986328,1.1596680
4369371,-253,1787,988,4,-18,20,-0.1235352,0.8725586,0.4824219,0.2441406,-1.0986328,1.2207031
4371370,-252,1783,989,4,-18,19,-0.1230469,0.8706055,0.4829102,0.2441406,-1.0986328,1.1596680
4373369,-255,1784,990,4,-19,19,-0.1245117,0.8710938,0.4833984,0.2441406,-1.1596680,1.1596680
4375369,-252,1785,983,3,-18,20,-0.1230469,0.8715820,0.4799805,0.1831055,-1.0986328,1.2207031
4377368,-250,1785,988,4,-18,20,-0.1220703,0.8715820,0.4824219,0.2441406,-1.0986328,1.2207031
4379367,-254,1786,990,4,-17,20,-0.1240234,0.8720703,0.4833984,0.2441406,-1.0375977,1.2207031
4381367,-254,1786,987,3,-19,20,-0.1240234,0.8720703,0.4819336,0.1831055,-1.1596680,1.2207031
4383366,-252,1785,987,2,-19,20,-0.1230469,0.8715820,0.4819336,0.1220703,-1.1596680,1.2207031
4385365,-255,1787,987,4,-18,19,-0.1245117,0.8725586,0.4819336,0.2441406,-1.0986328,1.1596680
4387365,-251,1783,988,3,-18,19,-0.1225586,0.8706055,0.4824219,0.1831055,-1.0986328,1.1596680
4389364,-255,1783,987,3,-19,19,-0.1245117,0.8706055,0.4819336,0.1831055,-1.1596680,1.1596680
4391363,-254,1787,987,2,-19,19,-0.1240234,0.8725586,0.4819336,0.1220703,-1.1596680,1.1596680
4393363,-254,1787,989,3,-17,18,-0.1240234,0.8725586,0.4829102,0.1831055,-1.0375977,1.0986328
4395362,-252,1788,990,3,-18,19,-0.1230469,0.8730469,0.4833984,0.1831055,-1.0986328,1.1596680
4397361,-251,1784,988,1,-18,19,-0.1225586,0.8710938,0.4824219,0.0610352,-1.0986328,1.1596680
4399360,-253,1787,991,4,-18,18,-0.1235352,0.8725586,0.4838867,0.2441406,-1.0986328,1.0986328
4401360,-255,1787,990,4,-18,19,-0.1245117,0.8725586,0.4833984,0.2441406,-1.0986328,1.1596680
4403359,-254,1787,989,3,-18,19,-0.1240234,0.8725586,0.4829102,0.1831055,-1.0986328,1.1596680
4405358,-252,1785,991,4,-18,19,-0.1230469,0.8715820,0.4838867,0.2441406,-1.0986328,1.1596680
4407358,-253,1788,990,4,-18,20,-0.1235352,0.8730469,0.4833984,0.2441406,-1.0986328,1.2207031
4409357,-254,1787,989,3,-19,19,-0.1240234,0.8725586,0.4829102,0.1831055,-1.1596680,1.1596680
4411356,-257,1789,987,5,-17,20,-0.1254883,0.8735352,0.4819336,0.3051758,-1.0375977,1.2207031
4413356,-249,1785,991,5,-18,19,-0.1215820,0.8715820,0.4838867,0.3051758,-1.0986328,1.1596680
4415355,-250,1788,991,4,-18,20,-0.1220703,0.8730469,0.4838867,0.2441406,-1.0986328,1.2207031
4417354,-254,1786,986,2,-18,20,-0.1240234,0.8720703,0.4814453,0.1220703,-1.0986328,1.2207031
4419354,-254,1788,988,3,-19,19,-0.1240234,0.8730469,0.4824219,0.1831055,-1.1596680,1.1596680
4421353,-256,1787,987,4,-16,20,-0.1250000,0.8725586,0.4819336,0.2441406,-0.9765625,1.2207031
4423352,-252,1784,990,3,-17,19,-0.1230469,0.8710938,0.4833984,0.1831055,-1.0375977,1.1596680
4425352,-252,1786,989,4,-18,18,-0.1230469,0.8720703,0.4829102,0.2441406,-1.0986328,1.0986328
4427351,-249,1787,987,3,-18,20,-0.1215820,0.8725586,0.4819336,0.1831055,-1.0986328,1.2207031
4429350,-253,1784,987,4,-18,20,-0.1235352,0.8710938,0.4819336,0.2441406,-1.0986328,1.2207031
4431349,-252,1784,988,1,-18,20,-0.1230469,0.8710938,0.4824219,0.0610352,-1.0986328,1.2207031
4433349,-251,1783,987,3,-19,19,-0.1225586,0.8706055,0.4819336,0.1831055,-1.1596680,1.1596680
4435348,-252,1781,986,1,-19,20,-0.1230469,0.8696289,0.4814453,0.0610352,-1.1596680,1.2207031
4437347,-254,1787,987,3,-18,19,-0.1240234,0.8725586,0.4819336,0.1831055,-1.0986328,1.1596680
4439347,-251,1787,986,2,-17,20,-0.1225586,0.8725586,0.4814453,0.1220703,-1.0375977,1.2207031
4441346,-249,1788,991,3,-17,20,-0.1215820,0.8730469,0.4838867,0.1831055,-1.0375977,1.2207031
4443345,-250,1785,989,2,-18,20,-0.1220703,0.8715820,0.4829102,0.1220703,-1.0986328,1.2207031
4445345,-253,1787,992,3,-18,18,-0.1235352,0.8725586,0.4843750,0.1831055,-1.0986328,1.0986328
4447344,-252,1788,989,4,-18,18,-0.1230469,0.8730469,0.4829102,0.2441406,-1.0986328,1.0986328
4449343,-252,1787,989,3,-17,18,-0.1230469,0.8725586,0.4829102,0.1831055,-1.0375977,1.0986328
4451343,-254,1788,991,3,-18,19,-0.1240234,0.8730469,0.4838867,0.1831055,-1.0986328,1.1596680
4453342,-254,1788,988,3,-18,19,-0.1240234,0.8730469,0.4824219,0.1831055,-1.0986328,1.1596680
4455341,-253,1787,988,4,-18,19,-0.1235352,0.8725586,0.4824219,0.2441406,-1.0986328,1.1596680
4457341,-255,1786,988,4,-17,19,-0.1245117,0.8720703,0.4824219,0.2441406,-1.0375977,1.1596680
4459340,-256,1787,988,2,-17,19,-0.1250000,0.8725586,0.4824219,0.1220703,-1.0375977,1.1596680
4461339,-253,1788,989,3,-17,19,-0.1235352,0.8730469,0.4829102,0.1831055,-1.0375977,1.1596680
4463338,-255,1787,990,4,-17,19,-0.1245117,0.8725586,0.4833984,0.2441406,-1.0375977,1.1596680
4465338,-254,1787,992,4,-17,19,-0.1240234,0.8725586,0.4843750,0.2441406,-1.0375977,1.1596680
4467337,-253,1789,984,2,-19,20,-0.1235352,0.8735352,0.4804688,0.1220703,-1.1596680,1.2207031
4469336,-254,1790,991,3,-18,19,-0.1240234,0.8740234,0.4838867,0.1831055,-1.0986328,1.1596680
4471336,-252,1786,989,4,-17,19,-0.1230469,0.8720703,0.4829102,0.2441406,-1.0375977,1.1596680
4473335,-251,1786,990,3,-18,20,-0.1225586,0.8720703,0.4833984,0.1831055,-1.0986328,1.2207031
4475334,-251,1782,987,4,-18,20,-0.1225586,0.8701172,0.4819336,0.2441406,-1.0986328,1.2207031
4477334,-253,1784,987,2,-17,19,-0.1235352,0.8710938,0.4819336,0.1220703,-1.0375977,1.1596680
4479333,-249,1786,984,4,-18,19,-0.1215820,0.8720703,0.4804688,0.2441406,-1.0986328,1.1596680
4481332,-254,1790,988,2,-18,19,-0.1240234,0.8740234,0.4824219,0.1220703,-1.0986328,1.1596680
4483332,-253,1785,988,3,-18,20,-0.1235352,0.8715820,0.4824219,0.1831055,-1.0986328,1.2207031
4485331,-254,1785,987,3,-18,20,-0.1240234,0.8715820,0.4819336,0.1831055,-1.0986328,1.2207031
4487330,-252,1787,989,4,-18,19,-0.1230469,0.8725586,0.4829102,0.2441406,-1.0986328,1.1596680
4489330,-252,1785,986,3,-18,19,-0.1230469,0.8715820,0.4814453,0.1831055,-1.0986328,1.1596680
4491329,-252,1789,987,3,-18,18,-0.1230469,0.8735352,0.4819336,0.1831055,-1.0986328,1.0986328
4493328,-256,1787,992,3,-18,18,-0.1250000,0.8725586,0.4843750,0.1831055,-1.0986328,1.0986328
4495327,-254,1788,992,4,-18,18,-0.1240234,0.8730469,0.4843750,0.2441406,-1.0986328,1.0986328
4497327,-255,1786,990,3,-18,20,-0.1245117,0.8720703,0.4833984,0.1831055,-1.0986328,1.2207031
4499326,-255,1787,987,3,-19,20,-0.1245117,0.8725586,0.4819336,0.1831055,-1.1596680,1.2207031
4501325,-253,1788,989,3,-17,19,-0.1235352,0.8730469,0.4829102,0.1831055,-1.0375977,1.1596680
4503325,-252,1786,992,4,-18,18,-0.1230469,0.8720703,0.4843750,0.2441406,-1.0986328,1.0986328
4505324,-252,1787,991,4,-17,19,-0.1230469,0.8725586,0.4838867,0.2441406,-1.0375977,1.1596680
4507323,-252,1785,991,2,-17,19,-0.1230469,0.8715820,0.4838867,0.1220703,-1.0375977,1.1596680
4509323,-253,1784,988,4,-17,19,-0.1235352,0.8710938,0.4824219,0.2441406,-1.0375977,1.1596680
4511322,-253,1786,989,3,-17,20,-0.1235352,0.8720703,0.4829102,0.1831055,-1.0375977,1.2207031
4513321,-253,1784,990,4,-18,20,-0.1235352,0.8710938,0.4833984,0.2441406,-1.0986328,1.2207031
4515321,-253,1785,986,3,-18,20,-0.1235352,0.8715820,0.4814453,0.1831055,-1.0986328,1.2207031
4517320,-250,1786,986,2,-17,20,-0.1220703,0.8720703,0.4814453,0.1220703,-1.0375977,1.2207031
4519319,-252,1785,991,2,-18,20,-0.1230469,0.8715820,0.4838867,0.1220703,-1.0986328,1.2207031
4521319,-254,1786,988,3,-18,19,-0.1240234,0.8720703,0.4824219,0.1831055,-1.0986328,1.1596680
4523318,-253,1786,984,4,-18,20,-0.1235352,0.8720703,0.4804688,0.2441406,-1.0986328,1.2207031
4525317,-252,1785,986,2,-18,18,-0.1230469,0.8715820,0.4814453,0.1220703,-1.0986328,1.0986328
4527316,-251,1785,989,3,-18,20,-0.1225586,0.8715820,0.4829102,0.1831055,-1.0986328,1.2207031
4529316,-250,1786,988,3,-19,20,-0.1220703,0.8720703,0.4824219,0.1831055,-1.1596680,1.2207031
4531315,-251,1788,989,4,-18,20,-0.1225586,0.8730469,0.4829102,0.2441406,-1.0986328,1.2207031
4533314,-253,1784,991,3,-18,19,-0.1235352,0.8710938,0.4838867,0.1831055,-1.0986328,1.1596680
4535314,-254,1788,989,3,-17,19,-0.1240234,0.8730469,0.4829102,0.1831055,-1.0375977,1.1596680
4537313,-250,1785,989,2,-18,19,-0.1220703,0.8715820,0.4829102,0.1220703,-1.0986328,1.1596680
4539312,-255,1787,988,3,-17,18,-0.1245117,0.8725586,0.4824219,0.1831055,-1.0375977,1.0986328
4541312,-252,1787,987,3,-17,19,-0.1230469,0.8725586,0.4819336,0.1831055,-1.0375977,1.1596680
4543311,-253,1786,988,4,-18,19,-0.1235352,0.8720703,0.4824219,0.2441406,-1.0986328,1.1596680
4545310,-253,1787,989,2,-19,19,-0.1235352,0.8725586,0.4829102,0.1220703,-1.1596680,1.1596680
4547310,-252,1787,990,4,-18,19,-0.1230469,0.8725586,0.4833984,0.2441406,-1.0986328,1.1596680
4549309,-251,1786,990,3,-18,20,-0.1225586,0.8720703,0.4833984,0.1831055,-1.0986328,1.2207031
4551308,-253,1786,989,4,-17,19,-0.1235352,0.8720703,0.4829102,0.2441406,-1.0375977,1.1596680
4553308,-253,1788,989,4,-18,19,-0.1235352,0.8730469,0.4829102,0.2441406,-1.0986328,1.1596680
4555307,-251,1788,988,3,-18,19,-0.1225586,0.8730469,0.4824219,0.1831055,-1.0986328,1.1596680
4557306,-253,1789,993,3,-18,20,-0.1235352,0.8735352,0.4848633,0.1831055,-1.0986328,1.2207031
4559305,-253,1786,988,4,-18,19,-0.1235352,0.8720703,0.4824219,0.2441406,-1.0986328,1.1596680
4561305,-255,1786,993,3,-17,19,-0.1245117,0.8720703,0.4848633,0.1831055,-1.0375977,1.1596680
4563304,-253,1787,992,5,-18,19,-0.1235352,0.8725586,0.4843750,0.3051758,-1.0986328,1.1596680
4565303,-253,1790,988,4,-17,19,-0.1235352,0.8740234,0.4824219,0.2441406,-1.0375977,1.1596680
4567303,-256,1788,991,4,-18,19,-0.1250000,0.8730469,0.4838867,0.2441406,-1.0986328,1.1596680
4569302,-251,1787,990,3,-17,19,-0.1225586,0.8725586,0.4833984,0.1831055,-1.0375977,1.1596680
4571301,-254,1786,988,3,-19,20,-0.1240234,0.8720703,0.4824219,0.1831055,-1.1596680,1.2207031
4573301,-253,1786,987,3,-17,19,-0.1235352,0.8720703,0.4819336,0.1831055,-1.0375977,1.1596680
4575300,-251,1789,987,2,-17,19,-0.1225586,0.8735352,0.4819336,0.1220703,-1.0375977,1.1596680
4577299,-250,1783,988,2,-18,19,-0.1220703,0.8706055,0.4824219,0.1220703,-1.0986328,1.1596680
4579299,-250,1787,988,1,-18,20,-0.1220703,0.8725586,0.4824219,0.0610352,-1.0986328,1.2207031
4581298,-253,1783,988,3,-18,20,-0.1235352,0.8706055,0.4824219,0.1831055,-1.0986328,1.2207031
4583297,-247,1784,989,3,-18,20,-0.1206055,0.8710938,0.4829102,0.1831055,-1.0986328,1.2207031
4585297,-253,1787,988,2,-19,19,-0.1235352,0.8725586,0.4824219,0.1220703,-1.1596680,1.1596680
4587296,-252,1789,989,3,-18,18,-0.1230469,0.8735352,0.4829102,0.1831055,-1.0986328,1.0986328
4589295,-256,1783,989,3,-18,20,-0.1250000,0.8706055,0.4829102,0.1831055,-1.0986328,1.2207031
4591294,-252,1781,987,2,-19,20,-0.1230469,0.8696289,0.4819336,0.1220703,-1.1596680,1.2207031
4593294,-252,1785,990,2,-18,20,-0.1230469,0.8715820,0.4833984,0.1220703,-1.0986328,1.2207031
4595293,-250,1788,987,4,-18,18,-0.1220703,0.8730469,0.4819336,0.2441406,-1.0986328,1.0986328
4597292,-254,1786,989,4,-18,19,-0.1240234,0.8720703,0.4829102,0.2441406,-1.0986328,1.1596680
4599292,-252,1786,989,4,-17,17,-0.1230469,0.8720703,0.4829102,0.2441406,-1.0375977,1.0375977
4601291,-253,1789,988,3,-18,18,-0.1235352,0.8735352,0.4824219,0.1831055,-1.0986328,1.0986328
4603290,-254,1788,991,5,-18,18,-0.1240234,0.8730469,0.4838867,0.3051758,-1.0986328,1.0986328
4605290,-253,1786,988,3,-17,18,-0.1235352,0.8720703,0.4824219,0.1831055,-1.0375977,1.0986328
4607289,-252,1785,988,4,-17,19,-0.1230469,0.8715820,0.4824219,0.2441406,-1.0375977,1.1596680
4609288,-253,1789,990,5,-17,20,-0.1235352,0.8735352,0.4833984,0.3051758,-1.0375977,1.2207031
4611288,-257,1786,990,4,-19,19,-0.1254883,0.8720703,0.4833984,0.2441406,-1.1596680,1.1596680
4613287,-252,1787,990,4,-18,20,-0.1230469,0.8725586,0.4833984,0.2441406,-1.0986328,1.2207031
4615286,-255,1786,992,3,-18,19,-0.1245117,0.8720703,0.4843750,0.1831055,-1.0986328,1.1596680
4617286,-254,1789,987,4,-17,20,-0.1240234,0.8735352,0.4819336,0.2441406,-1.0375977,1.2207031
4619285,-253,1788,987,4,-19,19,-0.1235352,0.8730469,0.4819336,0.2441406,-1.1596680,1.1596680
4621284,-254,1786,989,3,-18,20,-0.1240234,0.8720703,0.4829102,0.1831055,-1.0986328,1.2207031
4623283,-250,1785,987,3,-18,20,-0.1220703,0.8715820,0.4819336,0.1831055,-1.0986328,1.2207031
4625283,-253,1785,988,2,-18,19,-0.1235352,0.8715820,0.4824219,0.1220703,-1.0986328,1.1596680
4627282,-252,1783,989,3,-18,19,-0.1230469,0.8706055,0.4829102,0.1831055,-1.0986328,1.1596680
4629281,-250,1784,988,3,-18,19,-0.1220703,0.8710938,0.4824219,0.1831055,-1.0986328,1.1596680
4631281,-252,1786,985,2,-17,20,-0.1230469,0.8720703,0.4809570,0.1220703,-1.0375977,1.2207031
4633280,-251,1782,987,2,-17,19,-0.1225586,0.8701172,0.4819336,0.1220703,-1.0375977,1.1596680
4635279,-249,1786,987,5,-18,20,-0.1215820,0.8720703,0.4819336,0.3051758,-1.0986328,1.2207031
4637279,-250,1780,986,3,-18,19,-0.1220703,0.8691406,0.4814453,0.1831055,-1.0986328,1.1596680
4639278,-251,1784,988,3,-18,18,-0.1225586,0.8710938,0.4824219,0.1831055,-1.0986328,1.0986328
4641277,-252,1784,989,3,-18,18,-0.1230469,0.8710938,0.4829102,0.1831055,-1.0986328,1.0986328
4643277,-251,1788,989,2,-18,17,-0.1225586,0.8730469,0.4829102,0.1220703,-1.0986328,1.0375977
4645276,-255,1788,990,3,-17,18,-0.1245117,0.8730469,0.4833984,0.1831055,-1.0375977,1.0986328
4647275,-253,1787,990,4,-18,18,-0.1235352,0.8725586,0.4833984,0.2441406,-1.0986328,1.0986328
4649275,-255,1789,990,4,-17,18,-0.1245117,0.8735352,0.4833984,0.2441406,-1.0375977,1.0986328
4651274,-252,1788,987,2,-18,18,-0.1230469,0.8730469,0.4819336,0.1220703,-1.0986328,1.0986328
4653273,-252,1792,989,2,-17,19,-0.1230469,0.8750000,0.4829102,0.1220703,-1.0375977,1.1596680
4655272,-252,1789,990,4,-17,19,-0.1230469,0.8735352,0.4833984,0.2441406,-1.0375977,1.1596680
4657272,-252,1791,990,4,-17,19,-0.1230469,0.8745117,0.4833984,0.2441406,-1.0375977,1.1596680
4659271,-254,1790,991,4,-18,18,-0.1240234,0.8740234,0.4838867,0.2441406,-1.0986328,1.0986328
4661270,-252,1790,990,3,-18,20,-0.1230469,0.8740234,0.4833984,0.1831055,-1.0986328,1.2207031
4663270,-256,1788,982,5,-18,20,-0.1250000,0.8730469,0.4794922,0.3051758,-1.0986328,1.2207031
4665269,-252,1789,989,4,-18,20,-0.1230469,0.8735352,0.4829102,0.2441406,-1.0986328,1.2207031
4667268,-253,1784,986,3,-18,21,-0.1235352,0.8710938,0.4814453,0.1831055,-1.0986328,1.2817383
4669268,-253,1787,990,4,-17,20,-0.1235352,0.8725586,0.4833984,0.2441406,-1.0375977,1.2207031
4671267,-253,1786,988,5,-18,19,-0.1235352,0.8720703,0.4824219,0.3051758,-1.0986328,1.1596680
4673266,-253,1784,987,4,-19,20,-0.1235352,0.8710938,0.4819336,0.2441406,-1.1596680,1.2207031
4675266,-252,1783,987,4,-18,20,-0.1230469,0.8706055,0.4819336,0.2441406,-1.0986328,1.2207031
4677265,-251,1781,987,3,-18,20,-0.1225586,0.8696289,0.4819336,0.1831055,-1.0986328,1.2207031
4679264,-252,1782,989,2,-19,20,-0.1230469,0.8701172,0.4829102,0.1220703,-1.1596680,1.2207031
4681264,-251,1786,986,3,-17,19,-0.1225586,0.8720703,0.4814453,0.1831055,-1.0375977,1.1596680
4683263,-253,1787,988,2,-18,18,-0.1235352,0.8725586,0.4824219,0.1220703,-1.0986328,1.0986328
4685262,-250,1783,983,4,-18,19,-0.1220703,0.8706055,0.4799805,0.2441406,-1.0986328,1.1596680
4687261,-252,1791,988,3,-18,18,-0.1230469,0.8745117,0.4824219,0.1831055,-1.0986328,1.0986328
4689261,-251,1788,988,4,-17,17,-0.1225586,0.8730469,0.4824219,0.2441406,-1.0375977,1.0375977
4691260,-253,1789,988,4,-18,19,-0.1235352,0.8735352,0.4824219,0.2441406,-1.0986328,1.1596680
4693259,-254,1788,987,3,-18,17,-0.1240234,0.8730469,0.4819336,0.1831055,-1.0986328,1.0375977
4695259,-253,1787,990,3,-19,18,-0.1235352,0.8725586,0.4833984,0.1831055,-1.1596680,1.0986328
4697258,-255,1786,987,5,-17,19,-0.1245117,0.8720703,0.4819336,0.3051758,-1.0375977,1.1596680
4699257,-250,1789,989,3,-17,18,-0.1220703,0.8735352,0.4829102,0.1831055,-1.0375977,1.0986328
4701257,-253,1785,991,4,-17,19,-0.1235352,0.8715820,0.4838867,0.2441406,-1.0375977,1.1596680
4703256,-255,1784,990,3,-18,19,-0.1245117,0.8710938,0.4833984,0.1831055,-1.0986328,1.1596680
4705255,-254,1792,990,3,-18,18,-0.1240234,0.8750000,0.4833984,0.1831055,-1.0986328,1.0986328
4707255,-253,1788,988,4,-18,19,-0.1235352,0.8730469,0.4824219,0.2441406,-1.0986328,1.1596680
4709254,-252,1784,990,4,-17,19,-0.1230469,0.8710938,0.4833984,0.2441406,-1.0375977,1.1596680
4711253,-252,1783,985,4,-17,20,-0.1230469,0.8706055,0.4809570,0.2441406,-1.0375977,1.2207031
4713253,-252,1785,989,4,-18,20,-0.1230469,0.8715820,0.4829102,0.2441406,-1.0986328,1.2207031
4715252,-257,1783,988,4,-18,20,-0.1254883,0.8706055,0.4824219,0.2441406,-1.0986328,1.2207031
4717251,-253,1786,987,4,-18,18,-0.1235352,0.8720703,0.4819336,0.2441406,-1.0986328,1.0986328
4719250,-251,1787,984,4,-18,20,-0.1225586,0.8725586,0.4804688,0.2441406,-1.0986328,1.2207031
4721250,-252,1783,990,4,-19,20,-0.1230469,0.8706055,0.4833984,0.2441406,-1.1596680,1.2207031
4723249,-253,1788,990,3,-18,20,-0.1235352,0.8730469,0.4833984,0.1831055,-1.0986328,1.2207031
4725248,-254,1786,988,3,-18,19,-0.1240234,0.8720703,0.4824219,0.1831055,-1.0986328,1.1596680
4727248,-253,1784,986,3,-18,18,-0.1235352,0.8710938,0.4814453,0.1831055,-1.0986328,1.0986328
4729247,-253,1783,985,2,-19,19,-0.1235352,0.8706055,0.4809570,0.1220703,-1.1596680,1.1596680
4731246,-251,1785,987,3,-19,19,-0.1225586,0.8715820,0.4819336,0.1831055,-1.1596680,1.1596680
4733246,-252,1785,987,3,-17,18,-0.1230469,0.8715820,0.4819336,0.1831055,-1.0375977,1.0986328
4735245,-251,1784,990,3,-17,18,-0.1225586,0.8710938,0.4833984,0.1831055,-1.0375977,1.0986328
4737244,-250,1786,987,3,-17,18,-0.1220703,0.8720703,0.4819336,0.1831055,-1.0375977,1.0986328
4739244,-253,1790,988,3,-18,19,-0.1235352,0.8740234,0.4824219,0.1831055,-1.0986328,1.1596680
4741243,-254,1786,990,3,-17,19,-0.1240234,0.8720703,0.4833984,0.1831055,-1.0375977,1.1596680
4743242,-253,1789,986,3,-18,19,-0.1235352,0.8735352,0.4814453,0.1831055,-1.0986328,1.1596680
4745242,-253,1788,989,4,-18,19,-0.1235352,0.8730469,0.4829102,0.2441406,-1.0986328,1.1596680
4747241,-253,1789,990,4,-18,20,-0.1235352,0.8735352,0.4833984,0.2441406,-1.0986328,1.2207031
4749240,-250,1787,991,4,-17,18,-0.1220703,0.8725586,0.4838867,0.2441406,-1.0375977,1.0986328
4751239,-254,1787,986,3,-17,19,-0.1240234,0.8725586,0.4814453,0.1831055,-1.0375977,1.1596680
4753239,-251,1787,989,4,-17,20,-0.1225586,0.8725586,0.4829102,0.2441406,-1.0375977,1.2207031
4755238,-251,1786,985,3,-17,19,-0.1225586,0.8720703,0.4809570,0.1831055,-1.0375977,1.1596680
4757237,-249,1783,988,3,-17,19,-0.1215820,0.8706055,0.4824219,0.1831055,-1.0375977,1.1596680
4759237,-252,1785,988,4,-17,19,-0.1230469,0.8715820,0.4824219,0.2441406,-1.0375977,1.1596680
4761236,-252,1787,988,5,-18,20,-0.1230469,0.8725586,0.4824219,0.3051758,-1.0986328,1.2207031
4763235,-250,1782,989,3,-19,20,-0.1220703,0.8701172,0.4829102,0.1831055,-1.1596680,1.2207031
4765235,-253,1785,986,3,-18,19,-0.1235352,0.8715820,0.4814453,0.1831055,-1.0986328,1.1596680
4767234,-251,1786,985,3,-18,19,-0.1225586,0.8720703,0.4809570,0.1831055,-1.0986328,1.1596680
4769233,-255,1787,987,3,-19,19,-0.1245117,0.8725586,0.4819336,0.1831055,-1.1596680,1.1596680
4771233,-253,1785,987,3,-19,19,-0.1235352,0.8715820,0.4819336,0.1831055,-1.1596680,1.1596680
4773232,-255,1789,987,3,-17,18,-0.1245117,0.8735352,0.4819336,0.1831055,-1.0375977,1.0986328
4775231,-252,1786,985,3,-17,20,-0.1230469,0.8720703,0.4809570,0.1831055,-1.0375977,1.2207031
4777231,-250,1786,987,4,-17,19,-0.1220703,0.8720703,0.4819336,0.2441406,-1.0375977,1.1596680
4779230,-251,1787,990,4,-18,19,-0.1225586,0.8725586,0.4833984,0.2441406,-1.0986328,1.1596680
4781229,-252,1788,990,2,-18,19,-0.1230469,0.8730469,0.4833984,0.1220703,-1.0986328,1.1596680
4783228,-252,1785,990,3,-18,19,-0.1230469,0.8715820,0.4833984,0.1831055,-1.0986328,1.1596680
4785228,-253,1788,985,3,-17,19,-0.1235352,0.8730469,0.4809570,0.1831055,-1.0375977,1.1596680
4787227,-249,1786,986,4,-18,19,-0.1215820,0.8720703,0.4814453,0.2441406,-1.0986328,1.1596680
4789226,-252,1783,986,4,-19,19,-0.1230469,0.8706055,0.4814453,0.2441406,-1.1596680,1.1596680
4791226,-256,1790,989,3,-17,19,-0.1250000,0.8740234,0.4829102,0.1831055,-1.0375977,1.1596680
4793225,-251,1788,988,3,-17,19,-0.1225586,0.8730469,0.4824219,0.1831055,-1.0375977,1.1596680
4795224,-252,1787,984,4,-18,20,-0.1230469,0.8725586,0.4804688,0.2441406,-1.0986328,1.2207031
4797224,-251,1785,986,4,-17,18,-0.1225586,0.8715820,0.4814453,0.2441406,-1.0375977,1.0986328
4799223,-252,1787,986,3,-17,18,-0.1230469,0.8725586,0.4814453,0.1831055,-1.0375977,1.0986328
4801222,-251,1786,989,3,-17,18,-0.1225586,0.8720703,0.4829102,0.1831055,-1.0375977,1.0986328
4803222,-253,1782,987,5,-18,19,-0.1235352,0.8701172,0.4819336,0.3051758,-1.0986328,1.1596680
4805221,-250,1787,987,4,-18,19,-0.1220703,0.8725586,0.4819336,0.2441406,-1.0986328,1.1596680
4807220,-253,1785,986,2,-19,18,-0.1235352,0.8715820,0.4814453,0.1220703,-1.1596680,1.0986328
4809220,-256,1784,987,3,-17,18,-0.1250000,0.8710938,0.4819336,0.1831055,-1.0375977,1.0986328
4811219,-256,1783,985,3,-18,18,-0.1250000,0.8706055,0.4809570,0.1831055,-1.0986328,1.0986328
4813218,-250,1785,988,3,-18,18,-0.1220703,0.8715820,0.4824219,0.1831055,-1.0986328,1.0986328
4815217,-256,1785,989,3,-19,20,-0.1250000,0.8715820,0.4829102,0.1831055,-1.1596680,1.2207031
4817217,-255,1789,991,3,-19,19,-0.1245117,0.8735352,0.4838867,0.1831055,-1.1596680,1.1596680
4819216,-254,1786,988,4,-17,19,-0.1240234,0.8720703,0.4824219,0.2441406,-1.0375977,1.1596680
4821215,-256,1786,991,4,-17,20,-0.1250000,0.8720703,0.4838867,0.2441406,-1.0375977,1.2207031
4823215,-251,1787,988,4,-17,20,-0.1225586,0.8725586,0.4824219,0.2441406,-1.0375977,1.2207031
4825214,-253,1785,989,3,-19,19,-0.1235352,0.8715820,0.4829102,0.1831055,-1.1596680,1.1596680
4827213,-255,1786,991,3,-18,19,-0.1245117,0.8720703,0.4838867,0.1831055,-1.0986328,1.1596680
4829213,-251,1788,989,4,-17,20,-0.1225586,0.8730469,0.4829102,0.2441406,-1.0375977,1.2207031
4831212,-249,1789,987,3,-17,19,-0.1215820,0.8735352,0.4819336,0.1831055,-1.0375977,1.1596680
4833211,-256,1787,986,6,-17,19,-0.1250000,0.8725586,0.4814453,0.3662109,-1.0375977,1.1596680
4835211,-252,1787,986,4,-19,20,-0.1230469,0.8725586,0.4814453,0.2441406,-1.1596680,1.2207031
4837210,-254,1784,989,3,-18,20,-0.1240234,0.8710938,0.4829102,0.1831055,-1.0986328,1.2207031
4839209,-253,1785,985,4,-18,19,-0.1235352,0.8715820,0.4809570,0.2441406,-1.0986328,1.1596680
4841209,-252,1785,987,4,-18,19,-0.1230469,0.8715820,0.4819336,0.2441406,-1.0986328,1.1596680
4843208,-253,1785,988,4,-18,19,-0.1235352,0.8715820,0.4824219,0.2441406,-1.0986328,1.1596680
4845207,-250,1783,986,3,-18,18,-0.1220703,0.8706055,0.4814453,0.1831055,-1.0986328,1.0986328
4847206,-252,1783,984,3,-19,19,-0.1230469,0.8706055,0.4804688,0.1831055,-1.1596680,1.1596680
4849206,-252,1784,986,2,-18,19,-0.1230469,0.8710938,0.4814453,0.1220703,-1.0986328,1.1596680
4851205,-254,1784,986,3,-19,19,-0.1240234,0.8710938,0.4814453,0.1831055,-1.1596680,1.1596680
4853204,-253,1785,988,3,-18,18,-0.1235352,0.8715820,0.4824219,0.1831055,-1.0986328,1.0986328
4855204,-253,1784,988,3,-17,19,-0.1235352,0.8710938,0.4824219,0.1831055,-1.0375977,1.1596680
4857203,-254,1784,986,4,-18,18,-0.1240234,0.8710938,0.4814453,0.2441406,-1.0986328,1.0986328
4859202,-253,1786,987,4,-19,18,-0.1235352,0.8720703,0.4819336,0.2441406,-1.1596680,1.0986328
4861202,-253,1790,989,4,-18,19,-0.1235352,0.8740234,0.4829102,0.2441406,-1.0986328,1.1596680
4863201,-250,1791,988,3,-17,19,-0.1220703,0.8745117,0.4824219,0.1831055,-1.0375977,1.1596680
4865200,-253,1786,987,3,-18,20,-0.1235352,0.8720703,0.4819336,0.1831055,-1.0986328,1.2207031
4867200,-252,1789,990,4,-18,20,-0.1230469,0.8735352,0.4833984,0.2441406,-1.0986328,1.2207031
4869199,-252,1788,987,3,-17,19,-0.1230469,0.8730469,0.4819336,0.1831055,-1.0375977,1.1596680
4871198,-251,1786,986,2,-16,20,-0.1225586,0.8720703,0.4814453,0.1220703,-0.9765625,1.2207031
4873198,-253,1786,985,3,-16,19,-0.1235352,0.8720703,0.4809570,0.1831055,-0.9765625,1.1596680
4875197,-252,1787,987,4,-17,19,-0.1230469,0.8725586,0.4819336,0.2441406,-1.0375977,1.1596680
4877196,-253,1784,989,2,-19,20,-0.1235352,0.8710938,0.4829102,0.1220703,-1.1596680,1.2207031
4879195,-254,1784,987,4,-20,19,-0.1240234,0.8710938,0.4819336,0.2441406,-1.2207031,1.1596680
4881195,-254,1785,985,3,-19,19,-0.1240234,0.8715820,0.4809570,0.1831055,-1.1596680,1.1596680
4883194,-254,1784,987,2,-17,20,-0.1240234,0.8710938,0.4819336,0.1220703,-1.0375977,1.2207031
4885193,-253,1786,986,3,-18,19,-0.1235352,0.8720703,0.4814453,0.1831055,-1.0986328,1.1596680
4887193,-249,1784,987,4,-18,19,-0.1215820,0.8710938,0.4819336,0.2441406,-1.0986328,1.1596680
4889192,-253,1785,986,3,-19,19,-0.1235352,0.8715820,0.4814453,0.1831055,-1.1596680,1.1596680
4891191,-256,1788,987,3,-17,19,-0.1250000,0.8730469,0.4819336,0.1831055,-1.0375977,1.1596680
4893191,-255,1787,985,3,-17,19,-0.1245117,0.8725586,0.4809570,0.1831055,-1.0375977,1.1596680
4895190,-253,1783,986,4,-19,19,-0.1235352,0.8706055,0.4814453,0.2441406,-1.1596680,1.1596680
4897189,-252,1787,988,4,-18,19,-0.1230469,0.8725586,0.4824219,0.2441406,-1.0986328,1.1596680
4899189,-256,1786,989,3,-19,18,-0.1250000,0.8720703,0.4829102,0.1831055,-1.1596680,1.0986328
4901188,-252,1787,989,4,-18,18,-0.1230469,0.8725586,0.4829102,0.2441406,-1.0986328,1.0986328
4903187,-253,1790,989,4,-17,18,-0.1235352,0.8740234,0.4829102,0.2441406,-1.0375977,1.0986328
4905187,-250,1784,989,2,-17,20,-0.1220703,0.8710938,0.4829102,0.1220703,-1.0375977,1.2207031
4907186,-251,1789,993,3,-18,18,-0.1225586,0.8735352,0.4848633,0.1831055,-1.0986328,1.0986328
4909185,-254,1786,988,4,-18,19,-0.1240234,0.8720703,0.4824219,0.2441406,-1.0986328,1.1596680
4911184,-254,1785,991,4,-18,19,-0.1240234,0.8715820,0.4838867,0.2441406,-1.0986328,1.1596680
4913184,-253,1784,990,2,-17,20,-0.1235352,0.8710938,0.4833984,0.1220703,-1.0375977,1.2207031
4915183,-250,1787,990,3,-18,19,-0.1220703,0.8725586,0.4833984,0.1831055,-1.0986328,1.1596680
4917182,-251,1784,987,4,-19,19,-0.1225586,0.8710938,0.4819336,0.2441406,-1.1596680,1.1596680
4919182,-253,1785,989,4,-17,19,-0.1235352,0.8715820,0.4829102,0.2441406,-1.0375977,1.1596680
4921181,-253,1785,990,4,-18,20,-0.1235352,0.8715820,0.4833984,0.2441406,-1.0986328,1.2207031
4923180,-251,1789,990,3,-18,20,-0.1225586,0.8735352,0.4833984,0.1831055,-1.0986328,1.2207031
4925180,-250,1785,986,4,-17,20,-0.1220703,0.8715820,0.4814453,0.2441406,-1.0375977,1.2207031
4927179,-255,1784,986,3,-19,20,-0.1245117,0.8710938,0.4814453,0.1831055,-1.1596680,1.2207031
4929178,-252,1783,985,3,-17,20,-0.1230469,0.8706055,0.4809570,0.1831055,-1.0375977,1.2207031
4931178,-253,1784,987,3,-19,19,-0.1235352,0.8710938,0.4819336,0.1831055,-1.1596680,1.1596680
4933177,-250,1785,986,3,-18,19,-0.1220703,0.8715820,0.4814453,0.1831055,-1.0986328,1.1596680
4935176,-251,1785,984,3,-19,19,-0.1225586,0.8715820,0.4804688,0.1831055,-1.1596680,1.1596680
4937176,-257,1788,986,3,-18,20,-0.1254883,0.8730469,0.4814453,0.1831055,-1.0986328,1.2207031
4939175,-254,1787,986,3,-18,19,-0.1240234,0.8725586,0.4814453,0.1831055,-1.0986328,1.1596680
4941174,-250,1786,987,3,-18,18,-0.1220703,0.8720703,0.4819336,0.1831055,-1.0986328,1.0986328
4943173,-250,1788,986,2,-18,18,-0.1220703,0.8730469,0.4814453,0.1220703,-1.0986328,1.0986328
4945173,-253,1788,991,1,-19,19,-0.1235352,0.8730469,0.4838867,0.0610352,-1.1596680,1.1596680
4947172,-251,1788,988,2,-18,18,-0.1225586,0.8730469,0.4824219,0.1220703,-1.0986328,1.0986328
4949171,-251,1788,987,2,-18,18,-0.1225586,0.8730469,0.4819336,0.1220703,-1.0986328,1.0986328
4951171,-254,1789,990,3,-18,18,-0.1240234,0.8735352,0.4833984,0.1831055,-1.0986328,1.0986328
4953170,-253,1788,989,4,-18,19,-0.1235352,0.8730469,0.4829102,0.2441406,-1.0986328,1.1596680
4955169,-254,1789,986,3,-18,20,-0.1240234,0.8735352,0.4814453,0.1831055,-1.0986328,1.2207031
4957169,-256,1791,988,4,-18,19,-0.1250000,0.8745117,0.4824219,0.2441406,-1.0986328,1.1596680
4959168,-253,1787,991,3,-17,19,-0.1235352,0.8725586,0.4838867,0.1831055,-1.0375977,1.1596680
4961167,-250,1784,990,3,-16,19,-0.1220703,0.8710938,0.4833984,0.1831055,-0.9765625,1.1596680
4963167,-252,1784,990,4,-16,19,-0.1230469,0.8710938,0.4833984,0.2441406,-0.9765625,1.1596680
4965166,-252,1786,991,4,-17,20,-0.1230469,0.8720703,0.4838867,0.2441406,-1.0375977,1.2207031
4967165,-251,1786,986,4,-18,19,-0.1225586,0.8720703,0.4814453,0.2441406,-1.0986328,1.1596680
4969165,-253,1786,987,3,-18,19,-0.1235352,0.8720703,0.4819336,0.1831055,-1.0986328,1.1596680
4971164,-251,1786,986,4,-19,20,-0.1225586,0.8720703,0.4814453,0.2441406,-1.1596680,1.2207031
4973163,-251,1783,985,4,-19,20,-0.1225586,0.8706055,0.4809570,0.2441406,-1.1596680,1.2207031
4975162,-252,1783,988,4,-18,20,-0.1230469,0.8706055,0.4824219,0.2441406,-1.0986328,1.2207031
4977162,-252,1783,984,2,-17,19,-0.1230469,0.8706055,0.4804688,0.1220703,-1.0375977,1.1596680
4979161,-251,1786,987,3,-18,19,-0.1225586,0.8720703,0.4819336,0.1831055,-1.0986328,1.1596680
4981160,-249,1785,986,3,-18,20,-0.1215820,0.8715820,0.4814453,0.1831055,-1.0986328,1.2207031
4983160,-255,1788,985,3,-19,19,-0.1245117,0.8730469,0.4809570,0.1831055,-1.1596680,1.1596680
4985159,-255,1786,987,3,-18,18,-0.1245117,0.8720703,0.4819336,0.1831055,-1.0986328,1.0986328
4987158,-253,1787,990,4,-17,18,-0.1235352,0.8725586,0.4833984,0.2441406,-1.0375977,1.0986328
4989158,-252,1785,988,4,-19,19,-0.1230469,0.8715820,0.4824219,0.2441406,-1.1596680,1.1596680
4991157,-248,1786,988,3,-18,19,-0.1210938,0.8720703,0.4824219,0.1831055,-1.0986328,1.1596680
4993156,-256,1788,990,4,-18,18,-0.1250000,0.8730469,0.4833984,0.2441406,-1.0986328,1.0986328
4995156,-256,1786,991,4,-19,19,-0.1250000,0.8720703,0.4838867,0.2441406,-1.1596680,1.1596680
4997155,-252,1789,989,4,-18,19,-0.1230469,0.8735352,0.4829102,0.2441406,-1.0986328,1.1596680
4999154,-251,1786,990,3,-18,19,-0.1225586,0.8720703,0.4833984,0.1831055,-1.0986328,1.1596680
5001154,-250,1788,988,4,-18,20,-0.1220703,0.8730469,0.4824219,0.2441406,-1.0986328,1.2207031
5003153,-253,1789,991,4,-17,20,-0.1235352,0.8735352,0.4838867,0.2441406,-1.0375977,1.2207031
5005152,-252,1787,989,3,-18,19,-0.1230469,0.8725586,0.4829102,0.1831055,-1.0986328,1.1596680
5007151,-252,1785,988,4,-18,20,-0.1230469,0.8715820,0.4824219,0.2441406,-1.0986328,1.2207031
5009151,-249,1784,988,3,-17,21,-0.1215820,0.8710938,0.4824219,0.1831055,-1.0375977,1.2817383
5011150,-253,1786,989,3,-19,21,-0.1235352,0.8720703,0.4829102,0.1831055,-1.1596680,1.2817383
5013149,-253,1783,988,3,-18,20,-0.1235352,0.8706055,0.4824219,0.1831055,-1.0986328,1.2207031
5015149,-253,1781,989,4,-18,20,-0.1235352,0.8696289,0.4829102,0.2441406,-1.0986328,1.2207031
5017148,-247,1787,986,5,-18,19,-0.1206055,0.8725586,0.4814453,0.3051758,-1.0986328,1.1596680
5019147,-250,1785,984,4,-19,21,-0.1220703,0.8715820,0.4804688,0.2441406,-1.1596680,1.2817383
5021147,-253,1786,987,3,-20,19,-0.1235352,0.8720703,0.4819336,0.1831055,-1.2207031,1.1596680
5023146,-255,1784,989,4,-19,18,-0.1245117,0.8710938,0.4829102,0.2441406,-1.1596680,1.0986328
5025145,-255,1785,985,3,-18,20,-0.1245117,0.8715820,0.4809570,0.1831055,-1.0986328,1.2207031
5027145,-252,1787,988,3,-18,19,-0.1230469,0.8725586,0.4824219,0.1831055,-1.0986328,1.1596680
5029144,-250,1788,991,3,-19,18,-0.1220703,0.8730469,0.4838867,0.1831055,-1.1596680,1.0986328
5031143,-255,1786,989,2,-18,19,-0.1245117,0.8720703,0.4829102,0.1220703,-1.0986328,1.1596680
5033143,-255,1788,987,3,-17,18,-0.1245117,0.8730469,0.4819336,0.1831055,-1.0375977,1.0986328
5035142,-254,1790,991,3,-18,19,-0.1240234,0.8740234,0.4838867,0.1831055,-1.0986328,1.1596680
5037141,-252,1788,989,4,-18,18,-0.1230469,0.8730469,0.4829102,0.2441406,-1.0986328,1.0986328
5039140,-250,1787,987,2,-18,19,-0.1220703,0.8725586,0.4819336,0.1220703,-1.0986328,1.1596680
5041140,-255,1787,988,3,-18,20,-0.1245117,0.8725586,0.4824219,0.1831055,-1.0986328,1.2207031
5043139,-254,1785,989,3,-17,19,-0.1240234,0.8715820,0.4829102,0.1831055,-1.0375977,1.1596680
5045138,-250,1786,987,3,-17,19,-0.1220703,0.8720703,0.4819336,0.1831055,-1.0375977,1.1596680
5047138,-251,1785,990,4,-18,20,-0.1225586,0.8715820,0.4833984,0.2441406,-1.0986328,1.2207031
5049137,-254,1785,989,3,-18,19,-0.1240234,0.8715820,0.4829102,0.1831055,-1.0986328,1.1596680
5051136,-251,1783,990,4,-17,19,-0.1225586,0.8706055,0.4833984,0.2441406,-1.0375977,1.1596680
5053136,-253,1785,991,3,-17,19,-0.1235352,0.8715820,0.4838867,0.1831055,-1.0375977,1.1596680
5055135,-249,1786,986,3,-18,19,-0.1215820,0.8720703,0.4814453,0.1831055,-1.0986328,1.1596680
5057134,-251,1786,987,3,-18,20,-0.1225586,0.8720703,0.4819336,0.1831055,-1.0986328,1.2207031
5059134,-255,1787,984,3,-19,20,-0.1245117,0.8725586,0.4804688,0.1831055,-1.1596680,1.2207031
5061133,-253,1786,983,4,-19,18,-0.1235352,0.8720703,0.4799805,0.2441406,-1.1596680,1.0986328
5063132,-259,1785,988,4,-18,18,-0.1264648,0.8715820,0.4824219,0.2441406,-1.0986328,1.0986328
5065132,-253,1784,988,2,-19,18,-0.1235352,0.8710938,0.4824219,0.1220703,-1.1596680,1.0986328
5067131,-253,1786,988,2,-19,20,-0.1235352,0.8720703,0.4824219,0.1220703,-1.1596680,1.2207031
5069130,-251,1785,985,3,-18,19,-0.1225586,0.8715820,0.4809570,0.1831055,-1.0986328,1.1596680
5071129,-253,1785,985,3,-18,20,-0.1235352,0.8715820,0.4809570,0.1831055,-1.0986328,1.2207031
5073129,-253,1788,986,3,-19,18,-0.1235352,0.8730469,0.4814453,0.1831055,-1.1596680,1.0986328
5075128,-251,1786,988,4,-18,19,-0.1225586,0.8720703,0.4824219,0.2441406,-1.0986328,1.1596680
5077127,-256,1785,989,3,-17,19,-0.1250000,0.8715820,0.4829102,0.1831055,-1.0375977,1.1596680
5079127,-256,1786,991,4,-17,19,-0.1250000,0.8720703,0.4838867,0.2441406,-1.0375977,1.1596680
5081126,-252,1785,991,2,-18,19,-0.1230469,0.8715820,0.4838867,0.1220703,-1.0986328,1.1596680
5083125,-249,1787,989,3,-18,19,-0.1215820,0.8725586,0.4829102,0.1831055,-1.0986328,1.1596680
5085125,-252,1788,988,2,-18,19,-0.1230469,0.8730469,0.4824219,0.1220703,-1.0986328,1.1596680
5087124,-251,1787,988,4,-18,19,-0.1225586,0.8725586,0.4824219,0.2441406,-1.0986328,1.1596680
5089123,-255,1787,989,3,-18,18,-0.1245117,0.8725586,0.4829102,0.1831055,-1.0986328,1.0986328
5091123,-252,1788,988,4,-16,19,-0.1230469,0.8730469,0.4824219,0.2441406,-0.9765625,1.1596680
5093122,-250,1786,986,4,-17,20,-0.1220703,0.8720703,0.4814453,0.2441406,-1.0375977,1.2207031
5095121,-254,1785,988,3,-18,19,-0.1240234,0.8715820,0.4824219,0.1831055,-1.0986328,1.1596680
5097121,-252,1785,987,5,-18,20,-0.1230469,0.8715820,0.4819336,0.3051758,-1.0986328,1.2207031
5099120,-255,1783,985,3,-17,19,-0.1245117,0.8706055,0.4809570,0.1831055,-1.0375977,1.1596680
5101119,-253,1785,985,3,-18,20,-0.1235352,0.8715820,0.4809570,0.1831055,-1.0986328,1.2207031
5103118,-253,1785,985,4,-18,19,-0.1235352,0.8715820,0.4809570,0.2441406,-1.0986328,1.1596680
5105118,-248,1785,986,2,-18,20,-0.1210938,0.8715820,0.4814453,0.1220703,-1.0986328,1.2207031
5107117,-254,1783,985,3,-19,20,-0.1240234,0.8706055,0.4809570,0.1831055,-1.1596680,1.2207031
5109116,-254,1783,986,2,-17,20,-0.1240234,0.8706055,0.4814453,0.1220703,-1.0375977,1.2207031
5111116,-249,1784,987,4,-18,19,-0.1215820,0.8710938,0.4819336,0.2441406,-1.0986328,1.1596680
5113115,-254,1785,992,3,-19,19,-0.1240234,0.8715820,0.4843750,0.1831055,-1.1596680,1.1596680
5115114,-251,1785,988,2,-19,20,-0.1225586,0.8715820,0.4824219,0.1220703,-1.1596680,1.2207031
5117114,-253,1785,989,3,-19,20,-0.1235352,0.8715820,0.4829102,0.1831055,-1.1596680,1.2207031
5119113,-252,1788,987,4,-17,19,-0.1230469,0.8730469,0.4819336,0.2441406,-1.0375977,1.1596680
5121112,-253,1789,989,3,-18,19,-0.1235352,0.8735352,0.4829102,0.1831055,-1.0986328,1.1596680
5123112,-255,1792,988,3,-17,19,-0.1245117,0.8750000,0.4824219,0.1831055,-1.0375977,1.1596680
5125111,-254,1787,986,4,-17,19,-0.1240234,0.8725586,0.4814453,0.2441406,-1.0375977,1.1596680
5127110,-255,1787,990,3,-16,19,-0.1245117,0.8725586,0.4833984,0.1831055,-0.9765625,1.1596680
5129110,-250,1784,989,4,-18,19,-0.1220703,0.8710938,0.4829102,0.2441406,-1.0986328,1.1596680
5131109,-252,1785,987,4,-19,18,-0.1230469,0.8715820,0.4819336,0.2441406,-1.1596680,1.0986328
5133108,-250,1786,986,4,-17,19,-0.1220703,0.8720703,0.4814453,0.2441406,-1.0375977,1.1596680
5135107,-250,1786,988,4,-18,19,-0.1220703,0.8720703,0.4824219,0.2441406,-1.0986328,1.1596680
5137107,-253,1786,988,4,-19,20,-0.1235352,0.8720703,0.4824219,0.2441406,-1.1596680,1.2207031
5139106,-253,1784,984,3,-18,20,-0.1235352,0.8710938,0.4804688,0.1831055,-1.0986328,1.2207031
5141105,-249,1786,987,4,-18,18,-0.1215820,0.8720703,0.4819336,0.2441406,-1.0986328,1.0986328
5143105,-251,1785,988,4,-17,19,-0.1225586,0.8715820,0.4824219,0.2441406,-1.0375977,1.1596680
5145104,-254,1782,984,5,-18,20,-0.1240234,0.8701172,0.4804688,0.3051758,-1.0986328,1.2207031
5147103,-252,1787,985,4,-18,19,-0.1230469,0.8725586,0.4809570,0.2441406,-1.0986328,1.1596680
5149103,-252,1787,987,3,-18,20,-0.1230469,0.8725586,0.4819336,0.1831055,-1.0986328,1.2207031
5151102,-253,1785,988,3,-17,20,-0.1235352,0.8715820,0.4824219,0.1831055,-1.0375977,1.2207031
5153101,-253,1787,991,3,-19,19,-0.1235352,0.8725586,0.4838867,0.1831055,-1.1596680,1.1596680
5155101,-253,1790,989,5,-18,18,-0.1235352,0.8740234,0.4829102,0.3051758,-1.0986328,1.0986328
5157100,-255,1786,991,3,-18,19,-0.1245117,0.8720703,0.4838867,0.1831055,-1.0986328,1.1596680
5159099,-255,1786,991,4,-18,20,-0.1245117,0.8720703,0.4838867,0.2441406,-1.0986328,1.2207031
5161099,-254,1785,987,3,-18,19,-0.1240234,0.8715820,0.4819336,0.1831055,-1.0986328,1.1596680
5163098,-252,1788,988,3,-18,20,-0.1230469,0.8730469,0.4824219,0.1831055,-1.0986328,1.2207031
5165097,-254,1788,986,3,-17,20,-0.1240234,0.8730469,0.4814453,0.1831055,-1.0375977,1.2207031
5167096,-255,1790,987,3,-19,20,-0.1245117,0.8740234,0.4819336,0.1831055,-1.1596680,1.2207031
5169096,-255,1784,990,3,-18,19,-0.1245117,0.8710938,0.4833984,0.1831055,-1.0986328,1.1596680
5171095,-254,1786,989,3,-17,20,-0.1240234,0.8720703,0.4829102,0.1831055,-1.0375977,1.2207031
5173094,-253,1786,988,3,-18,20,-0.1235352,0.8720703,0.4824219,0.1831055,-1.0986328,1.2207031
5175094,-254,1784,990,4,-19,20,-0.1240234,0.8710938,0.4833984,0.2441406,-1.1596680,1.2207031
5177093,-252,1784,987,4,-17,20,-0.1230469,0.8710938,0.4819336,0.2441406,-1.0375977,1.2207031
5179092,-251,1784,987,4,-19,20,-0.1225586,0.8710938,0.4819336,0.2441406,-1.1596680,1.2207031
5181092,-252,1785,986,3,-18,18,-0.1230469,0.8715820,0.4814453,0.1831055,-1.0986328,1.0986328
5183091,-253,1782,988,2,-18,19,-0.1235352,0.8701172,0.4824219,0.1220703,-1.0986328,1.1596680
5185090,-252,1784,985,4,-18,19,-0.1230469,0.8710938,0.4809570,0.2441406,-1.0986328,1.1596680
5187090,-254,1784,990,2,-18,19,-0.1240234,0.8710938,0.4833984,0.1220703,-1.0986328,1.1596680
5189089,-251,1782,986,4,-18,19,-0.1225586,0.8701172,0.4814453,0.2441406,-1.0986328,1.1596680
5191088,-255,1788,987,1,-19,19,-0.1245117,0.8730469,0.4819336,0.0610352,-1.1596680,1.1596680
5193088,-254,1784,988,3,-18,19,-0.1240234,0.8710938,0.4824219,0.1831055,-1.0986328,1.1596680
5195087,-253,1784,987,3,-19,18,-0.1235352,0.8710938,0.4819336,0.1831055,-1.1596680,1.0986328
5197086,-253,1785,987,3,-18,19,-0.1235352,0.8715820,0.4819336,0.1831055,-1.0986328,1.1596680
5199085,-250,1787,989,3,-18,19,-0.1220703,0.8725586,0.4829102,0.1831055,-1.0986328,1.1596680
5201085,-256,1787,988,3,-18,20,-0.1250000,0.8725586,0.4824219,0.1831055,-1.0986328,1.2207031
5203084,-253,1786,989,4,-18,19,-0.1235352,0.8720703,0.4829102,0.2441406,-1.0986328,1.1596680
5205083,-251,1787,989,3,-19,18,-0.1225586,0.8725586,0.4829102,0.1831055,-1.1596680,1.0986328
5207083,-255,1789,987,4,-18,18,-0.1245117,0.8735352,0.4819336,0.2441406,-1.0986328,1.0986328
5209082,-254,1788,989,4,-17,19,-0.1240234,0.8730469,0.4829102,0.2441406,-1.0375977,1.1596680
5211081,-252,1790,991,2,-18,20,-0.1230469,0.8740234,0.4838867,0.1220703,-1.0986328,1.2207031
5213081,-253,1784,988,3,-17,18,-0.1235352,0.8710938,0.4824219,0.1831055,-1.0375977,1.0986328
5215080,-253,1788,987,4,-18,20,-0.1235352,0.8730469,0.4819336,0.2441406,-1.0986328,1.2207031
5217079,-252,1785,988,3,-18,20,-0.1230469,0.8715820,0.4824219,0.1831055,-1.0986328,1.2207031
5219079,-252,1785,987,3,-18,20,-0.1230469,0.8715820,0.4819336,0.1831055,-1.0986328,1.2207031
5221078,-251,1786,987,3,-17,20,-0.1225586,0.8720703,0.4819336,0.1831055,-1.0375977,1.2207031
5223077,-252,1786,985,4,-18,20,-0.1230469,0.8720703,0.4809570,0.2441406,-1.0986328,1.2207031
5225077,-251,1786,988,4,-17,20,-0.1225586,0.8720703,0.4824219,0.2441406,-1.0375977,1.2207031
5227076,-251,1787,988,3,-18,19,-0.1225586,0.8725586,0.4824219,0.1831055,-1.0986328,1.1596680
5229075,-250,1788,986,3,-18,18,-0.1220703,0.8730469,0.4814453,0.1831055,-1.0986328,1.0986328
5231074,-253,1784,987,3,-18,20,-0.1235352,0.8710938,0.4819336,0.1831055,-1.0986328,1.2207031
5233074,-254,1788,986,3,-17,20,-0.1240234,0.8730469,0.4814453,0.1831055,-1.0375977,1.2207031
5235073,-251,1783,989,3,-18,19,-0.1225586,0.8706055,0.4829102,0.1831055,-1.0986328,1.1596680
5237072,-250,1785,988,2,-18,19,-0.1220703,0.8715820,0.4824219,0.1220703,-1.0986328,1.1596680
5239072,-252,1786,987,2,-18,18,-0.1230469,0.8720703,0.4819336,0.1220703,-1.0986328,1.0986328
5241071,-255,1783,988,3,-18,18,-0.1245117,0.8706055,0.4824219,0.1831055,-1.0986328,1.0986328
5243070,-254,1787,986,3,-18,19,-0.1240234,0.8725586,0.4814453,0.1831055,-1.0986328,1.1596680
5245070,-251,1784,986,3,-19,20,-0.1225586,0.8710938,0.4814453,0.1831055,-1.1596680,1.2207031
5247069,-255,1787,987,3,-18,19,-0.1245117,0.8725586,0.4819336,0.1831055,-1.0986328,1.1596680
5249068,-254,1785,989,3,-17,19,-0.1240234,0.8715820,0.4829102,0.1831055,-1.0375977,1.1596680
5251068,-252,1788,989,3,-18,19,-0.1230469,0.8730469,0.4829102,0.1831055,-1.0986328,1.1596680
5253067,-254,1787,991,2,-18,20,-0.1240234,0.8725586,0.4838867,0.1220703,-1.0986328,1.2207031
5255066,-252,1784,986,3,-18,19,-0.1230469,0.8710938,0.4814453,0.1831055,-1.0986328,1.1596680
5257066,-253,1786,989,4,-18,19,-0.1235352,0.8720703,0.4829102,0.2441406,-1.0986328,1.1596680
5259065,-253,1788,990,3,-18,19,-0.1235352,0.8730469,0.4833984,0.1831055,-1.0986328,1.1596680
5261064,-250,1787,985,4,-18,20,-0.1220703,0.8725586,0.4809570,0.2441406,-1.0986328,1.2207031
5263063,-251,1786,990,3,-17,20,-0.1225586,0.8720703,0.4833984,0.1831055,-1.0375977,1.2207031
5265063,-255,1784,985,4,-19,20,-0.1245117,0.8710938,0.4809570,0.2441406,-1.1596680,1.2207031
5267062,-253,1785,986,4,-17,20,-0.1235352,0.8715820,0.4814453,0.2441406,-1.0375977,1.2207031
5269061,-252,1782,988,3,-18,19,-0.1230469,0.8701172,0.4824219,0.1831055,-1.0986328,1.1596680
5271061,-252,1784,987,3,-19,18,-0.1230469,0.8710938,0.4819336,0.1831055,-1.1596680,1.0986328
5273060,-248,1785,987,3,-18,20,-0.1210938,0.8715820,0.4819336,0.1831055,-1.0986328,1.2207031
5275059,-251,1785,989,3,-18,19,-0.1225586,0.8715820,0.4829102,0.1831055,-1.0986328,1.1596680
5277059,-254,1787,987,3,-18,19,-0.1240234,0.8725586,0.4819336,0.1831055,-1.0986328,1.1596680
5279058,-253,1786,988,4,-18,19,-0.1235352,0.8720703,0.4824219,0.2441406,-1.0986328,1.1596680
5281057,-252,1787,988,2,-16,19,-0.1230469,0.8725586,0.4824219,0.1220703,-0.9765625,1.1596680
5283057,-252,1788,989,2,-18,20,-0.1230469,0.8730469,0.4829102,0.1220703,-1.0986328,1.2207031
5285056,-254,1784,988,4,-18,19,-0.1240234,0.8710938,0.4824219,0.2441406,-1.0986328,1.1596680
5287055,-254,1787,988,3,-18,19,-0.1240234,0.8725586,0.4824219,0.1831055,-1.0986328,1.1596680
5289055,-249,1788,991,3,-17,18,-0.1215820,0.8730469,0.4838867,0.1831055,-1.0375977,1.0986328
5291054,-252,1784,989,2,-17,19,-0.1230469,0.8710938,0.4829102,0.1220703,-1.0375977,1.1596680
5293053,-251,1786,992,5,-17,19,-0.1225586,0.8720703,0.4843750,0.3051758,-1.0375977,1.1596680
5295052,-254,1788,991,3,-18,20,-0.1240234,0.8730469,0.4838867,0.1831055,-1.0986328,1.2207031
5297052,-253,1786,989,4,-18,20,-0.1235352,0.8720703,0.4829102,0.2441406,-1.0986328,1.2207031
5299051,-252,1784,988,3,-18,20,-0.1230469,0.8710938,0.4824219,0.1831055,-1.0986328,1.2207031
5301050,-251,1788,984,2,-17,20,-0.1225586,0.8730469,0.4804688,0.1220703,-1.0375977,1.2207031
5303050,-253,1786,991,4,-19,19,-0.1235352,0.8720703,0.4838867,0.2441406,-1.1596680,1.1596680
5305049,-253,1787,988,4,-18,20,-0.1235352,0.8725586,0.4824219,0.2441406,-1.0986328,1.2207031
5307048,-251,1784,985,2,-18,19,-0.1225586,0.8710938,0.4809570,0.1220703,-1.0986328,1.1596680
5309048,-252,1786,985,3,-18,19,-0.1230469,0.8720703,0.4809570,0.1831055,-1.0986328,1.1596680
5311047,-251,1788,986,3,-18,19,-0.1225586,0.8730469,0.4814453,0.1831055,-1.0986328,1.1596680
5313046,-255,1783,984,3,-18,20,-0.1245117,0.8706055,0.4804688,0.1831055,-1.0986328,1.2207031
5315046,-252,1787,987,3,-17,20,-0.1230469,0.8725586,0.4819336,0.1831055,-1.0375977,1.2207031
5317045,-249,1783,987,4,-17,18,-0.1215820,0.8706055,0.4819336,0.2441406,-1.0375977,1.0986328
5319044,-253,1788,988,4,-18,19,-0.1235352,0.8730469,0.4824219,0.2441406,-1.0986328,1.1596680
5321044,-255,1785,989,3,-18,19,-0.1245117,0.8715820,0.4829102,0.1831055,-1.0986328,1.1596680
5323043,-254,1786,987,3,-18,19,-0.1240234,0.8720703,0.4819336,0.1831055,-1.0986328,1.1596680
5325042,-253,1785,989,3,-18,19,-0.1235352,0.8715820,0.4829102,0.1831055,-1.0986328,1.1596680
5327041,-253,1782,989,4,-17,19,-0.1235352,0.8701172,0.4829102,0.2441406,-1.0375977,1.1596680
5329041,-249,1785,984,3,-17,18,-0.1215820,0.8715820,0.4804688,0.1831055,-1.0375977,1.0986328
5331040,-254,1787,986,4,-18,19,-0.1240234,0.8725586,0.4814453,0.2441406,-1.0986328,1.1596680
5333039,-252,1786,987,3,-17,18,-0.1230469,0.8720703,0.4819336,0.1831055,-1.0375977,1.0986328
5335039,-255,1787,991,3,-18,18,-0.1245117,0.8725586,0.4838867,0.1831055,-1.0986328,1.0986328
5337038,-253,1788,992,3,-17,20,-0.1235352,0.8730469,0.4843750,0.1831055,-1.0375977,1.2207031
5339037,-247,1786,990,3,-18,20,-0.1206055,0.8720703,0.4833984,0.1831055,-1.0986328,1.2207031
5341037,-254,1789,988,3,-17,20,-0.1240234,0.8735352,0.4824219,0.1831055,-1.0375977,1.2207031
5343036,-251,1786,985,4,-17,20,-0.1225586,0.8720703,0.4809570,0.2441406,-1.0375977,1.2207031
5345035,-252,1787,989,3,-17,19,-0.1230469,0.8725586,0.4829102,0.1831055,-1.0375977,1.1596680
5347035,-251,1786,987,4,-17,19,-0.1225586,0.8720703,0.4819336,0.2441406,-1.0375977,1.1596680
5349034,-252,1785,988,2,-18,19,-0.1230469,0.8715820,0.4824219,0.1220703,-1.0986328,1.1596680
5351033,-255,1787,986,2,-17,20,-0.1245117,0.8725586,0.4814453,0.1220703,-1.0375977,1.2207031
5353033,-251,1786,988,3,-18,20,-0.1225586,0.8720703,0.4824219,0.1831055,-1.0986328,1.2207031
5355032,-250,1786,984,4,-18,19,-0.1220703,0.8720703,0.4804688,0.2441406,-1.0986328,1.1596680
5357031,-252,1785,990,4,-18,19,-0.1230469,0.8715820,0.4833984,0.2441406,-1.0986328,1.1596680
5359030,-253,1785,988,4,-19,20,-0.1235352,0.8715820,0.4824219,0.2441406,-1.1596680,1.2207031
5361030,-256,1784,988,3,-18,19,-0.1250000,0.8710938,0.4824219,0.1831055,-1.0986328,1.1596680
5363029,-254,1785,987,3,-18,18,-0.1240234,0.8715820,0.4819336,0.1831055,-1.0986328,1.0986328
5365028,-252,1785,989,3,-18,18,-0.1230469,0.8715820,0.4829102,0.1831055,-1.0986328,1.0986328
5367028,-252,1784,990,4,-17,20,-0.1230469,0.8710938,0.4833984,0.2441406,-1.0375977,1.2207031
5369027,-253,1787,988,4,-18,19,-0.1235352,0.8725586,0.4824219,0.2441406,-1.0986328,1.1596680
5371026,-254,1787,989,3,-18,19,-0.1240234,0.8725586,0.4829102,0.1831055,-1.0986328,1.1596680
5373026,-251,1790,988,4,-18,19,-0.1225586,0.8740234,0.4824219,0.2441406,-1.0986328,1.1596680
5375025,-251,1788,985,3,-18,18,-0.1225586,0.8730469,0.4809570,0.1831055,-1.0986328,1.0986328
5377024,-252,1786,989,4,-17,19,-0.1230469,0.8720703,0.4829102,0.2441406,-1.0375977,1.1596680
5379024,-252,1785,988,5,-18,18,-0.1230469,0.8715820,0.4824219,0.3051758,-1.0986328,1.0986328
5381023,-255,1788,989,4,-18,19,-0.1245117,0.8730469,0.4829102,0.2441406,-1.0986328,1.1596680
5383022,-253,1787,987,3,-17,19,-0.1235352,0.8725586,0.4819336,0.1831055,-1.0375977,1.1596680
5385022,-253,1784,988,2,-19,19,-0.1235352,0.8710938,0.4824219,0.1220703,-1.1596680,1.1596680
5387021,-253,1788,988,5,-17,18,-0.1235352,0.8730469,0.4824219,0.3051758,-1.0375977,1.0986328
5389020,-252,1785,986,4,-18,20,-0.1230469,0.8715820,0.4814453,0.2441406,-1.0986328,1.2207031
5391019,-250,1785,988,4,-18,18,-0.1220703,0.8715820,0.4824219,0.2441406,-1.0986328,1.0986328
5393019,-254,1783,988,3,-18,20,-0.1240234,0.8706055,0.4824219,0.1831055,-1.0986328,1.2207031
5395018,-251,1785,990,4,-17,20,-0.1225586,0.8715820,0.4833984,0.2441406,-1.0375977,1.2207031
5397017,-250,1787,987,4,-18,20,-0.1220703,0.8725586,0.4819336,0.2441406,-1.0986328,1.2207031
5399017,-252,1786,985,3,-18,19,-0.1230469,0.8720703,0.4809570,0.1831055,-1.0986328,1.1596680
5401016,-252,1788,986,3,-18,19,-0.1230469,0.8730469,0.4814453,0.1831055,-1.0986328,1.1596680
5403015,-250,1786,988,2,-18,20,-0.1220703,0.8720703,0.4824219,0.1220703,-1.0986328,1.2207031
5405015,-253,1787,985,3,-18,19,-0.1235352,0.8725586,0.4809570,0.1831055,-1.0986328,1.1596680
5407014,-251,1788,987,3,-19,18,-0.1225586,0.8730469,0.4819336,0.1831055,-1.1596680,1.0986328
5409013,-250,1785,987,3,-17,19,-0.1220703,0.8715820,0.4819336,0.1831055,-1.0375977,1.1596680
5411013,-252,1787,986,5,-18,19,-0.1230469,0.8725586,0.4814453,0.3051758,-1.0986328,1.1596680
5413012,-253,1786,986,4,-19,18,-0.1235352,0.8720703,0.4814453,0.2441406,-1.1596680,1.0986328
5415011,-253,1785,989,3,-18,18,-0.1235352,0.8715820,0.4829102,0.1831055,-1.0986328,1.0986328
5417011,-255,1784,990,4,-18,18,-0.1245117,0.8710938,0.4833984,0.2441406,-1.0986328,1.0986328
5419010,-256,1787,986,3,-18,20,-0.1250000,0.8725586,0.4814453,0.1831055,-1.0986328,1.2207031
5421009,-251,1788,986,4,-17,19,-0.1225586,0.8730469,0.4814453,0.2441406,-1.0375977,1.1596680
5423008,-251,1789,990,4,-17,20,-0.1225586,0.8735352,0.4833984,0.2441406,-1.0375977,1.2207031
5425008,-251,1788,988,3,-17,19,-0.1225586,0.8730469,0.4824219,0.1831055,-1.0375977,1.1596680
5427007,-256,1784,987,4,-17,19,-0.1250000,0.8710938,0.4819336,0.2441406,-1.0375977,1.1596680
5429006,-251,1786,990,3,-17,19,-0.1225586,0.8720703,0.4833984,0.1831055,-1.0375977,1.1596680
5431006,-252,1788,989,4,-18,20,-0.1230469,0.8730469,0.4829102,0.2441406,-1.0986328,1.2207031
5433005,-255,1789,991,4,-19,20,-0.1245117,0.8735352,0.4838867,0.2441406,-1.1596680,1.2207031
5435004,-251,1785,988,4,-17,19,-0.1225586,0.8715820,0.4824219,0.2441406,-1.0375977,1.1596680
5437004,-250,1786,986,4,-18,20,-0.1220703,0.8720703,0.4814453,0.2441406,-1.0986328,1.2207031
5439003,-251,1783,986,4,-18,20,-0.1225586,0.8706055,0.4814453,0.2441406,-1.0986328,1.2207031
5441002,-250,1783,983,3,-18,20,-0.1220703,0.8706055,0.4799805,0.1831055,-1.0986328,1.2207031
5443002,-255,1789,987,3,-17,19,-0.1245117,0.8735352,0.4819336,0.1831055,-1.0375977,1.1596680
5445001,-252,1786,989,4,-17,18,-0.1230469,0.8720703,0.4829102,0.2441406,-1.0375977,1.0986328
5447000,-250,1786,987,3,-18,19,-0.1220703,0.8720703,0.4819336,0.1831055,-1.0986328,1.1596680
5449000,-251,1784,990,4,-18,19,-0.1225586,0.8710938,0.4833984,0.2441406,-1.0986328,1.1596680
5450999,-251,1788,989,3,-19,19,-0.1225586,0.8730469,0.4829102,0.1831055,-1.1596680,1.1596680
5452998,-254,1785,986,3,-18,19,-0.1240234,0.8715820,0.4814453,0.1831055,-1.0986328,1.1596680
5454997,-253,1787,987,3,-18,19,-0.1235352,0.8725586,0.4819336,0.1831055,-1.0986328,1.1596680
5456997,-253,1787,989,1,-18,19,-0.1235352,0.8725586,0.4829102,0.0610352,-1.0986328,1.1596680
5458996,-252,1785,989,3,-19,19,-0.1230469,0.8715820,0.4829102,0.1831055,-1.1596680,1.1596680
5460995,-253,1786,987,2,-18,18,-0.1235352,0.8720703,0.4819336,0.1220703,-1.0986328,1.0986328
5462995,-253,1784,990,4,-17,19,-0.1235352,0.8710938,0.4833984,0.2441406,-1.0375977,1.1596680
5464994,-252,1787,987,2,-17,20,-0.1230469,0.8725586,0.4819336,0.1220703,-1.0375977,1.2207031
5466993,-251,1784,988,4,-18,19,-0.1225586,0.8710938,0.4824219,0.2441406,-1.0986328,1.1596680
5468993,-254,1783,988,4,-18,18,-0.1240234,0.8706055,0.4824219,0.2441406,-1.0986328,1.0986328
5470992,-251,1783,985,3,-18,19,-0.1225586,0.8706055,0.4809570,0.1831055,-1.0986328,1.1596680
5472991,-255,1786,987,2,-18,19,-0.1245117,0.8720703,0.4819336,0.1220703,-1.0986328,1.1596680
5474991,-250,1785,986,3,-17,19,-0.1220703,0.8715820,0.4814453,0.1831055,-1.0375977,1.1596680
5476990,-250,1786,988,4,-18,19,-0.1220703,0.8720703,0.4824219,0.2441406,-1.0986328,1.1596680
5478989,-253,1783,989,2,-18,19,-0.1235352,0.8706055,0.4829102,0.1220703,-1.0986328,1.1596680
5480989,-252,1787,991,4,-18,19,-0.1230469,0.8725586,0.4838867,0.2441406,-1.0986328,1.1596680
5482988,-252,1790,987,4,-18,19,-0.1230469,0.8740234,0.4819336,0.2441406,-1.0986328,1.1596680
5484987,-248,1786,988,4,-18,19,-0.1210938,0.8720703,0.4824219,0.2441406,-1.0986328,1.1596680
5486986,-249,1787,991,4,-18,20,-0.1215820,0.8725586,0.4838867,0.2441406,-1.0986328,1.2207031
5488986,-251,1787,990,3,-18,20,-0.1225586,0.8725586,0.4833984,0.1831055,-1.0986328,1.2207031
5490985,-256,1787,988,4,-18,19,-0.1250000,0.8725586,0.4824219,0.2441406,-1.0986328,1.1596680
5492984,-255,1790,987,4,-18,19,-0.1245117,0.8740234,0.4819336,0.2441406,-1.0986328,1.1596680
5494984,-252,1787,988,5,-18,19,-0.1230469,0.8725586,0.4824219,0.3051758,-1.0986328,1.1596680
5496983,-252,1787,988,4,-18,20,-0.1230469,0.8725586,0.4824219,0.2441406,-1.0986328,1.2207031
5498982,-252,1789,986,3,-17,20,-0.1230469,0.8735352,0.4814453,0.1831055,-1.0375977,1.2207031
5500982,-251,1785,988,5,-19,20,-0.1225586,0.8715820,0.4824219,0.3051758,-1.1596680,1.2207031
5502981,-252,1787,988,3,-18,20,-0.1230469,0.8725586,0.4824219,0.1831055,-1.0986328,1.2207031
5504980,-253,1785,989,3,-18,19,-0.1235352,0.8715820,0.4829102,0.1831055,-1.0986328,1.1596680
5506980,-255,1786,988,4,-18,20,-0.1245117,0.8720703,0.4824219,0.2441406,-1.0986328,1.2207031
5508979,-252,1785,985,3,-17,21,-0.1230469,0.8715820,0.4809570,0.1831055,-1.0375977,1.2817383
5510978,-254,1786,986,2,-18,19,-0.1240234,0.8720703,0.4814453,0.1220703,-1.0986328,1.1596680
5512978,-252,1785,988,3,-18,19,-0.1230469,0.8715820,0.4824219,0.1831055,-1.0986328,1.1596680
5514977,-254,1784,986,3,-18,20,-0.1240234,0.8710938,0.4814453,0.1831055,-1.0986328,1.2207031
5516976,-253,1786,988,3,-17,19,-0.1235352,0.8720703,0.4824219,0.1831055,-1.0375977,1.1596680
5518975,-255,1785,988,3,-19,20,-0.1245117,0.8715820,0.4824219,0.1831055,-1.1596680,1.2207031
5520975,-252,1784,990,2,-18,19,-0.1230469,0.8710938,0.4833984,0.1220703,-1.0986328,1.1596680
5522974,-248,1784,987,3,-17,20,-0.1210938,0.8710938,0.4819336,0.1831055,-1.0375977,1.2207031
5524973,-248,1787,983,3,-18,19,-0.1210938,0.8725586,0.4799805,0.1831055,-1.0986328,1.1596680
5526973,-250,1784,987,2,-17,19,-0.1220703,0.8710938,0.4819336,0.1220703,-1.0375977,1.1596680
5528972,-252,1787,989,3,-19,18,-0.1230469,0.8725586,0.4829102,0.1831055,-1.1596680,1.0986328
5530971,-252,1786,987,4,-18,19,-0.1230469,0.8720703,0.4819336,0.2441406,-1.0986328,1.1596680
5532971,-251,1787,988,2,-18,18,-0.1225586,0.8725586,0.4824219,0.1220703,-1.0986328,1.0986328
5534970,-253,1787,987,2,-17,18,-0.1235352,0.8725586,0.4819336,0.1220703,-1.0375977,1.0986328
5536969,-254,1790,989,3,-18,19,-0.1240234,0.8740234,0.4829102,0.1831055,-1.0986328,1.1596680
5538969,-255,1784,988,4,-18,16,-0.1245117,0.8710938,0.4824219,0.2441406,-1.0986328,0.9765625
5540968,-253,1785,990,3,-17,18,-0.1235352,0.8715820,0.4833984,0.1831055,-1.0375977,1.0986328
5542967,-254,1788,991,5,-18,20,-0.1240234,0.8730469,0.4838867,0.3051758,-1.0986328,1.2207031
5544967,-254,1791,989,4,-17,19,-0.1240234,0.8745117,0.4829102,0.2441406,-1.0375977,1.1596680
5546966,-254,1785,988,4,-19,20,-0.1240234,0.8715820,0.4824219,0.2441406,-1.1596680,1.2207031
5548965,-253,1787,985,4,-19,20,-0.1235352,0.8725586,0.4809570,0.2441406,-1.1596680,1.2207031
5550964,-253,1787,988,3,-18,19,-0.1235352,0.8725586,0.4824219,0.1831055,-1.0986328,1.1596680
5552964,-251,1784,989,4,-17,20,-0.1225586,0.8710938,0.4829102,0.2441406,-1.0375977,1.2207031
5554963,-253,1786,987,4,-18,21,-0.1235352,0.8720703,0.4819336,0.2441406,-1.0986328,1.2817383
5556962,-252,1787,986,4,-17,20,-0.1230469,0.8725586,0.4814453,0.2441406,-1.0375977,1.2207031
5558962,-254,1784,987,3,-17,20,-0.1240234,0.8710938,0.4819336,0.1831055,-1.0375977,1.2207031
5560961,-253,1783,987,4,-18,21,-0.1235352,0.8706055,0.4819336,0.2441406,-1.0986328,1.2817383
5562960,-254,1785,987,3,-18,18,-0.1240234,0.8715820,0.4819336,0.1831055,-1.0986328,1.0986328
5564960,-251,1783,983,3,-17,19,-0.1225586,0.8706055,0.4799805,0.1831055,-1.0375977,1.1596680
5566959,-252,1784,985,2,-18,20,-0.1230469,0.8710938,0.4809570,0.1220703,-1.0986328,1.2207031
5568958,-253,1780,984,3,-18,19,-0.1235352,0.8691406,0.4804688,0.1831055,-1.0986328,1.1596680
5570958,-255,1787,985,2,-19,19,-0.1245117,0.8725586,0.4809570,0.1220703,-1.1596680,1.1596680
5572957,-251,1787,984,2,-18,18,-0.1225586,0.8725586,0.4804688,0.1220703,-1.0986328,1.0986328
5574956,-251,1787,987,2,-19,19,-0.1225586,0.8725586,0.4819336,0.1220703,-1.1596680,1.1596680
5576956,-252,1790,989,3,-18,19,-0.1230469,0.8740234,0.4829102,0.1831055,-1.0986328,1.1596680
5578955,-249,1787,987,4,-18,18,-0.1215820,0.8725586,0.4819336,0.2441406,-1.0986328,1.0986328
5580954,-252,1789,987,1,-18,19,-0.1230469,0.8735352,0.4819336,0.0610352,-1.0986328,1.1596680
5582953,-252,1788,990,3,-19,17,-0.1230469,0.8730469,0.4833984,0.1831055,-1.1596680,1.0375977
5584953,-253,1790,988,4,-18,19,-0.1235352,0.8740234,0.4824219,0.2441406,-1.0986328,1.1596680
5586952,-253,1789,988,5,-18,18,-0.1235352,0.8735352,0.4824219,0.3051758,-1.0986328,1.0986328
5588951,-255,1788,986,3,-17,19,-0.1245117,0.8730469,0.4814453,0.1831055,-1.0375977,1.1596680
5590951,-252,1790,991,3,-19,18,-0.1230469,0.8740234,0.4838867,0.1831055,-1.1596680,1.0986328
5592950,-253,1788,991,4,-17,19,-0.1235352,0.8730469,0.4838867,0.2441406,-1.0375977,1.1596680
5594949,-250,1786,991,4,-18,20,-0.1220703,0.8720703,0.4838867,0.2441406,-1.0986328,1.2207031
5596949,-253,1786,991,4,-18,20,-0.1235352,0.8720703,0.4838867,0.2441406,-1.0986328,1.2207031
5598948,-250,1785,991,4,-18,19,-0.1220703,0.8715820,0.4838867,0.2441406,-1.0986328,1.1596680
5600947,-253,1786,986,4,-19,20,-0.1235352,0.8720703,0.4814453,0.2441406,-1.1596680,1.2207031
5602947,-252,1786,985,4,-18,20,-0.1230469,0.8720703,0.4809570,0.2441406,-1.0986328,1.2207031
5604946,-254,1785,989,3,-19,20,-0.1240234,0.8715820,0.4829102,0.1831055,-1.1596680,1.2207031
5606945,-249,1784,986,4,-18,20,-0.1215820,0.8710938,0.4814453,0.2441406,-1.0986328,1.2207031
5608945,-250,1784,985,4,-19,21,-0.1220703,0.8710938,0.4809570,0.2441406,-1.1596680,1.2817383
5610944,-251,1779,985,3,-19,20,-0.1225586,0.8686523,0.4809570,0.1831055,-1.1596680,1.2207031
5612943,-251,1785,982,3,-17,20,-0.1225586,0.8715820,0.4794922,0.1831055,-1.0375977,1.2207031
5614942,-254,1786,987,3,-19,18,-0.1240234,0.8720703,0.4819336,0.1831055,-1.1596680,1.0986328
5616942,-254,1787,986,4,-18,19,-0.1240234,0.8725586,0.4814453,0.2441406,-1.0986328,1.1596680
5618941,-251,1784,988,2,-17,18,-0.1225586,0.8710938,0.4824219,0.1220703,-1.0375977,1.0986328
5620940,-254,1787,987,2,-17,19,-0.1240234,0.8725586,0.4819336,0.1220703,-1.0375977,1.1596680
5622940,-253,1786,985,4,-19,18,-0.1235352,0.8720703,0.4809570,0.2441406,-1.1596680,1.0986328
5624939,-255,1786,988,3,-18,17,-0.1245117,0.8720703,0.4824219,0.1831055,-1.0986328,1.0375977
5626938,-255,1788,989,3,-18,19,-0.1245117,0.8730469,0.4829102,0.1831055,-1.0986328,1.1596680
5628938,-251,1787,989,4,-19,19,-0.1225586,0.8725586,0.4829102,0.2441406,-1.1596680,1.1596680
5630937,-252,1787,989,3,-19,19,-0.1230469,0.8725586,0.4829102,0.1831055,-1.1596680,1.1596680
5632936,-254,1788,987,4,-16,18,-0.1240234,0.8730469,0.4819336,0.2441406,-0.9765625,1.0986328
5634936,-252,1789,985,4,-17,17,-0.1230469,0.8735352,0.4809570,0.2441406,-1.0375977,1.0375977
5636935,-256,1788,990,4,-17,18,-0.1250000,0.8730469,0.4833984,0.2441406,-1.0375977,1.0986328
5638934,-255,1791,987,4,-18,19,-0.1245117,0.8745117,0.4819336,0.2441406,-1.0986328,1.1596680
5640934,-253,1787,990,4,-17,20,-0.1235352,0.8725586,0.4833984,0.2441406,-1.0375977,1.2207031
5642933,-255,1787,989,4,-17,19,-0.1245117,0.8725586,0.4829102,0.2441406,-1.0375977,1.1596680
5644932,-253,1785,987,3,-19,20,-0.1235352,0.8715820,0.4819336,0.1831055,-1.1596680,1.2207031
5646931,-252,1788,988,4,-18,18,-0.1230469,0.8730469,0.4824219,0.2441406,-1.0986328,1.0986328
5648931,-254,1788,988,4,-18,20,-0.1240234,0.8730469,0.4824219,0.2441406,-1.0986328,1.2207031
5650930,-255,1786,988,3,-18,21,-0.1245117,0.8720703,0.4824219,0.1831055,-1.0986328,1.2817383
5652929,-253,1783,988,3,-18,20,-0.1235352,0.8706055,0.4824219,0.1831055,-1.0986328,1.2207031
5654929,-251,1784,990,4,-18,20,-0.1225586,0.8710938,0.4833984,0.2441406,-1.0986328,1.2207031
5656928,-252,1785,990,3,-18,20,-0.1230469,0.8715820,0.4833984,0.1831055,-1.0986328,1.2207031
5658927,-254,1785,989,3,-18,19,-0.1240234,0.8715820,0.4829102,0.1831055,-1.0986328,1.1596680
5660927,-252,1785,986,2,-18,19,-0.1230469,0.8715820,0.4814453,0.1220703,-1.0986328,1.1596680
5662926,-251,1785,985,3,-18,18,-0.1225586,0.8715820,0.4809570,0.1831055,-1.0986328,1.0986328
5664925,-251,1783,987,2,-18,18,-0.1225586,0.8706055,0.4819336,0.1220703,-1.0986328,1.0986328
5666925,-253,1785,989,2,-18,19,-0.1235352,0.8715820,0.4829102,0.1220703,-1.0986328,1.1596680
5668924,-255,1787,992,4,-19,18,-0.1245117,0.8725586,0.4843750,0.2441406,-1.1596680,1.0986328
5670923,-253,1788,989,3,-18,20,-0.1235352,0.8730469,0.4829102,0.1831055,-1.0986328,1.2207031
5672923,-249,1787,988,4,-18,18,-0.1215820,0.8725586,0.4824219,0.2441406,-1.0986328,1.0986328
5674922,-254,1790,988,4,-18,19,-0.1240234,0.8740234,0.4824219,0.2441406,-1.0986328,1.1596680
5676921,-252,1788,986,3,-18,19,-0.1230469,0.8730469,0.4814453,0.1831055,-1.0986328,1.1596680
5678920,-253,1786,991,3,-17,19,-0.1235352,0.8720703,0.4838867,0.1831055,-1.0375977,1.1596680
5680920,-255,1785,989,4,-18,19,-0.1245117,0.8715820,0.4829102,0.2441406,-1.0986328,1.1596680
5682919,-254,1788,989,4,-18,19,-0.1240234,0.8730469,0.4829102,0.2441406,-1.0986328,1.1596680
5684918,-252,1786,987,4,-19,20,-0.1230469,0.8720703,0.4819336,0.2441406,-1.1596680,1.2207031
5686918,-255,1787,988,3,-18,20,-0.1245117,0.8725586,0.4824219,0.1831055,-1.0986328,1.2207031
5688917,-250,1784,985,3,-18,20,-0.1220703,0.8710938,0.4809570,0.1831055,-1.0986328,1.2207031
5690916,-253,1786,989,4,-18,20,-0.1235352,0.8720703,0.4829102,0.2441406,-1.0986328,1.2207031
5692916,-254,1786,988,4,-17,19,-0.1240234,0.8720703,0.4824219,0.2441406,-1.0375977,1.1596680
5694915,-255,1791,989,4,-17,20,-0.1245117,0.8745117,0.4829102,0.2441406,-1.0375977,1.2207031
5696914,-252,1783,987,2,-17,20,-0.1230469,0.8706055,0.4819336,0.1220703,-1.0375977,1.2207031
5698914,-254,1785,986,4,-18,20,-0.1240234,0.8715820,0.4814453,0.2441406,-1.0986328,1.2207031
5700913,-250,1786,989,3,-19,21,-0.1220703,0.8720703,0.4829102,0.1831055,-1.1596680,1.2817383
5702912,-252,1783,987,2,-19,20,-0.1230469,0.8706055,0.4819336,0.1220703,-1.1596680,1.2207031
5704912,-253,1785,988,3,-18,20,-0.1235352,0.8715820,0.4824219,0.1831055,-1.0986328,1.2207031
5706911,-254,1784,986,4,-18,19,-0.1240234,0.8710938,0.4814453,0.2441406,-1.0986328,1.1596680
5708910,-255,1785,986,2,-18,20,-0.1245117,0.8715820,0.4814453,0.1220703,-1.0986328,1.2207031
5710909,-253,1787,984,4,-18,19,-0.1235352,0.8725586,0.4804688,0.2441406,-1.0986328,1.1596680
5712909,-252,1787,984,3,-19,20,-0.1230469,0.8725586,0.4804688,0.1831055,-1.1596680,1.2207031
5714908,-253,1788,989,3,-18,20,-0.1235352,0.8730469,0.4829102,0.1831055,-1.0986328,1.2207031
5716907,-253,1786,990,3,-17,18,-0.1235352,0.8720703,0.4833984,0.1831055,-1.0375977,1.0986328
5718907,-251,1785,988,3,-17,17,-0.1225586,0.8715820,0.4824219,0.1831055,-1.0375977,1.0375977
5720906,-248,1787,989,4,-16,18,-0.1210938,0.8725586,0.4829102,0.2441406,-0.9765625,1.0986328
5722905,-252,1786,989,4,-18,19,-0.1230469,0.8720703,0.4829102,0.2441406,-1.0986328,1.1596680
5724905,-255,1790,989,4,-17,18,-0.1245117,0.8740234,0.4829102,0.2441406,-1.0375977,1.0986328
5726904,-252,1787,988,4,-17,18,-0.1230469,0.8725586,0.4824219,0.2441406,-1.0375977,1.0986328
5728903,-253,1788,992,4,-16,17,-0.1235352,0.8730469,0.4843750,0.2441406,-0.9765625,1.0375977
5730903,-252,1787,988,4,-18,20,-0.1230469,0.8725586,0.4824219,0.2441406,-1.0986328,1.2207031
5732902,-252,1786,986,4,-17,19,-0.1230469,0.8720703,0.4814453,0.2441406,-1.0375977,1.1596680
5734901,-252,1786,989,4,-17,20,-0.1230469,0.8720703,0.4829102,0.2441406,-1.0375977,1.2207031
5736901,-253,1788,985,3,-17,20,-0.1235352,0.8730469,0.4809570,0.1831055,-1.0375977,1.2207031
5738900,-252,1784,987,3,-18,20,-0.1230469,0.8710938,0.4819336,0.1831055,-1.0986328,1.2207031
5740899,-251,1788,988,2,-18,19,-0.1225586,0.8730469,0.4824219,0.1220703,-1.0986328,1.1596680
5742898,-252,1790,986,3,-17,19,-0.1230469,0.8740234,0.4814453,0.1831055,-1.0375977,1.1596680
5744898,-254,1789,985,3,-18,20,-0.1240234,0.8735352,0.4809570,0.1831055,-1.0986328,1.2207031
5746897,-254,1785,985,3,-19,20,-0.1240234,0.8715820,0.4809570,0.1831055,-1.1596680,1.2207031
5748896,-252,1787,988,4,-19,20,-0.1230469,0.8725586,0.4824219,0.2441406,-1.1596680,1.2207031
5750896,-254,1785,989,2,-18,19,-0.1240234,0.8715820,0.4829102,0.1220703,-1.0986328,1.1596680
5752895,-255,1786,987,4,-18,18,-0.1245117,0.8720703,0.4819336,0.2441406,-1.0986328,1.0986328
5754894,-254,1785,985,3,-18,19,-0.1240234,0.8715820,0.4809570,0.1831055,-1.0986328,1.1596680
5756894,-253,1783,987,4,-17,18,-0.1235352,0.8706055,0.4819336,0.2441406,-1.0375977,1.0986328
5758893,-253,1787,983,3,-18,18,-0.1235352,0.8725586,0.4799805,0.1831055,-1.0986328,1.0986328
5760892,-256,1782,985,3,-18,19,-0.1250000,0.8701172,0.4809570,0.1831055,-1.0986328,1.1596680
5762892,-256,1784,987,2,-17,18,-0.1250000,0.8710938,0.4819336,0.1220703,-1.0375977,1.0986328
5764891,-253,1787,988,3,-18,19,-0.1235352,0.8725586,0.4824219,0.1831055,-1.0986328,1.1596680
5766890,-254,1790,987,3,-19,18,-0.1240234,0.8740234,0.4819336,0.1831055,-1.1596680,1.0986328
5768890,-255,1788,990,3,-17,18,-0.1245117,0.8730469,0.4833984,0.1831055,-1.0375977,1.0986328
5770889,-254,1789,989,2,-17,20,-0.1240234,0.8735352,0.4829102,0.1220703,-1.0375977,1.2207031
5772888,-253,1787,990,4,-17,19,-0.1235352,0.8725586,0.4833984,0.2441406,-1.0375977,1.1596680
5774887,-251,1787,987,4,-17,19,-0.1225586,0.8725586,0.4819336,0.2441406,-1.0375977,1.1596680
5776887,-254,1787,989,3,-18,19,-0.1240234,0.8725586,0.4829102,0.1831055,-1.0986328,1.1596680
5778886,-256,1789,991,4,-19,19,-0.1250000,0.8735352,0.4838867,0.2441406,-1.1596680,1.1596680
5780885,-254,1787,988,6,-18,20,-0.1240234,0.8725586,0.4824219,0.3662109,-1.0986328,1.2207031
5782885,-251,1788,987,6,-17,21,-0.1225586,0.8730469,0.4819336,0.3662109,-1.0375977,1.2817383
5784884,-252,1789,986,6,-19,21,-0.1230469,0.8735352,0.4814453,0.3662109,-1.1596680,1.2817383
5786883,-252,1789,986,4,-18,20,-0.1230469,0.8735352,0.4814453,0.2441406,-1.0986328,1.2207031
5788883,-251,1784,986,4,-18,21,-0.1225586,0.8710938,0.4814453,0.2441406,-1.0986328,1.2817383
5790882,-253,1783,985,4,-18,20,-0.1235352,0.8706055,0.4809570,0.2441406,-1.0986328,1.2207031
5792881,-250,1783,984,4,-18,20,-0.1220703,0.8706055,0.4804688,0.2441406,-1.0986328,1.2207031
5794881,-253,1787,991,3,-19,21,-0.1235352,0.8725586,0.4838867,0.1831055,-1.1596680,1.2817383
5796880,-254,1783,987,5,-18,21,-0.1240234,0.8706055,0.4819336,0.3051758,-1.0986328,1.2817383
5798879,-252,1784,987,3,-18,21,-0.1230469,0.8710938,0.4819336,0.1831055,-1.0986328,1.2817383
5800879,-250,1785,987,4,-18,19,-0.1220703,0.8715820,0.4819336,0.2441406,-1.0986328,1.1596680
5802878,-252,1785,986,4,-19,18,-0.1230469,0.8715820,0.4814453,0.2441406,-1.1596680,1.0986328
5804877,-249,1786,989,4,-17,19,-0.1215820,0.8720703,0.4829102,0.2441406,-1.0375977,1.1596680
5806876,-247,1789,985,4,-18,19,-0.1206055,0.8735352,0.4809570,0.2441406,-1.0986328,1.1596680
5808876,-253,1786,988,4,-17,19,-0.1235352,0.8720703,0.4824219,0.2441406,-1.0375977,1.1596680
5810875,-253,1786,992,3,-18,17,-0.1235352,0.8720703,0.4843750,0.1831055,-1.0986328,1.0375977
5812874,-254,1788,987,3,-18,18,-0.1240234,0.8730469,0.4819336,0.1831055,-1.0986328,1.0986328
5814874,-252,1787,989,4,-16,19,-0.1230469,0.8725586,0.4829102,0.2441406,-0.9765625,1.1596680
5816873,-253,1788,989,3,-17,18,-0.1235352,0.8730469,0.4829102,0.1831055,-1.0375977,1.0986328
5818872,-248,1789,989,2,-17,19,-0.1210938,0.8735352,0.4829102,0.1220703,-1.0375977,1.1596680
5820872,-253,1786,990,2,-18,18,-0.1235352,0.8720703,0.4833984,0.1220703,-1.0986328,1.0986328
5822871,-256,1789,991,2,-17,18,-0.1250000,0.8735352,0.4838867,0.1220703,-1.0375977,1.0986328
5824870,-250,1786,988,3,-17,18,-0.1220703,0.8720703,0.4824219,0.1831055,-1.0375977,1.0986328
5826870,-252,1787,985,4,-17,19,-0.1230469,0.8725586,0.4809570,0.2441406,-1.0375977,1.1596680
5828869,-254,1785,985,3,-17,20,-0.1240234,0.8715820,0.4809570,0.1831055,-1.0375977,1.2207031
5830868,-252,1786,988,4,-18,19,-0.1230469,0.8720703,0.4824219,0.2441406,-1.0986328,1.1596680
5832868,-251,1782,987,3,-17,19,-0.1225586,0.8701172,0.4819336,0.1831055,-1.0375977,1.1596680
5834867,-251,1787,991,2,-17,20,-0.1225586,0.8725586,0.4838867,0.1220703,-1.0375977,1.2207031
5836866,-254,1784,987,3,-18,19,-0.1240234,0.8710938,0.4819336,0.1831055,-1.0986328,1.1596680
5838865,-250,1785,985,3,-18,18,-0.1220703,0.8715820,0.4809570,0.1831055,-1.0986328,1.0986328
5840865,-250,1785,987,3,-18,19,-0.1220703,0.8715820,0.4819336,0.1831055,-1.0986328,1.1596680
5842864,-251,1785,986,2,-17,20,-0.1225586,0.8715820,0.4814453,0.1220703,-1.0375977,1.2207031
5844863,-253,1786,988,3,-17,19,-0.1235352,0.8720703,0.4824219,0.1831055,-1.0375977,1.1596680
5846863,-254,1786,988,2,-18,19,-0.1240234,0.8720703,0.4824219,0.1220703,-1.0986328,1.1596680
5848862,-253,1789,991,3,-19,20,-0.1235352,0.8735352,0.4838867,0.1831055,-1.1596680,1.2207031
5850861,-252,1785,986,3,-17,19,-0.1230469,0.8715820,0.4814453,0.1831055,-1.0375977,1.1596680
5852861,-253,1787,991,3,-18,20,-0.1235352,0.8725586,0.4838867,0.1831055,-1.0986328,1.2207031
5854860,-253,1785,988,4,-19,19,-0.1235352,0.8715820,0.4824219,0.2441406,-1.1596680,1.1596680
5856859,-258,1786,988,3,-18,19,-0.1259766,0.8720703,0.4824219,0.1831055,-1.0986328,1.1596680
5858859,-257,1785,993,4,-17,19,-0.1254883,0.8715820,0.4848633,0.2441406,-1.0375977,1.1596680
5860858,-252,1789,990,2,-18,20,-0.1230469,0.8735352,0.4833984,0.1220703,-1.0986328,1.2207031
5862857,-252,1790,989,4,-17,20,-0.1230469,0.8740234,0.4829102,0.2441406,-1.0375977,1.2207031
5864857,-254,1788,986,3,-17,19,-0.1240234,0.8730469,0.4814453,0.1831055,-1.0375977,1.1596680
5866856,-255,1788,992,4,-18,20,-0.1245117,0.8730469,0.4843750,0.2441406,-1.0986328,1.2207031
5868855,-254,1783,991,3,-17,19,-0.1240234,0.8706055,0.4838867,0.1831055,-1.0375977,1.1596680
5870854,-252,1784,991,3,-17,20,-0.1230469,0.8710938,0.4838867,0.1831055,-1.0375977,1.2207031
5872854,-255,1787,986,4,-19,20,-0.1245117,0.8725586,0.4814453,0.2441406,-1.1596680,1.2207031
5874853,-254,1787,987,3,-18,20,-0.1240234,0.8725586,0.4819336,0.1831055,-1.0986328,1.2207031
5876852,-252,1784,987,4,-18,20,-0.1230469,0.8710938,0.4819336,0.2441406,-1.0986328,1.2207031
5878852,-249,1786,986,6,-18,19,-0.1215820,0.8720703,0.4814453,0.3662109,-1.0986328,1.1596680
5880851,-251,1786,984,4,-18,20,-0.1225586,0.8720703,0.4804688,0.2441406,-1.0986328,1.2207031
5882850,-252,1784,985,3,-18,19,-0.1230469,0.8710938,0.4809570,0.1831055,-1.0986328,1.1596680
5884850,-253,1785,985,3,-19,19,-0.1235352,0.8715820,0.4809570,0.1831055,-1.1596680,1.1596680
5886849,-250,1788,988,4,-17,19,-0.1220703,0.8730469,0.4824219,0.2441406,-1.0375977,1.1596680
5888848,-248,1783,988,4,-19,18,-0.1210938,0.8706055,0.4824219,0.2441406,-1.1596680,1.0986328
5890848,-256,1787,985,4,-19,20,-0.1250000,0.8725586,0.4809570,0.2441406,-1.1596680,1.2207031
5892847,-252,1783,991,3,-18,19,-0.1230469,0.8706055,0.4838867,0.1831055,-1.0986328,1.1596680
5894846,-253,1788,986,4,-18,20,-0.1235352,0.8730469,0.4814453,0.2441406,-1.0986328,1.2207031
5896846,-253,1785,986,2,-18,19,-0.1235352,0.8715820,0.4814453,0.1220703,-1.0986328,1.1596680
5898845,-251,1786,986,3,-18,19,-0.1225586,0.8720703,0.4814453,0.1831055,-1.0986328,1.1596680
5900844,-251,1783,990,2,-18,19,-0.1225586,0.8706055,0.4833984,0.1220703,-1.0986328,1.1596680
5902843,-251,1787,987,3,-18,19,-0.1225586,0.8725586,0.4819336,0.1831055,-1.0986328,1.1596680
5904843,-255,1787,988,3,-17,19,-0.1245117,0.8725586,0.4824219,0.1831055,-1.0375977,1.1596680
5906842,-251,1787,989,4,-18,19,-0.1225586,0.8725586,0.4829102,0.2441406,-1.0986328,1.1596680
5908841,-253,1787,985,4,-18,19,-0.1235352,0.8725586,0.4809570,0.2441406,-1.0986328,1.1596680
5910841,-251,1785,989,3,-18,19,-0.1225586,0.8715820,0.4829102,0.1831055,-1.0986328,1.1596680
5912840,-252,1787,986,4,-17,19,-0.1230469,0.8725586,0.4814453,0.2441406,-1.0375977,1.1596680
5914839,-252,1784,989,4,-18,20,-0.1230469,0.8710938,0.4829102,0.2441406,-1.0986328,1.2207031
5916839,-255,1786,988,4,-17,19,-0.1245117,0.8720703,0.4824219,0.2441406,-1.0375977,1.1596680
5918838,-250,1786,989,4,-19,19,-0.1220703,0.8720703,0.4829102,0.2441406,-1.1596680,1.1596680
5920837,-250,1785,987,3,-18,19,-0.1220703,0.8715820,0.4819336,0.1831055,-1.0986328,1.1596680
5922837,-253,1785,988,4,-18,19,-0.1235352,0.8715820,0.4824219,0.2441406,-1.0986328,1.1596680
5924836,-251,1783,987,3,-17,18,-0.1225586,0.8706055,0.4819336,0.1831055,-1.0375977,1.0986328
5926835,-249,1784,989,4,-17,20,-0.1215820,0.8710938,0.4829102,0.2441406,-1.0375977,1.2207031
5928835,-250,1786,986,4,-18,19,-0.1220703,0.8720703,0.4814453,0.2441406,-1.0986328,1.1596680
5930834,-253,1783,988,2,-18,19,-0.1235352,0.8706055,0.4824219,0.1220703,-1.0986328,1.1596680
5932833,-254,1787,988,3,-18,18,-0.1240234,0.8725586,0.4824219,0.1831055,-1.0986328,1.0986328
5934832,-251,1787,989,3,-18,19,-0.1225586,0.8725586,0.4829102,0.1831055,-1.0986328,1.1596680
5936832,-253,1788,988,2,-17,19,-0.1235352,0.8730469,0.4824219,0.1220703,-1.0375977,1.1596680
5938831,-253,1785,988,1,-18,20,-0.1235352,0.8715820,0.4824219,0.0610352,-1.0986328,1.2207031
5940830,-253,1786,987,2,-18,21,-0.1235352,0.8720703,0.4819336,0.1220703,-1.0986328,1.2817383
5942830,-252,1786,988,3,-17,18,-0.1230469,0.8720703,0.4824219,0.1831055,-1.0375977,1.0986328
5944829,-251,1786,985,2,-19,19,-0.1225586,0.8720703,0.4809570,0.1220703,-1.1596680,1.1596680
5946828,-250,1786,989,3,-17,20,-0.1220703,0.8720703,0.4829102,0.1831055,-1.0375977,1.2207031
5948828,-254,1784,989,3,-17,19,-0.1240234,0.8710938,0.4829102,0.1831055,-1.0375977,1.1596680
5950827,-251,1785,988,3,-18,20,-0.1225586,0.8715820,0.4824219,0.1831055,-1.0986328,1.2207031
5952826,-252,1785,987,3,-18,18,-0.1230469,0.8715820,0.4819336,0.1831055,-1.0986328,1.0986328
5954826,-252,1782,987,3,-17,19,-0.1230469,0.8701172,0.4819336,0.1831055,-1.0375977,1.1596680
5956825,-252,1785,988,3,-17,20,-0.1230469,0.8715820,0.4824219,0.1831055,-1.0375977,1.2207031
5958824,-249,1786,989,4,-19,18,-0.1215820,0.8720703,0.4829102,0.2441406,-1.1596680,1.0986328
5960824,-252,1789,987,4,-18,19,-0.1230469,0.8735352,0.4819336,0.2441406,-1.0986328,1.1596680
5962823,-251,1786,983,3,-18,19,-0.1225586,0.8720703,0.4799805,0.1831055,-1.0986328,1.1596680
5964822,-252,1785,989,3,-17,18,-0.1230469,0.8715820,0.4829102,0.1831055,-1.0375977,1.0986328
5966821,-253,1786,987,4,-18,19,-0.1235352,0.8720703,0.4819336,0.2441406,-1.0986328,1.1596680
5968821,-252,1787,984,2,-18,19,-0.1230469,0.8725586,0.4804688,0.1220703,-1.0986328,1.1596680
5970820,-250,1785,991,3,-17,19,-0.1220703,0.8715820,0.4838867,0.1831055,-1.0375977,1.1596680
5972819,-256,1786,989,3,-18,20,-0.1250000,0.8720703,0.4829102,0.1831055,-1.0986328,1.2207031
5974819,-252,1789,991,3,-19,18,-0.1230469,0.8735352,0.4838867,0.1831055,-1.1596680,1.0986328
5976818,-254,1783,987,3,-19,19,-0.1240234,0.8706055,0.4819336,0.1831055,-1.1596680,1.1596680
5978817,-252,1789,990,3,-18,18,-0.1230469,0.8735352,0.4833984,0.1831055,-1.0986328,1.0986328
5980817,-251,1787,988,3,-18,19,-0.1225586,0.8725586,0.4824219,0.1831055,-1.0986328,1.1596680
5982816,-251,1788,986,4,-18,20,-0.1225586,0.8730469,0.4814453,0.2441406,-1.0986328,1.2207031
5984815,-255,1788,988,4,-17,19,-0.1245117,0.8730469,0.4824219,0.2441406,-1.0375977,1.1596680
5986815,-252,1787,987,2,-19,19,-0.1230469,0.8725586,0.4819336,0.1220703,-1.1596680,1.1596680
5988814,-253,1784,989,4,-17,20,-0.1235352,0.8710938,0.4829102,0.2441406,-1.0375977,1.2207031
5990813,-253,1786,987,6,-18,19,-0.1235352,0.8720703,0.4819336,0.3662109,-1.0986328,1.1596680
5992813,-253,1785,983,4,-18,20,-0.1235352,0.8715820,0.4799805,0.2441406,-1.0986328,1.2207031
5994812,-252,1789,987,4,-17,19,-0.1230469,0.8735352,0.4819336,0.2441406,-1.0375977,1.1596680
5996811,-252,1787,987,4,-18,20,-0.1230469,0.8725586,0.4819336,0.2441406,-1.0986328,1.2207031
5998810,-248,1786,986,5,-19,20,-0.1210938,0.8720703,0.4814453,0.3051758,-1.1596680,1.2207031
6000810,-251,1783,987,4,-19,19,-0.1225586,0.8706055,0.4819336,0.2441406,-1.1596680,1.1596680
6002809,-255,1786,987,5,-18,20,-0.1245117,0.8720703,0.4819336,0.3051758,-1.0986328,1.2207031
6004808,-252,1788,985,4,-18,19,-0.1230469,0.8730469,0.4809570,0.2441406,-1.0986328,1.1596680
6006808,-251,1786,987,5,-18,18,-0.1225586,0.8720703,0.4819336,0.3051758,-1.0986328,1.0986328
6008807,-250,1786,989,3,-19,18,-0.1220703,0.8720703,0.4829102,0.1831055,-1.1596680,1.0986328
6010806,-255,1787,986,3,-20,18,-0.1245117,0.8725586,0.4814453,0.1831055,-1.2207031,1.0986328
6012806,-252,1785,986,4,-17,20,-0.1230469,0.8715820,0.4814453,0.2441406,-1.0375977,1.2207031
6014805,-253,1786,988,4,-18,19,-0.1235352,0.8720703,0.4824219,0.2441406,-1.0986328,1.1596680
6016804,-255,1787,988,2,-18,20,-0.1245117,0.8725586,0.4824219,0.1220703,-1.0986328,1.2207031
6018804,-255,1788,987,3,-17,18,-0.1245117,0.8730469,0.4819336,0.1831055,-1.0375977,1.0986328
6020803,-253,1787,988,2,-18,20,-0.1235352,0.8725586,0.4824219,0.1220703,-1.0986328,1.2207031
6022802,-251,1784,988,2,-18,19,-0.1225586,0.8710938,0.4824219,0.1220703,-1.0986328,1.1596680
6024802,-250,1787,989,2,-18,20,-0.1220703,0.8725586,0.4829102,0.1220703,-1.0986328,1.2207031
6026801,-251,1784,988,3,-18,20,-0.1225586,0.8710938,0.4824219,0.1831055,-1.0986328,1.2207031
6028800,-253,1782,987,3,-18,20,-0.1235352,0.8701172,0.4819336,0.1831055,-1.0986328,1.2207031
6030799,-251,1788,986,2,-17,20,-0.1225586,0.8730469,0.4814453,0.1220703,-1.0375977,1.2207031
6032799,-249,1784,986,2,-18,18,-0.1215820,0.8710938,0.4814453,0.1220703,-1.0986328,1.0986328
6034798,-253,1784,986,3,-17,19,-0.1235352,0.8710938,0.4814453,0.1831055,-1.0375977,1.1596680
6036797,-250,1783,989,2,-18,20,-0.1220703,0.8706055,0.4829102,0.1220703,-1.0986328,1.2207031
6038797,-251,1785,986,2,-18,20,-0.1225586,0.8715820,0.4814453,0.1220703,-1.0986328,1.2207031
6040796,-254,1784,986,3,-18,19,-0.1240234,0.8710938,0.4814453,0.1831055,-1.0986328,1.1596680
6042795,-254,1784,990,3,-18,18,-0.1240234,0.8710938,0.4833984,0.1831055,-1.0986328,1.0986328
6044795,-250,1786,987,4,-18,18,-0.1220703,0.8720703,0.4819336,0.2441406,-1.0986328,1.0986328
6046794,-250,1787,989,4,-18,17,-0.1220703,0.8725586,0.4829102,0.2441406,-1.0986328,1.0375977
6048793,-253,1787,987,3,-17,19,-0.1235352,0.8725586,0.4819336,0.1831055,-1.0375977,1.1596680
6050793,-249,1789,988,3,-17,18,-0.1215820,0.8735352,0.4824219,0.1831055,-1.0375977,1.0986328
6052792,-251,1789,986,2,-17,18,-0.1225586,0.8735352,0.4814453,0.1220703,-1.0375977,1.0986328
6054791,-251,1788,988,2,-18,20,-0.1225586,0.8730469,0.4824219,0.1220703,-1.0986328,1.2207031
6056791,-252,1791,989,2,-18,19,-0.1230469,0.8745117,0.4829102,0.1220703,-1.0986328,1.1596680
6058790,-251,1789,991,4,-17,18,-0.1225586,0.8735352,0.4838867,0.2441406,-1.0375977,1.0986328
6060789,-256,1786,988,3,-17,20,-0.1250000,0.8720703,0.4824219,0.1831055,-1.0375977,1.2207031
6062788,-252,1789,989,3,-18,20,-0.1230469,0.8735352,0.4829102,0.1831055,-1.0986328,1.2207031
6064788,-252,1790,988,3,-17,20,-0.1230469,0.8740234,0.4824219,0.1831055,-1.0375977,1.2207031
6066787,-255,1784,987,4,-18,19,-0.1245117,0.8710938,0.4819336,0.2441406,-1.0986328,1.1596680
6068786,-255,1786,990,3,-18,19,-0.1245117,0.8720703,0.4833984,0.1831055,-1.0986328,1.1596680
6070786,-251,1787,984,3,-17,21,-0.1225586,0.8725586,0.4804688,0.1831055,-1.0375977,1.2817383
6072785,-250,1783,987,4,-18,20,-0.1220703,0.8706055,0.4819336,0.2441406,-1.0986328,1.2207031
6074784,-254,1787,985,4,-18,20,-0.1240234,0.8725586,0.4809570,0.2441406,-1.0986328,1.2207031
6076784,-254,1787,985,3,-18,20,-0.1240234,0.8725586,0.4809570,0.1831055,-1.0986328,1.2207031
6078783,-250,1785,987,5,-18,20,-0.1220703,0.8715820,0.4819336,0.3051758,-1.0986328,1.2207031
6080782,-253,1783,986,4,-18,19,-0.1235352,0.8706055,0.4814453,0.2441406,-1.0986328,1.1596680
6082782,-253,1786,989,4,-18,19,-0.1235352,0.8720703,0.4829102,0.2441406,-1.0986328,1.1596680
6084781,-254,1787,987,3,-18,20,-0.1240234,0.8725586,0.4819336,0.1831055,-1.0986328,1.2207031
6086780,-249,1785,989,3,-19,19,-0.1215820,0.8715820,0.4829102,0.1831055,-1.1596680,1.1596680
6088780,-252,1786,986,2,-18,20,-0.1230469,0.8720703,0.4814453,0.1220703,-1.0986328,1.2207031
6090779,-253,1785,987,3,-18,19,-0.1235352,0.8715820,0.4819336,0.1831055,-1.0986328,1.1596680
6092778,-255,1785,986,4,-18,20,-0.1245117,0.8715820,0.4814453,0.2441406,-1.0986328,1.2207031
6094777,-255,1788,988,4,-19,18,-0.1245117,0.8730469,0.4824219,0.2441406,-1.1596680,1.0986328
6096777,-253,1788,985,3,-19,18,-0.1235352,0.8730469,0.4809570,0.1831055,-1.1596680,1.0986328
6098776,-252,1785,985,2,-18,20,-0.1230469,0.8715820,0.4809570,0.1220703,-1.0986328,1.2207031
6100775,-255,1788,990,2,-17,18,-0.1245117,0.8730469,0.4833984,0.1220703,-1.0375977,1.0986328
6102775,-254,1786,989,3,-18,19,-0.1240234,0.8720703,0.4829102,0.1831055,-1.0986328,1.1596680
6104774,-253,1787,989,4,-17,20,-0.1235352,0.8725586,0.4829102,0.2441406,-1.0375977,1.2207031
6106773,-255,1788,988,4,-17,20,-0.1245117,0.8730469,0.4824219,0.2441406,-1.0375977,1.2207031
6108773,-255,1787,989,4,-18,19,-0.1245117,0.8725586,0.4829102,0.2441406,-1.0986328,1.1596680
6110772,-251,1787,985,3,-17,20,-0.1225586,0.8725586,0.4809570,0.1831055,-1.0375977,1.2207031
6112771,-256,1784,987,4,-18,20,-0.1250000,0.8710938,0.4819336,0.2441406,-1.0986328,1.2207031
6114771,-249,1788,985,3,-18,19,-0.1215820,0.8730469,0.4809570,0.1831055,-1.0986328,1.1596680
6116770,-251,1783,984,3,-18,20,-0.1225586,0.8706055,0.4804688,0.1831055,-1.0986328,1.2207031
6118769,-250,1787,986,3,-19,20,-0.1220703,0.8725586,0.4814453,0.1831055,-1.1596680,1.2207031
6120769,-251,1786,986,3,-19,20,-0.1225586,0.8720703,0.4814453,0.1831055,-1.1596680,1.2207031
6122768,-250,1783,985,4,-19,20,-0.1220703,0.8706055,0.4809570,0.2441406,-1.1596680,1.2207031
6124767,-255,1786,985,4,-19,20,-0.1245117,0.8720703,0.4809570,0.2441406,-1.1596680,1.2207031
6126766,-249,1782,984,4,-19,19,-0.1215820,0.8701172,0.4804688,0.2441406,-1.1596680,1.1596680
6128766,-250,1785,989,4,-19,20,-0.1220703,0.8715820,0.4829102,0.2441406,-1.1596680,1.2207031
6130765,-252,1786,986,3,-18,19,-0.1230469,0.8720703,0.4814453,0.1831055,-1.0986328,1.1596680
6132764,-251,1787,987,2,-18,18,-0.1225586,0.8725586,0.4819336,0.1220703,-1.0986328,1.0986328
6134764,-251,1789,986,3,-18,19,-0.1225586,0.8735352,0.4814453,0.1831055,-1.0986328,1.1596680
6136763,-251,1787,987,3,-18,18,-0.1225586,0.8725586,0.4819336,0.1831055,-1.0986328,1.0986328
6138762,-256,1790,988,2,-17,18,-0.1250000,0.8740234,0.4824219,0.1220703,-1.0375977,1.0986328
6140762,-253,1788,986,4,-18,19,-0.1235352,0.8730469,0.4814453,0.2441406,-1.0986328,1.1596680
6142761,-252,1788,987,3,-17,18,-0.1230469,0.8730469,0.4819336,0.1831055,-1.0375977,1.0986328
6144760,-255,1785,988,3,-19,18,-0.1245117,0.8715820,0.4824219,0.1831055,-1.1596680,1.0986328
6146760,-252,1787,989,4,-19,20,-0.1230469,0.8725586,0.4829102,0.2441406,-1.1596680,1.2207031
6148759,-254,1787,988,4,-18,19,-0.1240234,0.8725586,0.4824219,0.2441406,-1.0986328,1.1596680
6150758,-256,1786,988,5,-17,20,-0.1250000,0.8720703,0.4824219,0.3051758,-1.0375977,1.2207031
6152758,-254,1788,988,3,-17,20,-0.1240234,0.8730469,0.4824219,0.1831055,-1.0375977,1.2207031
6154757,-251,1785,985,4,-19,18,-0.1225586,0.8715820,0.4809570,0.2441406,-1.1596680,1.0986328
6156756,-255,1785,988,4,-18,20,-0.1245117,0.8715820,0.4824219,0.2441406,-1.0986328,1.2207031
6158755,-252,1788,987,3,-18,20,-0.1230469,0.8730469,0.4819336,0.1831055,-1.0986328,1.2207031
6160755,-254,1786,988,2,-18,20,-0.1240234,0.8720703,0.4824219,0.1220703,-1.0986328,1.2207031
6162754,-251,1788,984,3,-17,19,-0.1225586,0.8730469,0.4804688,0.1831055,-1.0375977,1.1596680
6164753,-250,1786,987,3,-18,20,-0.1220703,0.8720703,0.4819336,0.1831055,-1.0986328,1.2207031
6166753,-251,1780,984,3,-17,20,-0.1225586,0.8691406,0.4804688,0.1831055,-1.0375977,1.2207031
6168752,-254,1786,984,4,-18,20,-0.1240234,0.8720703,0.4804688,0.2441406,-1.0986328,1.2207031
6170751,-254,1786,987,2,-18,19,-0.1240234,0.8720703,0.4819336,0.1220703,-1.0986328,1.1596680
6172751,-251,1783,986,3,-18,19,-0.1225586,0.8706055,0.4814453,0.1831055,-1.0986328,1.1596680
6174750,-252,1784,987,3,-18,20,-0.1230469,0.8710938,0.4819336,0.1831055,-1.0986328,1.2207031
6176749,-253,1788,984,2,-18,19,-0.1235352,0.8730469,0.4804688,0.1220703,-1.0986328,1.1596680
6178749,-252,1788,988,3,-17,19,-0.1230469,0.8730469,0.4824219,0.1831055,-1.0375977,1.1596680
6180748,-253,1783,986,3,-18,18,-0.1235352,0.8706055,0.4814453,0.1831055,-1.0986328,1.0986328
6182747,-250,1786,986,4,-18,18,-0.1220703,0.8720703,0.4814453,0.2441406,-1.0986328,1.0986328
6184747,-253,1789,986,3,-17,18,-0.1235352,0.8735352,0.4814453,0.1831055,-1.0375977,1.0986328
6186746,-255,1789,989,3,-19,19,-0.1245117,0.8735352,0.4829102,0.1831055,-1.1596680,1.1596680
6188745,-252,1787,990,2,-18,19,-0.1230469,0.8725586,0.4833984,0.1220703,-1.0986328,1.1596680
6190744,-254,1793,990,3,-17,20,-0.1240234,0.8754883,0.4833984,0.1831055,-1.0375977,1.2207031
6192744,-254,1786,988,4,-18,19,-0.1240234,0.8720703,0.4824219,0.2441406,-1.0986328,1.1596680
6194743,-250,1790,989,4,-18,19,-0.1220703,0.8740234,0.4829102,0.2441406,-1.0986328,1.1596680
6196742,-250,1791,988,4,-18,20,-0.1220703,0.8745117,0.4824219,0.2441406,-1.0986328,1.2207031
6198742,-250,1787,989,4,-19,19,-0.1220703,0.8725586,0.4829102,0.2441406,-1.1596680,1.1596680
6200741,-253,1787,984,4,-19,20,-0.1235352,0.8725586,0.4804688,0.2441406,-1.1596680,1.2207031
6202740,-251,1787,989,4,-18,20,-0.1225586,0.8725586,0.4829102,0.2441406,-1.0986328,1.2207031
6204740,-251,1786,986,4,-18,20,-0.1225586,0.8720703,0.4814453,0.2441406,-1.0986328,1.2207031
6206739,-251,1785,987,3,-18,20,-0.1225586,0.8715820,0.4819336,0.1831055,-1.0986328,1.2207031
6208738,-253,1785,985,4,-19,19,-0.1235352,0.8715820,0.4809570,0.2441406,-1.1596680,1.1596680
6210738,-258,1786,986,3,-18,20,-0.1259766,0.8720703,0.4814453,0.1831055,-1.0986328,1.2207031
6212737,-251,1785,987,3,-17,19,-0.1225586,0.8715820,0.4819336,0.1831055,-1.0375977,1.1596680
6214736,-249,1786,985,3,-17,21,-0.1215820,0.8720703,0.4809570,0.1831055,-1.0375977,1.2817383
6216736,-251,1787,988,3,-18,20,-0.1225586,0.8725586,0.4824219,0.1831055,-1.0986328,1.2207031
6218735,-251,1783,987,3,-18,19,-0.1225586,0.8706055,0.4819336,0.1831055,-1.0986328,1.1596680
6220734,-252,1788,985,3,-19,18,-0.1230469,0.8730469,0.4809570,0.1831055,-1.1596680,1.0986328
6222733,-254,1789,988,3,-18,19,-0.1240234,0.8735352,0.4824219,0.1831055,-1.0986328,1.1596680
6224733,-249,1786,988,3,-18,19,-0.1215820,0.8720703,0.4824219,0.1831055,-1.0986328,1.1596680
6226732,-253,1789,987,2,-18,18,-0.1235352,0.8735352,0.4819336,0.1220703,-1.0986328,1.0986328
6228731,-256,1786,988,4,-18,18,-0.1250000,0.8720703,0.4824219,0.2441406,-1.0986328,1.0986328
6230731,-252,1787,987,3,-18,18,-0.1230469,0.8725586,0.4819336,0.1831055,-1.0986328,1.0986328
6232730,-252,1784,988,3,-18,18,-0.1230469,0.8710938,0.4824219,0.1831055,-1.0986328,1.0986328
6234729,-251,1785,988,4,-18,19,-0.1225586,0.8715820,0.4824219,0.2441406,-1.0986328,1.1596680
6236729,-252,1786,987,3,-17,20,-0.1230469,0.8720703,0.4819336,0.1831055,-1.0375977,1.2207031
6238728,-252,1789,988,3,-17,19,-0.1230469,0.8735352,0.4824219,0.1831055,-1.0375977,1.1596680
6240727,-253,1786,989,4,-18,19,-0.1235352,0.8720703,0.4829102,0.2441406,-1.0986328,1.1596680
6242727,-252,1785,989,2,-17,20,-0.1230469,0.8715820,0.4829102,0.1220703,-1.0375977,1.2207031
6244726,-250,1784,987,2,-18,21,-0.1220703,0.8710938,0.4819336,0.1220703,-1.0986328,1.2817383
6246725,-253,1785,985,3,-18,20,-0.1235352,0.8715820,0.4809570,0.1831055,-1.0986328,1.2207031
6248725,-252,1783,985,4,-18,20,-0.1230469,0.8706055,0.4809570,0.2441406,-1.0986328,1.2207031
6250724,-254,1785,988,3,-17,19,-0.1240234,0.8715820,0.4824219,0.1831055,-1.0375977,1.1596680
6252723,-254,1783,985,3,-18,19,-0.1240234,0.8706055,0.4809570,0.1831055,-1.0986328,1.1596680
6254722,-250,1784,985,3,-19,19,-0.1220703,0.8710938,0.4809570,0.1831055,-1.1596680,1.1596680
6256722,-253,1782,988,2,-18,19,-0.1235352,0.8701172,0.4824219,0.1220703,-1.0986328,1.1596680
6258721,-254,1784,982,4,-17,19,-0.1240234,0.8710938,0.4794922,0.2441406,-1.0375977,1.1596680
6260720,-251,1788,991,3,-18,19,-0.1225586,0.8730469,0.4838867,0.1831055,-1.0986328,1.1596680
6262720,-250,1784,988,3,-18,19,-0.1220703,0.8710938,0.4824219,0.1831055,-1.0986328,1.1596680
6264719,-253,1790,988,2,-18,18,-0.1235352,0.8740234,0.4824219,0.1220703,-1.0986328,1.0986328
6266718,-252,1787,990,2,-18,18,-0.1230469,0.8725586,0.4833984,0.1220703,-1.0986328,1.0986328
6268718,-254,1788,991,2,-19,17,-0.1240234,0.8730469,0.4838867,0.1220703,-1.1596680,1.0375977
6270717,-254,1789,990,3,-17,19,-0.1240234,0.8735352,0.4833984,0.1831055,-1.0375977,1.1596680
6272716,-257,1792,989,3,-17,19,-0.1254883,0.8750000,0.4829102,0.1831055,-1.0375977,1.1596680
6274716,-255,1787,987,3,-18,19,-0.1245117,0.8725586,0.4819336,0.1831055,-1.0986328,1.1596680
6276715,-252,1789,991,3,-18,18,-0.1230469,0.8735352,0.4838867,0.1831055,-1.0986328,1.0986328
6278714,-251,1790,990,2,-18,20,-0.1225586,0.8740234,0.4833984,0.1220703,-1.0986328,1.2207031
6280714,-253,1789,989,5,-18,19,-0.1235352,0.8735352,0.4829102,0.3051758,-1.0986328,1.1596680
6282713,-255,1786,986,3,-18,20,-0.1245117,0.8720703,0.4814453,0.1831055,-1.0986328,1.2207031
6284712,-252,1783,988,4,-18,19,-0.1230469,0.8706055,0.4824219,0.2441406,-1.0986328,1.1596680
6286711,-252,1785,984,4,-17,21,-0.1230469,0.8715820,0.4804688,0.2441406,-1.0375977,1.2817383
6288711,-252,1785,984,4,-18,19,-0.1230469,0.8715820,0.4804688,0.2441406,-1.0986328,1.1596680
6290710,-255,1785,988,3,-19,21,-0.1245117,0.8715820,0.4824219,0.1831055,-1.1596680,1.2817383
6292709,-254,1785,986,5,-18,20,-0.1240234,0.8715820,0.4814453,0.3051758,-1.0986328,1.2207031
6294709,-250,1783,983,3,-18,20,-0.1220703,0.8706055,0.4799805,0.1831055,-1.0986328,1.2207031
6296708,-248,1784,980,3,-17,19,-0.1210938,0.8710938,0.4785156,0.1831055,-1.0375977,1.1596680
6298707,-252,1782,984,3,-18,19,-0.1230469,0.8701172,0.4804688,0.1831055,-1.0986328,1.1596680
6300707,-252,1782,988,2,-19,20,-0.1230469,0.8701172,0.4824219,0.1220703,-1.1596680,1.2207031
6302706,-253,1785,985,1,-18,19,-0.1235352,0.8715820,0.4809570,0.0610352,-1.0986328,1.1596680
6304705,-253,1787,985,3,-19,19,-0.1235352,0.8725586,0.4809570,0.1831055,-1.1596680,1.1596680
6306705,-249,1788,987,3,-18,19,-0.1215820,0.8730469,0.4819336,0.1831055,-1.0986328,1.1596680
6308704,-253,1787,987,3,-18,18,-0.1235352,0.8725586,0.4819336,0.1831055,-1.0986328,1.0986328
6310703,-255,1788,989,2,-19,19,-0.1245117,0.8730469,0.4829102,0.1220703,-1.1596680,1.1596680
6312703,-257,1787,989,3,-18,19,-0.1254883,0.8725586,0.4829102,0.1831055,-1.0986328,1.1596680
6314702,-252,1787,988,3,-17,19,-0.1230469,0.8725586,0.4824219,0.1831055,-1.0375977,1.1596680
6316701,-251,1790,990,3,-17,19,-0.1225586,0.8740234,0.4833984,0.1831055,-1.0375977,1.1596680
6318700,-254,1787,991,4,-18,19,-0.1240234,0.8725586,0.4838867,0.2441406,-1.0986328,1.1596680
6320700,-255,1786,991,4,-17,19,-0.1245117,0.8720703,0.4838867,0.2441406,-1.0375977,1.1596680
6322699,-253,1788,989,4,-18,21,-0.1235352,0.8730469,0.4829102,0.2441406,-1.0986328,1.2817383
6324698,-253,1787,988,2,-17,20,-0.1235352,0.8725586,0.4824219,0.1220703,-1.0375977,1.2207031
6326698,-253,1785,988,4,-18,20,-0.1235352,0.8715820,0.4824219,0.2441406,-1.0986328,1.2207031
6328697,-249,1782,986,5,-17,20,-0.1215820,0.8701172,0.4814453,0.3051758,-1.0375977,1.2207031
6330696,-251,1784,985,4,-17,19,-0.1225586,0.8710938,0.4809570,0.2441406,-1.0375977,1.1596680
6332696,-253,1786,984,3,-17,20,-0.1235352,0.8720703,0.4804688,0.1831055,-1.0375977,1.2207031
6334695,-250,1784,985,4,-18,19,-0.1220703,0.8710938,0.4809570,0.2441406,-1.0986328,1.1596680
6336694,-253,1786,984,4,-18,20,-0.1235352,0.8720703,0.4804688,0.2441406,-1.0986328,1.2207031
6338694,-253,1787,988,5,-18,20,-0.1235352,0.8725586,0.4824219,0.3051758,-1.0986328,1.2207031
6340693,-252,1783,983,4,-18,19,-0.1230469,0.8706055,0.4799805,0.2441406,-1.0986328,1.1596680
6342692,-251,1787,985,4,-17,19,-0.1225586,0.8725586,0.4809570,0.2441406,-1.0375977,1.1596680
6344692,-252,1785,984,2,-18,20,-0.1230469,0.8715820,0.4804688,0.1220703,-1.0986328,1.2207031
6346691,-250,1785,985,3,-18,18,-0.1220703,0.8715820,0.4809570,0.1831055,-1.0986328,1.0986328
6348690,-251,1786,985,3,-19,18,-0.1225586,0.8720703,0.4809570,0.1831055,-1.1596680,1.0986328
6350689,-254,1786,987,2,-18,18,-0.1240234,0.8720703,0.4819336,0.1220703,-1.0986328,1.0986328
6352689,-253,1786,988,2,-18,18,-0.1235352,0.8720703,0.4824219,0.1220703,-1.0986328,1.0986328
6354688,-253,1790,988,4,-18,19,-0.1235352,0.8740234,0.4824219,0.2441406,-1.0986328,1.1596680
6356687,-250,1787,989,4,-18,19,-0.1220703,0.8725586,0.4829102,0.2441406,-1.0986328,1.1596680
6358687,-250,1786,987,3,-18,18,-0.1220703,0.8720703,0.4819336,0.1831055,-1.0986328,1.0986328
6360686,-254,1787,987,2,-18,20,-0.1240234,0.8725586,0.4819336,0.1220703,-1.0986328,1.2207031
6362685,-255,1790,991,3,-19,19,-0.1245117,0.8740234,0.4838867,0.1831055,-1.1596680,1.1596680
6364685,-254,1789,988,3,-18,19,-0.1240234,0.8735352,0.4824219,0.1831055,-1.0986328,1.1596680
6366684,-253,1789,986,4,-17,19,-0.1235352,0.8735352,0.4814453,0.2441406,-1.0375977,1.1596680
6368683,-251,1790,988,4,-18,21,-0.1225586,0.8740234,0.4824219,0.2441406,-1.0986328,1.2817383
6370683,-256,1785,986,4,-18,20,-0.1250000,0.8715820,0.4814453,0.2441406,-1.0986328,1.2207031
6372682,-252,1787,986,5,-17,20,-0.1230469,0.8725586,0.4814453,0.3051758,-1.0375977,1.2207031
6374681,-253,1787,984,4,-17,19,-0.1235352,0.8725586,0.4804688,0.2441406,-1.0375977,1.1596680
6376681,-248,1786,985,4,-18,20,-0.1210938,0.8720703,0.4809570,0.2441406,-1.0986328,1.2207031
6378680,-250,1786,987,4,-18,21,-0.1220703,0.8720703,0.4819336,0.2441406,-1.0986328,1.2817383
6380679,-251,1784,984,4,-19,20,-0.1225586,0.8710938,0.4804688,0.2441406,-1.1596680,1.2207031
6382678,-254,1785,984,2,-18,20,-0.1240234,0.8715820,0.4804688,0.1220703,-1.0986328,1.2207031
6384678,-250,1785,988,4,-19,19,-0.1220703,0.8715820,0.4824219,0.2441406,-1.1596680,1.1596680
6386677,-250,1784,985,3,-19,19,-0.1220703,0.8710938,0.4809570,0.1831055,-1.1596680,1.1596680
6388676,-252,1786,985,2,-18,19,-0.1230469,0.8720703,0.4809570,0.1220703,-1.0986328,1.1596680
6390676,-255,1786,986,3,-18,19,-0.1245117,0.8720703,0.4814453,0.1831055,-1.0986328,1.1596680
6392675,-254,1787,988,3,-19,18,-0.1240234,0.8725586,0.4824219,0.1831055,-1.1596680,1.0986328
6394674,-250,1788,984,4,-18,19,-0.1220703,0.8730469,0.4804688,0.2441406,-1.0986328,1.1596680
6396674,-253,1787,986,3,-19,19,-0.1235352,0.8725586,0.4814453,0.1831055,-1.1596680,1.1596680
6398673,-254,1788,988,3,-19,18,-0.1240234,0.8730469,0.4824219,0.1831055,-1.1596680,1.0986328
6400672,-254,1788,991,3,-17,19,-0.1240234,0.8730469,0.4838867,0.1831055,-1.0375977,1.1596680
6402672,-255,1788,989,3,-18,20,-0.1245117,0.8730469,0.4829102,0.1831055,-1.0986328,1.2207031
6404671,-253,1787,987,5,-18,19,-0.1235352,0.8725586,0.4819336,0.3051758,-1.0986328,1.1596680
6406670,-252,1791,988,3,-18,20,-0.1230469,0.8745117,0.4824219,0.1831055,-1.0986328,1.2207031
6408670,-255,1786,988,4,-17,19,-0.1245117,0.8720703,0.4824219,0.2441406,-1.0375977,1.1596680
6410669,-253,1788,988,5,-17,19,-0.1235352,0.8730469,0.4824219,0.3051758,-1.0375977,1.1596680
6412668,-251,1784,989,5,-18,19,-0.1225586,0.8710938,0.4829102,0.3051758,-1.0986328,1.1596680
6414667,-251,1788,987,4,-17,19,-0.1225586,0.8730469,0.4819336,0.2441406,-1.0375977,1.1596680
6416667,-250,1784,987,5,-18,19,-0.1220703,0.8710938,0.4819336,0.3051758,-1.0986328,1.1596680
6418666,-252,1788,987,3,-18,19,-0.1230469,0.8730469,0.4819336,0.1831055,-1.0986328,1.1596680
6420665,-249,1784,989,3,-18,20,-0.1215820,0.8710938,0.4829102,0.1831055,-1.0986328,1.2207031
6422665,-250,1782,984,4,-18,20,-0.1220703,0.8701172,0.4804688,0.2441406,-1.0986328,1.2207031
6424664,-250,1785,984,4,-18,20,-0.1220703,0.8715820,0.4804688,0.2441406,-1.0986328,1.2207031
6426663,-254,1786,986,3,-17,20,-0.1240234,0.8720703,0.4814453,0.1831055,-1.0375977,1.2207031
6428663,-253,1785,983,3,-18,18,-0.1235352,0.8715820,0.4799805,0.1831055,-1.0986328,1.0986328
6430662,-248,1787,986,3,-18,19,-0.1210938,0.8725586,0.4814453,0.1831055,-1.0986328,1.1596680
6432661,-251,1787,986,2,-18,19,-0.1225586,0.8725586,0.4814453,0.1220703,-1.0986328,1.1596680
6434661,-255,1786,986,3,-18,20,-0.1245117,0.8720703,0.4814453,0.1831055,-1.0986328,1.2207031
6436660,-253,1785,986,2,-18,19,-0.1235352,0.8715820,0.4814453,0.1220703,-1.0986328,1.1596680
6438659,-249,1788,985,2,-18,19,-0.1215820,0.8730469,0.4809570,0.1220703,-1.0986328,1.1596680
6440659,-249,1786,990,4,-17,20,-0.1215820,0.8720703,0.4833984,0.2441406,-1.0375977,1.2207031
6442658,-252,1788,985,2,-18,19,-0.1230469,0.8730469,0.4809570,0.1220703,-1.0986328,1.1596680
6444657,-256,1786,985,3,-18,19,-0.1250000,0.8720703,0.4809570,0.1831055,-1.0986328,1.1596680
6446656,-258,1787,988,4,-18,20,-0.1259766,0.8725586,0.4824219,0.2441406,-1.0986328,1.2207031
6448656,-254,1786,989,4,-18,19,-0.1240234,0.8720703,0.4829102,0.2441406,-1.0986328,1.1596680
6450655,-252,1789,986,4,-19,19,-0.1230469,0.8735352,0.4814453,0.2441406,-1.1596680,1.1596680
6452654,-253,1789,988,4,-18,18,-0.1235352,0.8735352,0.4824219,0.2441406,-1.0986328,1.0986328
6454654,-254,1787,986,4,-17,19,-0.1240234,0.8725586,0.4814453,0.2441406,-1.0375977,1.1596680
6456653,-252,1786,988,3,-17,20,-0.1230469,0.8720703,0.4824219,0.1831055,-1.0375977,1.2207031
6458652,-249,1785,986,4,-17,19,-0.1215820,0.8715820,0.4814453,0.2441406,-1.0375977,1.1596680
6460652,-253,1789,986,3,-19,20,-0.1235352,0.8735352,0.4814453,0.1831055,-1.1596680,1.2207031
6462651,-254,1786,988,3,-18,20,-0.1240234,0.8720703,0.4824219,0.1831055,-1.0986328,1.2207031
6464650,-252,1785,989,3,-18,20,-0.1230469,0.8715820,0.4829102,0.1831055,-1.0986328,1.2207031
6466650,-251,1783,988,4,-18,20,-0.1225586,0.8706055,0.4824219,0.2441406,-1.0986328,1.2207031
6468649,-251,1786,988,4,-18,20,-0.1225586,0.8720703,0.4824219,0.2441406,-1.0986328,1.2207031
6470648,-252,1785,988,5,-18,20,-0.1230469,0.8715820,0.4824219,0.3051758,-1.0986328,1.2207031
6472648,-253,1782,985,4,-18,20,-0.1235352,0.8701172,0.4809570,0.2441406,-1.0986328,1.2207031
6474647,-253,1783,984,3,-18,19,-0.1235352,0.8706055,0.4804688,0.1831055,-1.0986328,1.1596680
6476646,-254,1784,985,4,-18,19,-0.1240234,0.8710938,0.4809570,0.2441406,-1.0986328,1.1596680
6478645,-250,1789,985,2,-19,19,-0.1220703,0.8735352,0.4809570,0.1220703,-1.1596680,1.1596680
6480645,-254,1786,986,2,-18,19,-0.1240234,0.8720703,0.4814453,0.1220703,-1.0986328,1.1596680
6482644,-253,1787,987,3,-19,19,-0.1235352,0.8725586,0.4819336,0.1831055,-1.1596680,1.1596680
6484643,-253,1786,989,4,-18,19,-0.1235352,0.8720703,0.4829102,0.2441406,-1.0986328,1.1596680
6486643,-252,1786,987,3,-19,20,-0.1230469,0.8720703,0.4819336,0.1831055,-1.1596680,1.2207031
6488642,-251,1784,983,3,-18,19,-0.1225586,0.8710938,0.4799805,0.1831055,-1.0986328,1.1596680
6490641,-253,1786,989,1,-17,19,-0.1235352,0.8720703,0.4829102,0.0610352,-1.0375977,1.1596680
6492641,-253,1782,985,3,-18,19,-0.1235352,0.8701172,0.4809570,0.1831055,-1.0986328,1.1596680
6494640,-254,1785,989,5,-17,19,-0.1240234,0.8715820,0.4829102,0.3051758,-1.0375977,1.1596680
6496639,-253,1783,988,4,-17,20,-0.1235352,0.8706055,0.4824219,0.2441406,-1.0375977,1.2207031
6498639,-252,1789,986,4,-19,19,-0.1230469,0.8735352,0.4814453,0.2441406,-1.1596680,1.1596680
6500638,-252,1784,985,4,-18,19,-0.1230469,0.8710938,0.4809570,0.2441406,-1.0986328,1.1596680
6502637,-251,1790,986,5,-18,19,-0.1225586,0.8740234,0.4814453,0.3051758,-1.0986328,1.1596680
6504637,-254,1787,985,3,-18,19,-0.1240234,0.8725586,0.4809570,0.1831055,-1.0986328,1.1596680
6506636,-252,1788,985,2,-18,19,-0.1230469,0.8730469,0.4809570,0.1220703,-1.0986328,1.1596680
6508635,-256,1787,984,3,-18,19,-0.1250000,0.8725586,0.4804688,0.1831055,-1.0986328,1.1596680
6510634,-254,1785,985,3,-18,18,-0.1240234,0.8715820,0.4809570,0.1831055,-1.0986328,1.0986328
6512634,-252,1783,985,4,-18,19,-0.1230469,0.8706055,0.4809570,0.2441406,-1.0986328,1.1596680
6514633,-254,1787,987,4,-19,19,-0.1240234,0.8725586,0.4819336,0.2441406,-1.1596680,1.1596680
6516632,-254,1786,985,5,-17,19,-0.1240234,0.8720703,0.4809570,0.3051758,-1.0375977,1.1596680
6518632,-253,1787,987,2,-17,18,-0.1235352,0.8725586,0.4819336,0.1220703,-1.0375977,1.0986328
6520631,-252,1788,987,4,-18,19,-0.1230469,0.8730469,0.4819336,0.2441406,-1.0986328,1.1596680
6522630,-252,1783,986,3,-18,20,-0.1230469,0.8706055,0.4814453,0.1831055,-1.0986328,1.2207031
6524630,-251,1783,986,2,-19,20,-0.1225586,0.8706055,0.4814453,0.1220703,-1.1596680,1.2207031
6526629,-254,1785,983,2,-18,19,-0.1240234,0.8715820,0.4799805,0.1220703,-1.0986328,1.1596680
6528628,-254,1786,986,2,-19,20,-0.1240234,0.8720703,0.4814453,0.1220703,-1.1596680,1.2207031
6530628,-252,1783,986,4,-18,20,-0.1230469,0.8706055,0.4814453,0.2441406,-1.0986328,1.2207031
6532627,-252,1789,988,3,-18,19,-0.1230469,0.8735352,0.4824219,0.1831055,-1.0986328,1.1596680
6534626,-254,1784,986,4,-18,19,-0.1240234,0.8710938,0.4814453,0.2441406,-1.0986328,1.1596680
6536626,-252,1784,986,3,-19,19,-0.1230469,0.8710938,0.4814453,0.1831055,-1.1596680,1.1596680
6538625,-250,1786,986,4,-17,20,-0.1220703,0.8720703,0.4814453,0.2441406,-1.0375977,1.2207031
6540624,-251,1786,987,3,-18,18,-0.1225586,0.8720703,0.4819336,0.1831055,-1.0986328,1.0986328
6542623,-255,1786,987,4,-17,18,-0.1245117,0.8720703,0.4819336,0.2441406,-1.0375977,1.0986328
6544623,-253,1788,988,3,-17,18,-0.1235352,0.8730469,0.4824219,0.1831055,-1.0375977,1.0986328
6546622,-252,1785,989,3,-18,19,-0.1230469,0.8715820,0.4829102,0.1831055,-1.0986328,1.1596680
6548621,-251,1784,987,3,-18,19,-0.1225586,0.8710938,0.4819336,0.1831055,-1.0986328,1.1596680
6550621,-253,1787,985,3,-18,19,-0.1235352,0.8725586,0.4809570,0.1831055,-1.0986328,1.1596680
6552620,-254,1784,988,4,-17,19,-0.1240234,0.8710938,0.4824219,0.2441406,-1.0375977,1.1596680
6554619,-251,1786,985,3,-18,19,-0.1225586,0.8720703,0.4809570,0.1831055,-1.0986328,1.1596680
6556619,-251,1785,982,2,-18,20,-0.1225586,0.8715820,0.4794922,0.1220703,-1.0986328,1.2207031
6558618,-251,1785,987,2,-18,19,-0.1225586,0.8715820,0.4819336,0.1220703,-1.0986328,1.1596680
6560617,-251,1785,987,4,-18,19,-0.1225586,0.8715820,0.4819336,0.2441406,-1.0986328,1.1596680
6562617,-253,1785,985,4,-18,19,-0.1235352,0.8715820,0.4809570,0.2441406,-1.0986328,1.1596680
6564616,-254,1787,987,3,-17,19,-0.1240234,0.8725586,0.4819336,0.1831055,-1.0375977,1.1596680
6566615,-250,1789,990,3,-18,19,-0.1220703,0.8735352,0.4833984,0.1831055,-1.0986328,1.1596680
6568615,-254,1785,988,5,-17,19,-0.1240234,0.8715820,0.4824219,0.3051758,-1.0375977,1.1596680
6570614,-251,1784,986,3,-18,19,-0.1225586,0.8710938,0.4814453,0.1831055,-1.0986328,1.1596680
6572613,-252,1788,986,3,-19,19,-0.1230469,0.8730469,0.4814453,0.1831055,-1.1596680,1.1596680
6574612,-257,1787,983,3,-18,20,-0.1254883,0.8725586,0.4799805,0.1831055,-1.0986328,1.2207031
6576612,-255,1787,986,4,-18,20,-0.1245117,0.8725586,0.4814453,0.2441406,-1.0986328,1.2207031
6578611,-253,1789,984,3,-18,20,-0.1235352,0.8735352,0.4804688,0.1831055,-1.0986328,1.2207031
6580610,-252,1788,985,4,-18,19,-0.1230469,0.8730469,0.4809570,0.2441406,-1.0986328,1.1596680
6582610,-250,1785,987,3,-18,19,-0.1220703,0.8715820,0.4819336,0.1831055,-1.0986328,1.1596680
6584609,-252,1784,987,3,-18,20,-0.1230469,0.8710938,0.4819336,0.1831055,-1.0986328,1.2207031
6586608,-249,1784,990,2,-19,19,-0.1215820,0.8710938,0.4833984,0.1220703,-1.1596680,1.1596680
6588608,-254,1785,986,3,-18,19,-0.1240234,0.8715820,0.4814453,0.1831055,-1.0986328,1.1596680
6590607,-254,1785,986,3,-18,18,-0.1240234,0.8715820,0.4814453,0.1831055,-1.0986328,1.0986328
6592606,-252,1785,984,4,-18,18,-0.1230469,0.8715820,0.4804688,0.2441406,-1.0986328,1.0986328
6594606,-252,1784,988,4,-17,19,-0.1230469,0.8710938,0.4824219,0.2441406,-1.0375977,1.1596680
6596605,-254,1786,986,2,-18,18,-0.1240234,0.8720703,0.4814453,0.1220703,-1.0986328,1.0986328
6598604,-252,1785,990,4,-18,20,-0.1230469,0.8715820,0.4833984,0.2441406,-1.0986328,1.2207031
6600604,-255,1785,985,4,-18,19,-0.1245117,0.8715820,0.4809570,0.2441406,-1.0986328,1.1596680
6602603,-253,1788,989,3,-17,18,-0.1235352,0.8730469,0.4829102,0.1831055,-1.0375977,1.0986328
6604602,-251,1785,987,4,-18,19,-0.1225586,0.8715820,0.4819336,0.2441406,-1.0986328,1.1596680
6606601,-253,1789,987,2,-19,20,-0.1235352,0.8735352,0.4819336,0.1220703,-1.1596680,1.2207031
6608601,-256,1788,987,4,-18,19,-0.1250000,0.8730469,0.4819336,0.2441406,-1.0986328,1.1596680
6610600,-252,1787,985,4,-17,20,-0.1230469,0.8725586,0.4809570,0.2441406,-1.0375977,1.2207031
6612599,-253,1787,984,3,-17,19,-0.1235352,0.8725586,0.4804688,0.1831055,-1.0375977,1.1596680
6614599,-249,1786,984,3,-17,19,-0.1215820,0.8720703,0.4804688,0.1831055,-1.0375977,1.1596680
6616598,-254,1785,988,2,-19,19,-0.1240234,0.8715820,0.4824219,0.1220703,-1.1596680,1.1596680
6618597,-255,1786,987,3,-18,20,-0.1245117,0.8720703,0.4819336,0.1831055,-1.0986328,1.2207031
6620597,-255,1788,986,4,-18,19,-0.1245117,0.8730469,0.4814453,0.2441406,-1.0986328,1.1596680
6622596,-252,1785,984,5,-19,19,-0.1230469,0.8715820,0.4804688,0.3051758,-1.1596680,1.1596680
6624595,-251,1785,982,3,-19,19,-0.1225586,0.8715820,0.4794922,0.1831055,-1.1596680,1.1596680
6626595,-250,1785,985,4,-20,19,-0.1220703,0.8715820,0.4809570,0.2441406,-1.2207031,1.1596680
6628594,-256,1785,987,3,-19,19,-0.1250000,0.8715820,0.4819336,0.1831055,-1.1596680,1.1596680
6630593,-253,1788,986,4,-17,19,-0.1235352,0.8730469,0.4814453,0.2441406,-1.0375977,1.1596680
6632593,-250,1785,985,3,-18,20,-0.1220703,0.8715820,0.4809570,0.1831055,-1.0986328,1.2207031
6634592,-247,1784,984,4,-17,19,-0.1206055,0.8710938,0.4804688,0.2441406,-1.0375977,1.1596680
6636591,-250,1785,986,3,-18,19,-0.1220703,0.8715820,0.4814453,0.1831055,-1.0986328,1.1596680
6638590,-256,1788,988,2,-18,20,-0.1250000,0.8730469,0.4824219,0.1220703,-1.0986328,1.2207031
6640590,-253,1786,983,2,-18,20,-0.1235352,0.8720703,0.4799805,0.1220703,-1.0986328,1.2207031
6642589,-251,1788,986,3,-17,20,-0.1225586,0.8730469,0.4814453,0.1831055,-1.0375977,1.2207031
6644588,-252,1786,984,4,-18,20,-0.1230469,0.8720703,0.4804688,0.2441406,-1.0986328,1.2207031
6646588,-256,1785,986,3,-18,19,-0.1250000,0.8715820,0.4814453,0.1831055,-1.0986328,1.1596680
6648587,-250,1786,984,3,-18,21,-0.1220703,0.8720703,0.4804688,0.1831055,-1.0986328,1.2817383
6650586,-248,1787,984,3,-17,20,-0.1210938,0.8725586,0.4804688,0.1831055,-1.0375977,1.2207031
6652586,-251,1784,986,4,-18,19,-0.1225586,0.8710938,0.4814453,0.2441406,-1.0986328,1.1596680
6654585,-252,1787,988,4,-18,19,-0.1230469,0.8725586,0.4824219,0.2441406,-1.0986328,1.1596680
6656584,-255,1790,985,3,-18,20,-0.1245117,0.8740234,0.4809570,0.1831055,-1.0986328,1.2207031
6658584,-253,1787,989,3,-18,20,-0.1235352,0.8725586,0.4829102,0.1831055,-1.0986328,1.2207031
6660583,-251,1786,987,3,-18,20,-0.1225586,0.8720703,0.4819336,0.1831055,-1.0986328,1.2207031
6662582,-253,1786,984,3,-19,19,-0.1235352,0.8720703,0.4804688,0.1831055,-1.1596680,1.1596680
6664582,-253,1785,986,3,-18,18,-0.1235352,0.8715820,0.4814453,0.1831055,-1.0986328,1.0986328
6666581,-255,1781,985,3,-18,19,-0.1245117,0.8696289,0.4809570,0.1831055,-1.0986328,1.1596680
6668580,-251,1786,987,4,-18,19,-0.1225586,0.8720703,0.4819336,0.2441406,-1.0986328,1.1596680
6670579,-250,1781,985,4,-18,20,-0.1220703,0.8696289,0.4809570,0.2441406,-1.0986328,1.2207031
6672579,-252,1783,983,4,-19,19,-0.1230469,0.8706055,0.4799805,0.2441406,-1.1596680,1.1596680
6674578,-252,1786,983,4,-18,18,-0.1230469,0.8720703,0.4799805,0.2441406,-1.0986328,1.0986328
6676577,-250,1787,985,3,-18,19,-0.1220703,0.8725586,0.4809570,0.1831055,-1.0986328,1.1596680
6678577,-254,1785,987,4,-17,19,-0.1240234,0.8715820,0.4819336,0.2441406,-1.0375977,1.1596680
6680576,-249,1786,987,3,-18,19,-0.1215820,0.8720703,0.4819336,0.1831055,-1.0986328,1.1596680
6682575,-252,1784,985,4,-19,19,-0.1230469,0.8710938,0.4809570,0.2441406,-1.1596680,1.1596680
6684575,-252,1787,988,2,-18,20,-0.1230469,0.8725586,0.4824219,0.1220703,-1.0986328,1.2207031
6686574,-252,1787,983,4,-18,19,-0.1230469,0.8725586,0.4799805,0.2441406,-1.0986328,1.1596680
6688573,-253,1785,987,3,-17,19,-0.1235352,0.8715820,0.4819336,0.1831055,-1.0375977,1.1596680
6690573,-254,1785,986,4,-18,19,-0.1240234,0.8715820,0.4814453,0.2441406,-1.0986328,1.1596680
6692572,-253,1784,986,4,-18,20,-0.1235352,0.8710938,0.4814453,0.2441406,-1.0986328,1.2207031
6694571,-252,1784,985,3,-19,19,-0.1230469,0.8710938,0.4809570,0.1831055,-1.1596680,1.1596680
6696571,-252,1785,985,3,-18,20,-0.1230469,0.8715820,0.4809570,0.1831055,-1.0986328,1.2207031
6698570,-252,1785,987,3,-17,20,-0.1230469,0.8715820,0.4819336,0.1831055,-1.0375977,1.2207031
6700569,-251,1786,983,5,-17,20,-0.1225586,0.8720703,0.4799805,0.3051758,-1.0375977,1.2207031
6702568,-252,1783,984,2,-17,20,-0.1230469,0.8706055,0.4804688,0.1220703,-1.0375977,1.2207031
6704568,-254,1786,986,4,-18,19,-0.1240234,0.8720703,0.4814453,0.2441406,-1.0986328,1.1596680
6706567,-250,1783,984,3,-18,19,-0.1220703,0.8706055,0.4804688,0.1831055,-1.0986328,1.1596680
6708566,-253,1785,985,3,-18,20,-0.1235352,0.8715820,0.4809570,0.1831055,-1.0986328,1.2207031
6710566,-251,1786,984,3,-18,20,-0.1225586,0.8720703,0.4804688,0.1831055,-1.0986328,1.2207031
6712565,-252,1786,986,3,-18,19,-0.1230469,0.8720703,0.4814453,0.1831055,-1.0986328,1.1596680
6714564,-253,1788,986,3,-18,20,-0.1235352,0.8730469,0.4814453,0.1831055,-1.0986328,1.2207031
6716564,-253,1784,986,3,-18,19,-0.1235352,0.8710938,0.4814453,0.1831055,-1.0986328,1.1596680
6718563,-253,1789,987,3,-17,18,-0.1235352,0.8735352,0.4819336,0.1831055,-1.0375977,1.0986328
6720562,-253,1784,982,3,-18,19,-0.1235352,0.8710938,0.4794922,0.1831055,-1.0986328,1.1596680
6722562,-251,1785,987,4,-18,19,-0.1225586,0.8715820,0.4819336,0.2441406,-1.0986328,1.1596680
6724561,-252,1783,983,3,-17,19,-0.1230469,0.8706055,0.4799805,0.1831055,-1.0375977,1.1596680
6726560,-249,1785,989,4,-17,19,-0.1215820,0.8715820,0.4829102,0.2441406,-1.0375977,1.1596680
6728560,-253,1788,987,3,-18,19,-0.1235352,0.8730469,0.4819336,0.1831055,-1.0986328,1.1596680
6730559,-250,1785,986,4,-18,19,-0.1220703,0.8715820,0.4814453,0.2441406,-1.0986328,1.1596680
6732558,-254,1786,981,3,-18,19,-0.1240234,0.8720703,0.4790039,0.1831055,-1.0986328,1.1596680
6734557,-252,1784,988,4,-17,20,-0.1230469,0.8710938,0.4824219,0.2441406,-1.0375977,1.2207031
6736557,-253,1788,982,3,-17,19,-0.1235352,0.8730469,0.4794922,0.1831055,-1.0375977,1.1596680
6738556,-251,1784,987,3,-18,19,-0.1225586,0.8710938,0.4819336,0.1831055,-1.0986328,1.1596680
6740555,-254,1788,983,2,-18,19,-0.1240234,0.8730469,0.4799805,0.1220703,-1.0986328,1.1596680
6742555,-254,1784,984,3,-18,20,-0.1240234,0.8710938,0.4804688,0.1831055,-1.0986328,1.2207031
6744554,-252,1787,987,5,-18,20,-0.1230469,0.8725586,0.4819336,0.3051758,-1.0986328,1.2207031
6746553,-253,1789,985,3,-18,20,-0.1235352,0.8735352,0.4809570,0.1831055,-1.0986328,1.2207031
6748553,-251,1784,986,5,-17,18,-0.1225586,0.8710938,0.4814453,0.3051758,-1.0375977,1.0986328
6750552,-250,1788,984,4,-18,20,-0.1220703,0.8730469,0.4804688,0.2441406,-1.0986328,1.2207031
6752551,-252,1785,986,3,-18,19,-0.1230469,0.8715820,0.4814453,0.1831055,-1.0986328,1.1596680
6754551,-252,1786,984,3,-19,18,-0.1230469,0.8720703,0.4804688,0.1831055,-1.1596680,1.0986328
6756550,-253,1787,982,4,-20,19,-0.1235352,0.8725586,0.4794922,0.2441406,-1.2207031,1.1596680
6758549,-254,1785,984,4,-17,19,-0.1240234,0.8715820,0.4804688,0.2441406,-1.0375977,1.1596680
6760549,-254,1786,985,3,-18,19,-0.1240234,0.8720703,0.4809570,0.1831055,-1.0986328,1.1596680
6762548,-253,1786,988,3,-18,20,-0.1235352,0.8720703,0.4824219,0.1831055,-1.0986328,1.2207031
6764547,-251,1788,981,2,-18,20,-0.1225586,0.8730469,0.4790039,0.1220703,-1.0986328,1.2207031
6766546,-253,1789,985,3,-18,18,-0.1235352,0.8735352,0.4809570,0.1831055,-1.0986328,1.0986328
6768546,-251,1784,986,3,-18,21,-0.1225586,0.8710938,0.4814453,0.1831055,-1.0986328,1.2817383
6770545,-254,1784,985,4,-18,19,-0.1240234,0.8710938,0.4809570,0.2441406,-1.0986328,1.1596680
6772544,-251,1786,983,3,-18,18,-0.1225586,0.8720703,0.4799805,0.1831055,-1.0986328,1.0986328
6774544,-256,1788,983,3,-18,18,-0.1250000,0.8730469,0.4799805,0.1831055,-1.0986328,1.0986328
6776543,-255,1786,985,3,-18,19,-0.1245117,0.8720703,0.4809570,0.1831055,-1.0986328,1.1596680
6778542,-257,1788,987,3,-18,19,-0.1254883,0.8730469,0.4819336,0.1831055,-1.0986328,1.1596680
6780542,-253,1784,986,3,-17,20,-0.1235352,0.8710938,0.4814453,0.1831055,-1.0375977,1.2207031
6782541,-253,1786,982,3,-18,19,-0.1235352,0.8720703,0.4794922,0.1831055,-1.0986328,1.1596680
6784540,-252,1788,987,3,-17,19,-0.1230469,0.8730469,0.4819336,0.1831055,-1.0375977,1.1596680
6786540,-252,1788,983,4,-18,19,-0.1230469,0.8730469,0.4799805,0.2441406,-1.0986328,1.1596680
6788539,-252,1784,984,3,-18,18,-0.1230469,0.8710938,0.4804688,0.1831055,-1.0986328,1.0986328
6790538,-255,1785,986,4,-18,19,-0.1245117,0.8715820,0.4814453,0.2441406,-1.0986328,1.1596680
6792538,-255,1786,984,3,-17,20,-0.1245117,0.8720703,0.4804688,0.1831055,-1.0375977,1.2207031
6794537,-253,1788,989,4,-18,19,-0.1235352,0.8730469,0.4829102,0.2441406,-1.0986328,1.1596680
6796536,-255,1783,984,2,-19,19,-0.1245117,0.8706055,0.4804688,0.1220703,-1.1596680,1.1596680
6798535,-253,1784,987,3,-18,19,-0.1235352,0.8710938,0.4819336,0.1831055,-1.0986328,1.1596680
6800535,-252,1787,984,3,-18,20,-0.1230469,0.8725586,0.4804688,0.1831055,-1.0986328,1.2207031
6802534,-254,1786,986,3,-17,19,-0.1240234,0.8720703,0.4814453,0.1831055,-1.0375977,1.1596680
6804533,-252,1786,984,3,-18,19,-0.1230469,0.8720703,0.4804688,0.1831055,-1.0986328,1.1596680
6806533,-254,1785,983,3,-18,18,-0.1240234,0.8715820,0.4799805,0.1831055,-1.0986328,1.0986328
6808532,-254,1785,987,4,-18,19,-0.1240234,0.8715820,0.4819336,0.2441406,-1.0986328,1.1596680
6810531,-252,1786,986,3,-18,19,-0.1230469,0.8720703,0.4814453,0.1831055,-1.0986328,1.1596680
6812531,-255,1786,987,2,-18,19,-0.1245117,0.8720703,0.4819336,0.1220703,-1.0986328,1.1596680
6814530,-253,1785,983,2,-18,20,-0.1235352,0.8715820,0.4799805,0.1220703,-1.0986328,1.2207031
6816529,-252,1784,986,3,-19,20,-0.1230469,0.8710938,0.4814453,0.1831055,-1.1596680,1.2207031
6818529,-254,1786,987,2,-18,20,-0.1240234,0.8720703,0.4819336,0.1220703,-1.0986328,1.2207031
6820528,-252,1785,987,3,-17,19,-0.1230469,0.8715820,0.4819336,0.1831055,-1.0375977,1.1596680
6822527,-253,1787,985,3,-18,20,-0.1235352,0.8725586,0.4809570,0.1831055,-1.0986328,1.2207031
6824527,-252,1787,985,3,-17,19,-0.1230469,0.8725586,0.4809570,0.1831055,-1.0375977,1.1596680
6826526,-254,1785,985,3,-18,19,-0.1240234,0.8715820,0.4809570,0.1831055,-1.0986328,1.1596680
6828525,-256,1787,986,4,-18,20,-0.1250000,0.8725586,0.4814453,0.2441406,-1.0986328,1.2207031
6830524,-253,1785,987,3,-18,18,-0.1235352,0.8715820,0.4819336,0.1831055,-1.0986328,1.0986328
6832524,-251,1787,986,3,-17,19,-0.1225586,0.8725586,0.4814453,0.1831055,-1.0375977,1.1596680
6834523,-249,1789,987,3,-18,19,-0.1215820,0.8735352,0.4819336,0.1831055,-1.0986328,1.1596680
6836522,-255,1786,986,3,-18,19,-0.1245117,0.8720703,0.4814453,0.1831055,-1.0986328,1.1596680
6838522,-255,1786,985,4,-18,19,-0.1245117,0.8720703,0.4809570,0.2441406,-1.0986328,1.1596680
6840521,-254,1784,983,4,-18,19,-0.1240234,0.8710938,0.4799805,0.2441406,-1.0986328,1.1596680
6842520,-253,1789,985,3,-19,20,-0.1235352,0.8735352,0.4809570,0.1831055,-1.1596680,1.2207031
6844520,-252,1786,985,4,-19,21,-0.1230469,0.8720703,0.4809570,0.2441406,-1.1596680,1.2817383
6846519,-252,1784,987,4,-19,18,-0.1230469,0.8710938,0.4819336,0.2441406,-1.1596680,1.0986328
6848518,-255,1787,987,3,-19,20,-0.1245117,0.8725586,0.4819336,0.1831055,-1.1596680,1.2207031
6850518,-252,1783,984,4,-18,20,-0.1230469,0.8706055,0.4804688,0.2441406,-1.0986328,1.2207031
6852517,-250,1785,986,3,-17,20,-0.1220703,0.8715820,0.4814453,0.1831055,-1.0375977,1.2207031
6854516,-252,1785,985,3,-19,20,-0.1230469,0.8715820,0.4809570,0.1831055,-1.1596680,1.2207031
6856516,-253,1788,985,4,-19,19,-0.1235352,0.8730469,0.4809570,0.2441406,-1.1596680,1.1596680
6858515,-255,1782,985,4,-18,20,-0.1245117,0.8701172,0.4809570,0.2441406,-1.0986328,1.2207031
6860514,-253,1786,983,3,-17,19,-0.1235352,0.8720703,0.4799805,0.1831055,-1.0375977,1.1596680
6862513,-252,1786,986,3,-17,20,-0.1230469,0.8720703,0.4814453,0.1831055,-1.0375977,1.2207031
6864513,-255,1790,985,3,-19,20,-0.1245117,0.8740234,0.4809570,0.1831055,-1.1596680,1.2207031
6866512,-255,1786,984,3,-19,19,-0.1245117,0.8720703,0.4804688,0.1831055,-1.1596680,1.1596680
6868511,-252,1786,983,3,-18,19,-0.1230469,0.8720703,0.4799805,0.1831055,-1.0986328,1.1596680
6870511,-253,1787,985,4,-18,19,-0.1235352,0.8725586,0.4809570,0.2441406,-1.0986328,1.1596680
6872510,-254,1785,986,4,-18,20,-0.1240234,0.8715820,0.4814453,0.2441406,-1.0986328,1.2207031
6874509,-255,1786,987,4,-18,18,-0.1245117,0.8720703,0.4819336,0.2441406,-1.0986328,1.0986328
6876509,-254,1786,984,4,-18,19,-0.1240234,0.8720703,0.4804688,0.2441406,-1.0986328,1.1596680
6878508,-249,1782,986,4,-17,20,-0.1215820,0.8701172,0.4814453,0.2441406,-1.0375977,1.2207031
6880507,-248,1787,985,3,-17,19,-0.1210938,0.8725586,0.4809570,0.1831055,-1.0375977,1.1596680
6882507,-252,1788,986,4,-18,20,-0.1230469,0.8730469,0.4814453,0.2441406,-1.0986328,1.2207031
6884506,-257,1785,983,2,-18,19,-0.1254883,0.8715820,0.4799805,0.1220703,-1.0986328,1.1596680
6886505,-253,1785,985,4,-18,20,-0.1235352,0.8715820,0.4809570,0.2441406,-1.0986328,1.2207031
6888505,-252,1786,987,3,-18,20,-0.1230469,0.8720703,0.4819336,0.1831055,-1.0986328,1.2207031
6890504,-254,1787,984,4,-18,21,-0.1240234,0.8725586,0.4804688,0.2441406,-1.0986328,1.2817383
6892503,-256,1783,985,3,-19,20,-0.1250000,0.8706055,0.4809570,0.1831055,-1.1596680,1.2207031
6894502,-252,1784,986,2,-18,20,-0.1230469,0.8710938,0.4814453,0.1220703,-1.0986328,1.2207031
6896502,-252,1785,989,4,-18,20,-0.1230469,0.8715820,0.4829102,0.2441406,-1.0986328,1.2207031
6898501,-248,1785,986,4,-19,21,-0.1210938,0.8715820,0.4814453,0.2441406,-1.1596680,1.2817383
6900500,-254,1784,983,3,-18,20,-0.1240234,0.8710938,0.4799805,0.1831055,-1.0986328,1.2207031
6902500,-254,1783,982,2,-18,18,-0.1240234,0.8706055,0.4794922,0.1220703,-1.0986328,1.0986328
6904499,-253,1786,984,3,-17,19,-0.1235352,0.8720703,0.4804688,0.1831055,-1.0375977,1.1596680
6906498,-251,1783,983,3,-17,19,-0.1225586,0.8706055,0.4799805,0.1831055,-1.0375977,1.1596680
6908498,-250,1786,984,3,-19,17,-0.1220703,0.8720703,0.4804688,0.1831055,-1.1596680,1.0375977
6910497,-252,1786,984,3,-19,19,-0.1230469,0.8720703,0.4804688,0.1831055,-1.1596680,1.1596680
6912496,-256,1786,984,4,-16,19,-0.1250000,0.8720703,0.4804688,0.2441406,-0.9765625,1.1596680
6914496,-254,1787,986,4,-18,19,-0.1240234,0.8725586,0.4814453,0.2441406,-1.0986328,1.1596680
6916495,-254,1785,986,3,-18,18,-0.1240234,0.8715820,0.4814453,0.1831055,-1.0986328,1.0986328
6918494,-255,1786,989,3,-17,18,-0.1245117,0.8720703,0.4829102,0.1831055,-1.0375977,1.0986328
6920494,-253,1789,985,3,-17,18,-0.1235352,0.8735352,0.4809570,0.1831055,-1.0375977,1.0986328
6922493,-251,1785,985,3,-17,19,-0.1225586,0.8715820,0.4809570,0.1831055,-1.0375977,1.1596680
6924492,-253,1788,986,4,-17,20,-0.1235352,0.8730469,0.4814453,0.2441406,-1.0375977,1.2207031
6926491,-252,1787,983,3,-18,20,-0.1230469,0.8725586,0.4799805,0.1831055,-1.0986328,1.2207031
6928491,-257,1789,989,4,-18,19,-0.1254883,0.8735352,0.4829102,0.2441406,-1.0986328,1.1596680
6930490,-252,1788,985,5,-18,20,-0.1230469,0.8730469,0.4809570,0.3051758,-1.0986328,1.2207031
6932489,-250,1787,985,3,-18,19,-0.1220703,0.8725586,0.4809570,0.1831055,-1.0986328,1.1596680
6934489,-254,1784,985,4,-17,20,-0.1240234,0.8710938,0.4809570,0.2441406,-1.0375977,1.2207031
6936488,-256,1785,983,5,-18,20,-0.1250000,0.8715820,0.4799805,0.3051758,-1.0986328,1.2207031
6938487,-252,1784,983,4,-18,19,-0.1230469,0.8710938,0.4799805,0.2441406,-1.0986328,1.1596680
6940487,-254,1787,984,5,-18,20,-0.1240234,0.8725586,0.4804688,0.3051758,-1.0986328,1.2207031
6942486,-252,1785,986,3,-18,20,-0.1230469,0.8715820,0.4814453,0.1831055,-1.0986328,1.2207031
6944485,-253,1784,986,4,-17,20,-0.1235352,0.8710938,0.4814453,0.2441406,-1.0375977,1.2207031
6946485,-252,1783,984,4,-18,20,-0.1230469,0.8706055,0.4804688,0.2441406,-1.0986328,1.2207031
6948484,-253,1783,983,2,-17,19,-0.1235352,0.8706055,0.4799805,0.1220703,-1.0375977,1.1596680
6950483,-252,1784,985,3,-18,19,-0.1230469,0.8710938,0.4809570,0.1831055,-1.0986328,1.1596680
6952483,-248,1785,987,3,-18,20,-0.1210938,0.8715820,0.4819336,0.1831055,-1.0986328,1.2207031
6954482,-250,1784,985,3,-19,19,-0.1220703,0.8710938,0.4809570,0.1831055,-1.1596680,1.1596680
6956481,-256,1787,986,2,-18,19,-0.1250000,0.8725586,0.4814453,0.1220703,-1.0986328,1.1596680
6958480,-254,1785,983,3,-18,18,-0.1240234,0.8715820,0.4799805,0.1831055,-1.0986328,1.0986328
6960480,-255,1787,986,5,-18,19,-0.1245117,0.8725586,0.4814453,0.3051758,-1.0986328,1.1596680
6962479,-253,1787,986,3,-18,20,-0.1235352,0.8725586,0.4814453,0.1831055,-1.0986328,1.2207031
6964478,-250,1786,987,4,-19,19,-0.1220703,0.8720703,0.4819336,0.2441406,-1.1596680,1.1596680
6966478,-252,1784,987,3,-17,19,-0.1230469,0.8710938,0.4819336,0.1831055,-1.0375977,1.1596680
6968477,-253,1785,987,3,-17,19,-0.1235352,0.8715820,0.4819336,0.1831055,-1.0375977,1.1596680
6970476,-252,1788,985,2,-18,19,-0.1230469,0.8730469,0.4809570,0.1220703,-1.0986328,1.1596680
6972476,-255,1789,986,3,-17,20,-0.1245117,0.8735352,0.4814453,0.1831055,-1.0375977,1.2207031
6974475,-251,1789,987,4,-17,20,-0.1225586,0.8735352,0.4819336,0.2441406,-1.0375977,1.2207031
6976474,-254,1788,986,4,-18,19,-0.1240234,0.8730469,0.4814453,0.2441406,-1.0986328,1.1596680
6978474,-256,1784,985,5,-17,19,-0.1250000,0.8710938,0.4809570,0.3051758,-1.0375977,1.1596680
6980473,-252,1786,987,4,-17,19,-0.1230469,0.8720703,0.4819336,0.2441406,-1.0375977,1.1596680
6982472,-254,1787,985,3,-17,20,-0.1240234,0.8725586,0.4809570,0.1831055,-1.0375977,1.2207031
6984472,-252,1783,982,2,-18,19,-0.1230469,0.8706055,0.4794922,0.1220703,-1.0986328,1.1596680
6986471,-253,1786,981,3,-17,20,-0.1235352,0.8720703,0.4790039,0.1831055,-1.0375977,1.2207031
6988470,-252,1784,984,4,-18,20,-0.1230469,0.8710938,0.4804688,0.2441406,-1.0986328,1.2207031
6990469,-248,1784,984,3,-18,18,-0.1210938,0.8710938,0.4804688,0.1831055,-1.0986328,1.0986328
6992469,-251,1783,983,4,-17,19,-0.1225586,0.8706055,0.4799805,0.2441406,-1.0375977,1.1596680
6994468,-254,1786,984,3,-18,20,-0.1240234,0.8720703,0.4804688,0.1831055,-1.0986328,1.2207031
6996467,-253,1783,983,3,-18,19,-0.1235352,0.8706055,0.4799805,0.1831055,-1.0986328,1.1596680
6998467,-253,1784,984,4,-18,19,-0.1235352,0.8710938,0.4804688,0.2441406,-1.0986328,1.1596680
7000466,-251,1785,985,4,-19,19,-0.1225586,0.8715820,0.4809570,0.2441406,-1.1596680,1.1596680
7002465,-254,1785,982,3,-20,19,-0.1240234,0.8715820,0.4794922,0.1831055,-1.2207031,1.1596680
7004465,-251,1784,985,2,-18,19,-0.1225586,0.8710938,0.4809570,0.1220703,-1.0986328,1.1596680
7006464,-252,1786,985,2,-17,20,-0.1230469,0.8720703,0.4809570,0.1220703,-1.0375977,1.2207031
7008463,-254,1787,986,3,-19,19,-0.1240234,0.8725586,0.4814453,0.1831055,-1.1596680,1.1596680
7010463,-254,1788,986,2,-18,19,-0.1240234,0.8730469,0.4814453,0.1220703,-1.0986328,1.1596680
7012462,-256,1787,985,2,-18,18,-0.1250000,0.8725586,0.4809570,0.1220703,-1.0986328,1.0986328
7014461,-251,1788,986,3,-18,19,-0.1225586,0.8730469,0.4814453,0.1831055,-1.0986328,1.1596680
7016461,-252,1789,985,2,-17,18,-0.1230469,0.8735352,0.4809570,0.1220703,-1.0375977,1.0986328
7018460,-254,1789,985,3,-18,19,-0.1240234,0.8735352,0.4809570,0.1831055,-1.0986328,1.1596680
7020459,-255,1789,984,3,-17,20,-0.1245117,0.8735352,0.4804688,0.1831055,-1.0375977,1.2207031
7022458,-254,1785,987,4,-17,20,-0.1240234,0.8715820,0.4819336,0.2441406,-1.0375977,1.2207031
7024458,-252,1785,983,2,-17,20,-0.1230469,0.8715820,0.4799805,0.1220703,-1.0375977,1.2207031
7026457,-251,1789,985,3,-18,19,-0.1225586,0.8735352,0.4809570,0.1831055,-1.0986328,1.1596680
7028456,-253,1783,986,3,-18,20,-0.1235352,0.8706055,0.4814453,0.1831055,-1.0986328,1.2207031
7030456,-253,1786,987,3,-17,20,-0.1235352,0.8720703,0.4819336,0.1831055,-1.0375977,1.2207031
7032455,-252,1787,982,4,-18,20,-0.1230469,0.8725586,0.4794922,0.2441406,-1.0986328,1.2207031
7034454,-251,1786,982,3,-18,20,-0.1225586,0.8720703,0.4794922,0.1831055,-1.0986328,1.2207031
7036454,-254,1785,984,3,-18,20,-0.1240234,0.8715820,0.4804688,0.1831055,-1.0986328,1.2207031
7038453,-250,1786,985,2,-19,19,-0.1220703,0.8720703,0.4809570,0.1220703,-1.1596680,1.1596680
7040452,-252,1785,987,3,-18,19,-0.1230469,0.8715820,0.4819336,0.1831055,-1.0986328,1.1596680
7042452,-253,1786,981,3,-19,19,-0.1235352,0.8720703,0.4790039,0.1831055,-1.1596680,1.1596680
7044451,-253,1785,988,4,-19,18,-0.1235352,0.8715820,0.4824219,0.2441406,-1.1596680,1.0986328
7046450,-255,1783,982,4,-18,19,-0.1245117,0.8706055,0.4794922,0.2441406,-1.0986328,1.1596680
7048450,-253,1787,986,3,-18,19,-0.1235352,0.8725586,0.4814453,0.1831055,-1.0986328,1.1596680
7050449,-255,1786,987,4,-17,19,-0.1245117,0.8720703,0.4819336,0.2441406,-1.0375977,1.1596680
7052448,-252,1788,986,3,-18,18,-0.1230469,0.8730469,0.4814453,0.1831055,-1.0986328,1.0986328
7054447,-254,1787,988,3,-19,18,-0.1240234,0.8725586,0.4824219,0.1831055,-1.1596680,1.0986328
7056447,-254,1792,985,4,-18,19,-0.1240234,0.8750000,0.4809570,0.2441406,-1.0986328,1.1596680
7058446,-256,1785,987,3,-19,20,-0.1250000,0.8715820,0.4819336,0.1831055,-1.1596680,1.2207031
7060445,-251,1784,985,5,-18,19,-0.1225586,0.8710938,0.4809570,0.3051758,-1.0986328,1.1596680
7062445,-253,1786,988,3,-19,20,-0.1235352,0.8720703,0.4824219,0.1831055,-1.1596680,1.2207031
7064444,-253,1783,984,3,-19,19,-0.1235352,0.8706055,0.4804688,0.1831055,-1.1596680,1.1596680
7066443,-251,1786,986,4,-18,20,-0.1225586,0.8720703,0.4814453,0.2441406,-1.0986328,1.2207031
7068443,-251,1786,983,3,-17,20,-0.1225586,0.8720703,0.4799805,0.1831055,-1.0375977,1.2207031
7070442,-252,1785,983,3,-18,21,-0.1230469,0.8715820,0.4799805,0.1831055,-1.0986328,1.2817383
7072441,-252,1785,987,4,-18,19,-0.1230469,0.8715820,0.4819336,0.2441406,-1.0986328,1.1596680
7074441,-254,1784,987,2,-18,19,-0.1240234,0.8710938,0.4819336,0.1220703,-1.0986328,1.1596680
7076440,-253,1786,985,3,-18,20,-0.1235352,0.8720703,0.4809570,0.1831055,-1.0986328,1.2207031
7078439,-252,1783,984,4,-17,20,-0.1230469,0.8706055,0.4804688,0.2441406,-1.0375977,1.2207031
7080439,-250,1784,988,3,-18,19,-0.1220703,0.8710938,0.4824219,0.1831055,-1.0986328,1.1596680
7082438,-250,1787,985,5,-17,19,-0.1220703,0.8725586,0.4809570,0.3051758,-1.0375977,1.1596680
7084437,-253,1787,984,3,-18,19,-0.1235352,0.8725586,0.4804688,0.1831055,-1.0986328,1.1596680
7086436,-250,1785,983,3,-18,18,-0.1220703,0.8715820,0.4799805,0.1831055,-1.0986328,1.0986328
7088436,-251,1788,981,4,-19,20,-0.1225586,0.8730469,0.4790039,0.2441406,-1.1596680,1.2207031
7090435,-252,1786,983,4,-18,19,-0.1230469,0.8720703,0.4799805,0.2441406,-1.0986328,1.1596680
7092434,-253,1788,987,4,-18,18,-0.1235352,0.8730469,0.4819336,0.2441406,-1.0986328,1.0986328
7094434,-255,1787,984,2,-18,19,-0.1245117,0.8725586,0.4804688,0.1220703,-1.0986328,1.1596680
7096433,-252,1785,988,3,-18,19,-0.1230469,0.8715820,0.4824219,0.1831055,-1.0986328,1.1596680
7098432,-253,1787,986,3,-18,19,-0.1235352,0.8725586,0.4814453,0.1831055,-1.0986328,1.1596680
7100432,-255,1784,983,2,-18,19,-0.1245117,0.8710938,0.4799805,0.1220703,-1.0986328,1.1596680
7102431,-253,1786,982,2,-19,19,-0.1235352,0.8720703,0.4794922,0.1220703,-1.1596680,1.1596680
7104430,-254,1784,984,3,-18,19,-0.1240234,0.8710938,0.4804688,0.1831055,-1.0986328,1.1596680
7106430,-251,1787,986,3,-18,19,-0.1225586,0.8725586,0.4814453,0.1831055,-1.0986328,1.1596680
7108429,-258,1788,983,3,-17,20,-0.1259766,0.8730469,0.4799805,0.1831055,-1.0375977,1.2207031
7110428,-255,1786,983,4,-18,20,-0.1245117,0.8720703,0.4799805,0.2441406,-1.0986328,1.2207031
7112428,-251,1787,985,2,-17,20,-0.1225586,0.8725586,0.4809570,0.1220703,-1.0375977,1.2207031
7114427,-251,1786,983,4,-17,20,-0.1225586,0.8720703,0.4799805,0.2441406,-1.0375977,1.2207031
7116426,-252,1787,987,3,-18,20,-0.1230469,0.8725586,0.4819336,0.1831055,-1.0986328,1.2207031
7118425,-252,1783,982,2,-18,20,-0.1230469,0.8706055,0.4794922,0.1220703,-1.0986328,1.2207031
7120425,-252,1783,984,3,-18,20,-0.1230469,0.8706055,0.4804688,0.1831055,-1.0986328,1.2207031
7122424,-252,1784,986,3,-18,19,-0.1230469,0.8710938,0.4814453,0.1831055,-1.0986328,1.1596680
7124423,-254,1784,981,3,-18,20,-0.1240234,0.8710938,0.4790039,0.1831055,-1.0986328,1.2207031
7126423,-251,1785,982,3,-18,18,-0.1225586,0.8715820,0.4794922,0.1831055,-1.0986328,1.0986328
7128422,-251,1786,983,3,-18,19,-0.1225586,0.8720703,0.4799805,0.1831055,-1.0986328,1.1596680
7130421,-252,1784,983,3,-17,18,-0.1230469,0.8710938,0.4799805,0.1831055,-1.0375977,1.0986328
7132421,-255,1788,985,3,-19,19,-0.1245117,0.8730469,0.4809570,0.1831055,-1.1596680,1.1596680
7134420,-256,1785,987,3,-18,18,-0.1250000,0.8715820,0.4819336,0.1831055,-1.0986328,1.0986328
7136419,-254,1787,985,4,-18,18,-0.1240234,0.8725586,0.4809570,0.2441406,-1.0986328,1.0986328
7138419,-255,1785,987,4,-18,18,-0.1245117,0.8715820,0.4819336,0.2441406,-1.0986328,1.0986328
7140418,-250,1784,987,4,-18,19,-0.1220703,0.8710938,0.4819336,0.2441406,-1.0986328,1.1596680
7142417,-254,1786,985,3,-17,20,-0.1240234,0.8720703,0.4809570,0.1831055,-1.0375977,1.2207031
7144417,-254,1790,986,4,-18,19,-0.1240234,0.8740234,0.4814453,0.2441406,-1.0986328,1.1596680
7146416,-252,1787,984,3,-18,20,-0.1230469,0.8725586,0.4804688,0.1831055,-1.0986328,1.2207031
7148415,-255,1786,985,4,-18,20,-0.1245117,0.8720703,0.4809570,0.2441406,-1.0986328,1.2207031
7150414,-253,1787,985,3,-18,20,-0.1235352,0.8725586,0.4809570,0.1831055,-1.0986328,1.2207031
7152414,-254,1786,984,4,-18,20,-0.1240234,0.8720703,0.4804688,0.2441406,-1.0986328,1.2207031
7154413,-252,1787,984,3,-18,20,-0.1230469,0.8725586,0.4804688,0.1831055,-1.0986328,1.2207031
7156412,-252,1785,985,3,-19,20,-0.1230469,0.8715820,0.4809570,0.1831055,-1.1596680,1.2207031
7158412,-252,1784,980,5,-17,20,-0.1230469,0.8710938,0.4785156,0.3051758,-1.0375977,1.2207031
7160411,-253,1786,979,4,-18,21,-0.1235352,0.8720703,0.4780273,0.2441406,-1.0986328,1.2817383
7162410,-254,1787,983,4,-18,21,-0.1240234,0.8725586,0.4799805,0.2441406,-1.0986328,1.2817383
7164410,-249,1785,984,5,-18,19,-0.1215820,0.8715820,0.4804688,0.3051758,-1.0986328,1.1596680
7166409,-253,1785,982,3,-19,19,-0.1235352,0.8715820,0.4794922,0.1831055,-1.1596680,1.1596680
7168408,-250,1784,985,2,-18,19,-0.1220703,0.8710938,0.4809570,0.1220703,-1.0986328,1.1596680
7170408,-252,1786,983,3,-18,20,-0.1230469,0.8720703,0.4799805,0.1831055,-1.0986328,1.2207031
7172407,-254,1785,984,2,-17,20,-0.1240234,0.8715820,0.4804688,0.1220703,-1.0375977,1.2207031
7174406,-252,1782,982,2,-19,19,-0.1230469,0.8701172,0.4794922,0.1220703,-1.1596680,1.1596680
7176406,-252,1785,983,3,-18,20,-0.1230469,0.8715820,0.4799805,0.1831055,-1.0986328,1.2207031
7178405,-252,1789,983,2,-18,18,-0.1230469,0.8735352,0.4799805,0.1220703,-1.0986328,1.0986328
7180404,-250,1786,985,4,-17,19,-0.1220703,0.8720703,0.4809570,0.2441406,-1.0375977,1.1596680
7182403,-251,1785,983,3,-18,19,-0.1225586,0.8715820,0.4799805,0.1831055,-1.0986328,1.1596680
7184403,-253,1785,987,3,-17,18,-0.1235352,0.8715820,0.4819336,0.1831055,-1.0375977,1.0986328
7186402,-252,1788,986,4,-17,19,-0.1230469,0.8730469,0.4814453,0.2441406,-1.0375977,1.1596680
7188401,-256,1790,986,4,-17,19,-0.1250000,0.8740234,0.4814453,0.2441406,-1.0375977,1.1596680
7190401,-256,1784,983,2,-18,18,-0.1250000,0.8710938,0.4799805,0.1220703,-1.0986328,1.0986328
7192400,-253,1791,987,4,-17,19,-0.1235352,0.8745117,0.4819336,0.2441406,-1.0375977,1.1596680
7194399,-252,1789,985,4,-18,18,-0.1230469,0.8735352,0.4809570,0.2441406,-1.0986328,1.0986328
7196399,-252,1790,984,2,-18,20,-0.1230469,0.8740234,0.4804688,0.1220703,-1.0986328,1.2207031
7198398,-251,1787,984,3,-18,21,-0.1225586,0.8725586,0.4804688,0.1831055,-1.0986328,1.2817383
7200397,-253,1787,985,3,-18,20,-0.1235352,0.8725586,0.4809570,0.1831055,-1.0986328,1.2207031
7202397,-251,1783,981,4,-17,20,-0.1225586,0.8706055,0.4790039,0.2441406,-1.0375977,1.2207031
7204396,-252,1788,982,2,-19,20,-0.1230469,0.8730469,0.4794922,0.1220703,-1.1596680,1.2207031
7206395,-250,1786,983,3,-18,20,-0.1220703,0.8720703,0.4799805,0.1831055,-1.0986328,1.2207031
7208395,-252,1786,987,3,-18,20,-0.1230469,0.8720703,0.4819336,0.1831055,-1.0986328,1.2207031
7210394,-253,1781,983,4,-18,19,-0.1235352,0.8696289,0.4799805,0.2441406,-1.0986328,1.1596680
7212393,-252,1785,981,3,-17,19,-0.1230469,0.8715820,0.4790039,0.1831055,-1.0375977,1.1596680
7214392,-250,1786,984,3,-18,20,-0.1220703,0.8720703,0.4804688,0.1831055,-1.0986328,1.2207031
7216392,-252,1782,984,3,-17,18,-0.1230469,0.8701172,0.4804688,0.1831055,-1.0375977,1.0986328
7218391,-251,1787,984,3,-18,19,-0.1225586,0.8725586,0.4804688,0.1831055,-1.0986328,1.1596680
7220390,-254,1787,982,3,-17,18,-0.1240234,0.8725586,0.4794922,0.1831055,-1.0375977,1.0986328
7222390,-254,1786,985,3,-18,19,-0.1240234,0.8720703,0.4809570,0.1831055,-1.0986328,1.1596680
7224389,-251,1786,983,3,-18,19,-0.1225586,0.8720703,0.4799805,0.1831055,-1.0986328,1.1596680
7226388,-253,1785,984,3,-18,19,-0.1235352,0.8715820,0.4804688,0.1831055,-1.0986328,1.1596680
7228388,-250,1786,985,4,-18,19,-0.1220703,0.8720703,0.4809570,0.2441406,-1.0986328,1.1596680
7230387,-253,1788,988,4,-18,19,-0.1235352,0.8730469,0.4824219,0.2441406,-1.0986328,1.1596680
7232386,-254,1789,983,3,-18,20,-0.1240234,0.8735352,0.4799805,0.1831055,-1.0986328,1.2207031
7234386,-253,1787,986,3,-18,18,-0.1235352,0.8725586,0.4814453,0.1831055,-1.0986328,1.0986328
7236385,-252,1785,982,3,-17,20,-0.1230469,0.8715820,0.4794922,0.1831055,-1.0375977,1.2207031
7238384,-250,1786,986,3,-17,20,-0.1220703,0.8720703,0.4814453,0.1831055,-1.0375977,1.2207031
7240384,-255,1786,986,4,-18,20,-0.1245117,0.8720703,0.4814453,0.2441406,-1.0986328,1.2207031
7242383,-255,1785,984,4,-18,19,-0.1245117,0.8715820,0.4804688,0.2441406,-1.0986328,1.1596680
7244382,-253,1785,982,5,-18,19,-0.1235352,0.8715820,0.4794922,0.3051758,-1.0986328,1.1596680
7246381,-253,1784,981,5,-17,19,-0.1235352,0.8710938,0.4790039,0.3051758,-1.0375977,1.1596680
7248381,-252,1784,985,3,-17,19,-0.1230469,0.8710938,0.4809570,0.1831055,-1.0375977,1.1596680
7250380,-251,1786,985,3,-19,21,-0.1225586,0.8720703,0.4809570,0.1831055,-1.1596680,1.2817383
7252379,-254,1784,984,4,-18,20,-0.1240234,0.8710938,0.4804688,0.2441406,-1.0986328,1.2207031
7254379,-253,1781,983,3,-19,20,-0.1235352,0.8696289,0.4799805,0.1831055,-1.1596680,1.2207031
7256378,-251,1785,985,3,-17,20,-0.1225586,0.8715820,0.4809570,0.1831055,-1.0375977,1.2207031
7258377,-250,1786,984,3,-17,18,-0.1220703,0.8720703,0.4804688,0.1831055,-1.0375977,1.0986328
7260377,-252,1787,981,3,-17,20,-0.1230469,0.8725586,0.4790039,0.1831055,-1.0375977,1.2207031
7262376,-255,1787,983,3,-18,19,-0.1245117,0.8725586,0.4799805,0.1831055,-1.0986328,1.1596680
7264375,-252,1785,983,3,-17,19,-0.1230469,0.8715820,0.4799805,0.1831055,-1.0375977,1.1596680
7266375,-250,1789,983,3,-18,19,-0.1220703,0.8735352,0.4799805,0.1831055,-1.0986328,1.1596680
7268374,-252,1787,984,3,-19,19,-0.1230469,0.8725586,0.4804688,0.1831055,-1.1596680,1.1596680
7270373,-251,1788,986,2,-18,18,-0.1225586,0.8730469,0.4814453,0.1220703,-1.0986328,1.0986328
7272373,-251,1787,982,4,-17,19,-0.1225586,0.8725586,0.4794922,0.2441406,-1.0375977,1.1596680
7274372,-252,1785,984,3,-17,18,-0.1230469,0.8715820,0.4804688,0.1831055,-1.0375977,1.0986328
7276371,-249,1787,987,3,-18,20,-0.1215820,0.8725586,0.4819336,0.1831055,-1.0986328,1.2207031
7278370,-255,1785,987,4,-18,20,-0.1245117,0.8715820,0.4819336,0.2441406,-1.0986328,1.2207031
7280370,-253,1784,983,3,-18,20,-0.1235352,0.8710938,0.4799805,0.1831055,-1.0986328,1.2207031
7282369,-254,1786,985,3,-17,18,-0.1240234,0.8720703,0.4809570,0.1831055,-1.0375977,1.0986328
7284368,-250,1785,983,3,-18,18,-0.1220703,0.8715820,0.4799805,0.1831055,-1.0986328,1.0986328
7286368,-253,1786,984,2,-18,18,-0.1235352,0.8720703,0.4804688,0.1220703,-1.0986328,1.0986328
7288367,-252,1787,982,2,-19,18,-0.1230469,0.8725586,0.4794922,0.1220703,-1.1596680,1.0986328
7290366,-253,1787,984,4,-17,19,-0.1235352,0.8725586,0.4804688,0.2441406,-1.0375977,1.1596680
7292366,-252,1784,986,3,-18,20,-0.1230469,0.8710938,0.4814453,0.1831055,-1.0986328,1.2207031
7294365,-251,1783,982,3,-20,19,-0.1225586,0.8706055,0.4794922,0.1831055,-1.2207031,1.1596680
7296364,-252,1788,988,3,-19,18,-0.1230469,0.8730469,0.4824219,0.1831055,-1.1596680,1.0986328
7298364,-255,1785,984,4,-17,19,-0.1245117,0.8715820,0.4804688,0.2441406,-1.0375977,1.1596680
7300363,-251,1786,982,3,-17,19,-0.1225586,0.8720703,0.4794922,0.1831055,-1.0375977,1.1596680
7302362,-250,1785,982,3,-18,18,-0.1220703,0.8715820,0.4794922,0.1831055,-1.0986328,1.0986328
7304362,-248,1784,985,3,-18,19,-0.1210938,0.8710938,0.4809570,0.1831055,-1.0986328,1.1596680
7306361,-251,1788,984,3,-18,19,-0.1225586,0.8730469,0.4804688,0.1831055,-1.0986328,1.1596680
7308360,-254,1786,983,3,-17,19,-0.1240234,0.8720703,0.4799805,0.1831055,-1.0375977,1.1596680
7310359,-251,1786,981,3,-17,19,-0.1225586,0.8720703,0.4790039,0.1831055,-1.0375977,1.1596680
7312359,-254,1787,984,2,-17,19,-0.1240234,0.8725586,0.4804688,0.1220703,-1.0375977,1.1596680
7314358,-250,1785,985,2,-18,19,-0.1220703,0.8715820,0.4809570,0.1220703,-1.0986328,1.1596680
7316357,-254,1786,986,3,-19,19,-0.1240234,0.8720703,0.4814453,0.1831055,-1.1596680,1.1596680
7318357,-254,1784,984,2,-18,19,-0.1240234,0.8710938,0.4804688,0.1220703,-1.0986328,1.1596680
7320356,-252,1785,983,1,-17,19,-0.1230469,0.8715820,0.4799805,0.0610352,-1.0375977,1.1596680
7322355,-254,1787,985,3,-17,19,-0.1240234,0.8725586,0.4809570,0.1831055,-1.0375977,1.1596680
7324355,-256,1787,983,3,-18,20,-0.1250000,0.8725586,0.4799805,0.1831055,-1.0986328,1.2207031
7326354,-254,1783,984,3,-18,20,-0.1240234,0.8706055,0.4804688,0.1831055,-1.0986328,1.2207031
7328353,-254,1785,984,3,-18,20,-0.1240234,0.8715820,0.4804688,0.1831055,-1.0986328,1.2207031
7330353,-251,1787,985,4,-18,19,-0.1225586,0.8725586,0.4809570,0.2441406,-1.0986328,1.1596680
7332352,-251,1788,984,4,-18,20,-0.1225586,0.8730469,0.4804688,0.2441406,-1.0986328,1.2207031
7334351,-251,1783,983,4,-19,19,-0.1225586,0.8706055,0.4799805,0.2441406,-1.1596680,1.1596680
7336351,-254,1785,982,4,-18,18,-0.1240234,0.8715820,0.4794922,0.2441406,-1.0986328,1.0986328
7338350,-254,1787,984,4,-18,19,-0.1240234,0.8725586,0.4804688,0.2441406,-1.0986328,1.1596680
7340349,-250,1787,983,4,-18,19,-0.1220703,0.8725586,0.4799805,0.2441406,-1.0986328,1.1596680
7342348,-253,1784,982,3,-19,18,-0.1235352,0.8710938,0.4794922,0.1831055,-1.1596680,1.0986328
7344348,-253,1787,983,4,-18,20,-0.1235352,0.8725586,0.4799805,0.2441406,-1.0986328,1.2207031
7346347,-252,1787,985,3,-18,19,-0.1230469,0.8725586,0.4809570,0.1831055,-1.0986328,1.1596680
7348346,-254,1788,986,4,-18,19,-0.1240234,0.8730469,0.4814453,0.2441406,-1.0986328,1.1596680
7350346,-251,1788,986,3,-18,19,-0.1225586,0.8730469,0.4814453,0.1831055,-1.0986328,1.1596680
7352345,-253,1787,986,3,-18,19,-0.1235352,0.8725586,0.4814453,0.1831055,-1.0986328,1.1596680
7354344,-256,1789,987,3,-18,18,-0.1250000,0.8735352,0.4819336,0.1831055,-1.0986328,1.0986328
7356344,-255,1787,982,3,-17,19,-0.1245117,0.8725586,0.4794922,0.1831055,-1.0375977,1.1596680
7358343,-255,1784,984,4,-18,18,-0.1245117,0.8710938,0.4804688,0.2441406,-1.0986328,1.0986328
7360342,-254,1784,983,4,-18,20,-0.1240234,0.8710938,0.4799805,0.2441406,-1.0986328,1.2207031
7362342,-255,1784,982,3,-17,19,-0.1245117,0.8710938,0.4794922,0.1831055,-1.0375977,1.1596680
7364341,-254,1784,982,2,-17,19,-0.1240234,0.8710938,0.4794922,0.1220703,-1.0375977,1.1596680
7366340,-252,1785,985,2,-19,19,-0.1230469,0.8715820,0.4809570,0.1220703,-1.1596680,1.1596680
7368340,-250,1784,983,3,-18,19,-0.1220703,0.8710938,0.4799805,0.1831055,-1.0986328,1.1596680
7370339,-252,1785,982,3,-18,18,-0.1230469,0.8715820,0.4794922,0.1831055,-1.0986328,1.0986328
7372338,-252,1784,985,4,-18,19,-0.1230469,0.8710938,0.4809570,0.2441406,-1.0986328,1.1596680
7374337,-251,1788,981,4,-18,18,-0.1225586,0.8730469,0.4790039,0.2441406,-1.0986328,1.0986328
7376337,-255,1782,984,3,-18,19,-0.1245117,0.8701172,0.4804688,0.1831055,-1.0986328,1.1596680
7378336,-256,1788,983,4,-18,19,-0.1250000,0.8730469,0.4799805,0.2441406,-1.0986328,1.1596680
7380335,-249,1784,985,3,-18,19,-0.1215820,0.8710938,0.4809570,0.1831055,-1.0986328,1.1596680
7382335,-253,1787,983,3,-18,19,-0.1235352,0.8725586,0.4799805,0.1831055,-1.0986328,1.1596680
7384334,-253,1788,985,3,-19,19,-0.1235352,0.8730469,0.4809570,0.1831055,-1.1596680,1.1596680
7386333,-251,1789,983,3,-18,18,-0.1225586,0.8735352,0.4799805,0.1831055,-1.0986328,1.0986328
7388333,-253,1786,982,3,-18,19,-0.1235352,0.8720703,0.4794922,0.1831055,-1.0986328,1.1596680
7390332,-254,1786,985,3,-19,20,-0.1240234,0.8720703,0.4809570,0.1831055,-1.1596680,1.2207031
7392331,-255,1788,981,3,-17,19,-0.1245117,0.8730469,0.4790039,0.1831055,-1.0375977,1.1596680
7394331,-258,1788,981,3,-17,19,-0.1259766,0.8730469,0.4790039,0.1831055,-1.0375977,1.1596680
7396330,-251,1785,984,3,-17,19,-0.1225586,0.8715820,0.4804688,0.1831055,-1.0375977,1.1596680
7398329,-254,1786,986,3,-18,19,-0.1240234,0.8720703,0.4814453,0.1831055,-1.0986328,1.1596680
7400329,-251,1786,983,4,-18,20,-0.1225586,0.8720703,0.4799805,0.2441406,-1.0986328,1.2207031
7402328,-254,1784,983,3,-19,20,-0.1240234,0.8710938,0.4799805,0.1831055,-1.1596680,1.2207031
7404327,-251,1786,983,4,-17,19,-0.1225586,0.8720703,0.4799805,0.2441406,-1.0375977,1.1596680
7406326,-253,1784,981,4,-18,20,-0.1235352,0.8710938,0.4790039,0.2441406,-1.0986328,1.2207031
7408326,-252,1782,986,4,-18,20,-0.1230469,0.8701172,0.4814453,0.2441406,-1.0986328,1.2207031
7410325,-253,1786,983,4,-18,20,-0.1235352,0.8720703,0.4799805,0.2441406,-1.0986328,1.2207031
7412324,-250,1785,983,4,-18,19,-0.1220703,0.8715820,0.4799805,0.2441406,-1.0986328,1.1596680
7414324,-251,1782,982,3,-19,21,-0.1225586,0.8701172,0.4794922,0.1831055,-1.1596680,1.2817383
7416323,-250,1785,980,4,-18,19,-0.1220703,0.8715820,0.4785156,0.2441406,-1.0986328,1.1596680
7418322,-251,1783,983,3,-19,19,-0.1225586,0.8706055,0.4799805,0.1831055,-1.1596680,1.1596680
7420322,-252,1785,982,4,-17,19,-0.1230469,0.8715820,0.4794922,0.2441406,-1.0375977,1.1596680
7422321,-252,1786,984,3,-18,18,-0.1230469,0.8720703,0.4804688,0.1831055,-1.0986328,1.0986328
7424320,-251,1786,984,2,-18,18,-0.1225586,0.8720703,0.4804688,0.1220703,-1.0986328,1.0986328
7426320,-253,1787,984,4,-17,19,-0.1235352,0.8725586,0.4804688,0.2441406,-1.0375977,1.1596680
7428319,-251,1786,985,2,-18,18,-0.1225586,0.8720703,0.4809570,0.1220703,-1.0986328,1.0986328
7430318,-250,1786,986,2,-17,18,-0.1220703,0.8720703,0.4814453,0.1220703,-1.0375977,1.0986328
7432318,-257,1786,983,3,-18,19,-0.1254883,0.8720703,0.4799805,0.1831055,-1.0986328,1.1596680
7434317,-250,1784,983,1,-18,19,-0.1220703,0.8710938,0.4799805,0.0610352,-1.0986328,1.1596680
7436316,-253,1787,984,4,-18,19,-0.1235352,0.8725586,0.4804688,0.2441406,-1.0986328,1.1596680
7438315,-254,1787,986,5,-18,19,-0.1240234,0.8725586,0.4814453,0.3051758,-1.0986328,1.1596680
7440315,-254,1790,983,4,-19,20,-0.1240234,0.8740234,0.4799805,0.2441406,-1.1596680,1.2207031
7442314,-254,1787,985,4,-18,20,-0.1240234,0.8725586,0.4809570,0.2441406,-1.0986328,1.2207031
7444313,-256,1789,982,4,-17,20,-0.1250000,0.8735352,0.4794922,0.2441406,-1.0375977,1.2207031
7446313,-251,1789,983,5,-18,20,-0.1225586,0.8735352,0.4799805,0.3051758,-1.0986328,1.2207031
7448312,-250,1786,983,3,-18,20,-0.1220703,0.8720703,0.4799805,0.1831055,-1.0986328,1.2207031
7450311,-251,1786,981,4,-17,19,-0.1225586,0.8720703,0.4790039,0.2441406,-1.0375977,1.1596680
7452311,-252,1787,983,4,-18,19,-0.1230469,0.8725586,0.4799805,0.2441406,-1.0986328,1.1596680
7454310,-250,1785,984,4,-18,20,-0.1220703,0.8715820,0.4804688,0.2441406,-1.0986328,1.2207031
7456309,-250,1788,983,5,-18,19,-0.1220703,0.8730469,0.4799805,0.3051758,-1.0986328,1.1596680
7458309,-253,1789,980,2,-19,19,-0.1235352,0.8735352,0.4785156,0.1220703,-1.1596680,1.1596680
7460308,-251,1784,984,4,-17,19,-0.1225586,0.8710938,0.4804688,0.2441406,-1.0375977,1.1596680
7462307,-250,1785,984,3,-17,19,-0.1220703,0.8715820,0.4804688,0.1831055,-1.0375977,1.1596680
7464307,-251,1784,983,3,-18,18,-0.1225586,0.8710938,0.4799805,0.1831055,-1.0986328,1.0986328
7466306,-252,1785,986,2,-18,19,-0.1230469,0.8715820,0.4814453,0.1220703,-1.0986328,1.1596680
7468305,-251,1785,984,2,-19,18,-0.1225586,0.8715820,0.4804688,0.1220703,-1.1596680,1.0986328
7470304,-252,1787,984,3,-17,18,-0.1230469,0.8725586,0.4804688,0.1831055,-1.0375977,1.0986328
7472304,-255,1788,984,4,-19,18,-0.1245117,0.8730469,0.4804688,0.2441406,-1.1596680,1.0986328
7474303,-252,1787,983,3,-18,19,-0.1230469,0.8725586,0.4799805,0.1831055,-1.0986328,1.1596680
7476302,-250,1789,986,2,-18,19,-0.1220703,0.8735352,0.4814453,0.1220703,-1.0986328,1.1596680
7478302,-255,1788,986,3,-18,18,-0.1245117,0.8730469,0.4814453,0.1831055,-1.0986328,1.0986328
7480301,-255,1785,985,4,-18,19,-0.1245117,0.8715820,0.4809570,0.2441406,-1.0986328,1.1596680
7482300,-253,1789,984,4,-17,19,-0.1235352,0.8735352,0.4804688,0.2441406,-1.0375977,1.1596680
7484300,-254,1789,984,3,-16,19,-0.1240234,0.8735352,0.4804688,0.1831055,-0.9765625,1.1596680
7486299,-251,1784,984,4,-17,19,-0.1225586,0.8710938,0.4804688,0.2441406,-1.0375977,1.1596680
7488298,-253,1788,985,4,-18,20,-0.1235352,0.8730469,0.4809570,0.2441406,-1.0986328,1.2207031
7490298,-255,1788,985,5,-17,20,-0.1245117,0.8730469,0.4809570,0.3051758,-1.0375977,1.2207031
7492297,-253,1781,983,4,-18,21,-0.1235352,0.8696289,0.4799805,0.2441406,-1.0986328,1.2817383
7494296,-254,1785,984,3,-18,21,-0.1240234,0.8715820,0.4804688,0.1831055,-1.0986328,1.2817383
7496296,-248,1783,983,5,-18,20,-0.1210938,0.8706055,0.4799805,0.3051758,-1.0986328,1.2207031
7498295,-252,1785,983,3,-17,20,-0.1230469,0.8715820,0.4799805,0.1831055,-1.0375977,1.2207031
7500294,-253,1783,982,3,-19,19,-0.1235352,0.8706055,0.4794922,0.1831055,-1.1596680,1.1596680
7502293,-253,1787,982,4,-18,20,-0.1235352,0.8725586,0.4794922,0.2441406,-1.0986328,1.2207031
7504293,-255,1784,981,3,-18,20,-0.1245117,0.8710938,0.4790039,0.1831055,-1.0986328,1.2207031
7506292,-252,1785,982,2,-18,19,-0.1230469,0.8715820,0.4794922,0.1220703,-1.0986328,1.1596680
7508291,-251,1785,984,3,-17,18,-0.1225586,0.8715820,0.4804688,0.1831055,-1.0375977,1.0986328
7510291,-255,1784,985,3,-18,18,-0.1245117,0.8710938,0.4809570,0.1831055,-1.0986328,1.0986328
7512290,-255,1785,983,4,-18,19,-0.1245117,0.8715820,0.4799805,0.2441406,-1.0986328,1.1596680
7514289,-252,1786,986,2,-18,18,-0.1230469,0.8720703,0.4814453,0.1220703,-1.0986328,1.0986328
7516289,-253,1788,984,3,-18,17,-0.1235352,0.8730469,0.4804688,0.1831055,-1.0986328,1.0375977
7518288,-256,1787,985,4,-17,18,-0.1250000,0.8725586,0.4809570,0.2441406,-1.0375977,1.0986328
7520287,-256,1788,986,2,-18,19,-0.1250000,0.8730469,0.4814453,0.1220703,-1.0986328,1.1596680
7522287,-251,1788,985,3,-18,19,-0.1225586,0.8730469,0.4809570,0.1831055,-1.0986328,1.1596680
7524286,-252,1791,986,2,-19,17,-0.1230469,0.8745117,0.4814453,0.1220703,-1.1596680,1.0375977
7526285,-256,1787,984,3,-17,19,-0.1250000,0.8725586,0.4804688,0.1831055,-1.0375977,1.1596680
7528285,-253,1788,985,4,-16,20,-0.1235352,0.8730469,0.4809570,0.2441406,-0.9765625,1.2207031
7530284,-253,1785,982,4,-17,20,-0.1235352,0.8715820,0.4794922,0.2441406,-1.0375977,1.2207031
7532283,-254,1787,983,3,-18,19,-0.1240234,0.8725586,0.4799805,0.1831055,-1.0986328,1.1596680
7534282,-251,1784,981,3,-18,20,-0.1225586,0.8710938,0.4790039,0.1831055,-1.0986328,1.2207031
7536282,-253,1786,979,2,-18,20,-0.1235352,0.8720703,0.4780273,0.1220703,-1.0986328,1.2207031
7538281,-250,1786,982,2,-17,22,-0.1220703,0.8720703,0.4794922,0.1220703,-1.0375977,1.3427734
7540280,-253,1787,982,3,-18,20,-0.1235352,0.8725586,0.4794922,0.1831055,-1.0986328,1.2207031
7542280,-250,1785,982,3,-18,20,-0.1220703,0.8715820,0.4794922,0.1831055,-1.0986328,1.2207031
7544279,-250,1782,981,3,-18,20,-0.1220703,0.8701172,0.4790039,0.1831055,-1.0986328,1.2207031
7546278,-249,1783,980,4,-18,19,-0.1215820,0.8706055,0.4785156,0.2441406,-1.0986328,1.1596680
7548278,-251,1784,981,3,-18,19,-0.1225586,0.8710938,0.4790039,0.1831055,-1.0986328,1.1596680
7550277,-252,1787,983,4,-18,19,-0.1230469,0.8725586,0.4799805,0.2441406,-1.0986328,1.1596680
7552276,-252,1781,983,2,-18,19,-0.1230469,0.8696289,0.4799805,0.1220703,-1.0986328,1.1596680
7554276,-251,1786,982,3,-17,19,-0.1225586,0.8720703,0.4794922,0.1831055,-1.0375977,1.1596680
7556275,-251,1786,984,2,-19,19,-0.1225586,0.8720703,0.4804688,0.1220703,-1.1596680,1.1596680
7558274,-251,1787,986,3,-18,19,-0.1225586,0.8725586,0.4814453,0.1831055,-1.0986328,1.1596680
7560274,-252,1789,987,3,-18,19,-0.1230469,0.8735352,0.4819336,0.1831055,-1.0986328,1.1596680
7562273,-257,1788,987,3,-18,19,-0.1254883,0.8730469,0.4819336,0.1831055,-1.0986328,1.1596680
7564272,-252,1790,986,3,-17,19,-0.1230469,0.8740234,0.4814453,0.1831055,-1.0375977,1.1596680
7566271,-253,1788,985,4,-17,19,-0.1235352,0.8730469,0.4809570,0.2441406,-1.0375977,1.1596680
7568271,-253,1788,982,4,-18,18,-0.1235352,0.8730469,0.4794922,0.2441406,-1.0986328,1.0986328
7570270,-252,1787,983,4,-17,19,-0.1230469,0.8725586,0.4799805,0.2441406,-1.0375977,1.1596680
7572269,-253,1787,987,3,-19,21,-0.1235352,0.8725586,0.4819336,0.1831055,-1.1596680,1.2817383
7574269,-254,1784,985,5,-17,20,-0.1240234,0.8710938,0.4809570,0.3051758,-1.0375977,1.2207031
7576268,-254,1786,986,6,-17,19,-0.1240234,0.8720703,0.4814453,0.3662109,-1.0375977,1.1596680
7578267,-253,1786,983,3,-17,20,-0.1235352,0.8720703,0.4799805,0.1831055,-1.0375977,1.2207031
7580267,-254,1784,983,3,-17,19,-0.1240234,0.8710938,0.4799805,0.1831055,-1.0375977,1.1596680
7582266,-254,1788,983,4,-17,20,-0.1240234,0.8730469,0.4799805,0.2441406,-1.0375977,1.2207031
7584265,-254,1783,985,2,-18,20,-0.1240234,0.8706055,0.4809570,0.1220703,-1.0986328,1.2207031
7586265,-250,1783,980,4,-18,21,-0.1220703,0.8706055,0.4785156,0.2441406,-1.0986328,1.2817383
7588264,-252,1781,986,3,-18,20,-0.1230469,0.8696289,0.4814453,0.1831055,-1.0986328,1.2207031
7590263,-256,1779,983,2,-18,19,-0.1250000,0.8686523,0.4799805,0.1220703,-1.0986328,1.1596680
7592263,-253,1787,982,2,-18,19,-0.1235352,0.8725586,0.4794922,0.1220703,-1.0986328,1.1596680
7594262,-252,1783,983,3,-19,18,-0.1230469,0.8706055,0.4799805,0.1831055,-1.1596680,1.0986328
7596261,-250,1786,983,4,-19,19,-0.1220703,0.8720703,0.4799805,0.2441406,-1.1596680,1.1596680
7598260,-254,1785,985,3,-18,19,-0.1240234,0.8715820,0.4809570,0.1831055,-1.0986328,1.1596680
7600260,-255,1787,985,3,-19,19,-0.1245117,0.8725586,0.4809570,0.1831055,-1.1596680,1.1596680
7602259,-253,1788,984,4,-18,19,-0.1235352,0.8730469,0.4804688,0.2441406,-1.0986328,1.1596680
7604258,-254,1788,985,3,-17,18,-0.1240234,0.8730469,0.4809570,0.1831055,-1.0375977,1.0986328
7606258,-252,1785,987,1,-18,18,-0.1230469,0.8715820,0.4819336,0.0610352,-1.0986328,1.0986328
7608257,-254,1789,984,4,-18,18,-0.1240234,0.8735352,0.4804688,0.2441406,-1.0986328,1.0986328
7610256,-250,1791,986,3,-18,19,-0.1220703,0.8745117,0.4814453,0.1831055,-1.0986328,1.1596680
7612256,-254,1787,985,3,-18,19,-0.1240234,0.8725586,0.4809570,0.1831055,-1.0986328,1.1596680
7614255,-253,1785,983,4,-17,20,-0.1235352,0.8715820,0.4799805,0.2441406,-1.0375977,1.2207031
7616254,-252,1789,984,4,-18,20,-0.1230469,0.8735352,0.4804688,0.2441406,-1.0986328,1.2207031
7618254,-252,1785,985,4,-17,20,-0.1230469,0.8715820,0.4809570,0.2441406,-1.0375977,1.2207031
7620253,-253,1787,984,5,-17,20,-0.1235352,0.8725586,0.4804688,0.3051758,-1.0375977,1.2207031
7622252,-254,1786,985,5,-17,20,-0.1240234,0.8720703,0.4809570,0.3051758,-1.0375977,1.2207031
7624252,-253,1784,983,4,-17,20,-0.1235352,0.8710938,0.4799805,0.2441406,-1.0375977,1.2207031
7626251,-250,1786,982,5,-18,19,-0.1220703,0.8720703,0.4794922,0.3051758,-1.0986328,1.1596680
7628250,-253,1783,985,4,-18,20,-0.1235352,0.8706055,0.4809570,0.2441406,-1.0986328,1.2207031
7630249,-253,1784,983,4,-17,19,-0.1235352,0.8710938,0.4799805,0.2441406,-1.0375977,1.1596680
7632249,-250,1783,981,3,-17,18,-0.1220703,0.8706055,0.4790039,0.1831055,-1.0375977,1.0986328
7634248,-253,1784,982,2,-18,19,-0.1235352,0.8710938,0.4794922,0.1220703,-1.0986328,1.1596680
7636247,-252,1789,987,3,-18,18,-0.1230469,0.8735352,0.4819336,0.1831055,-1.0986328,1.0986328
7638247,-253,1784,985,4,-18,18,-0.1235352,0.8710938,0.4809570,0.2441406,-1.0986328,1.0986328
7640246,-251,1786,983,2,-18,19,-0.1225586,0.8720703,0.4799805,0.1220703,-1.0986328,1.1596680
7642245,-252,1788,987,1,-18,18,-0.1230469,0.8730469,0.4819336,0.0610352,-1.0986328,1.0986328
7644245,-254,1784,987,3,-18,19,-0.1240234,0.8710938,0.4819336,0.1831055,-1.0986328,1.1596680
7646244,-254,1790,985,4,-19,19,-0.1240234,0.8740234,0.4809570,0.2441406,-1.1596680,1.1596680
7648243,-253,1789,984,4,-17,18,-0.1235352,0.8735352,0.4804688,0.2441406,-1.0375977,1.0986328
7650243,-254,1788,985,3,-17,20,-0.1240234,0.8730469,0.4809570,0.1831055,-1.0375977,1.2207031
7652242,-251,1791,987,4,-18,18,-0.1225586,0.8745117,0.4819336,0.2441406,-1.0986328,1.0986328
7654241,-254,1786,987,3,-17,19,-0.1240234,0.8720703,0.4819336,0.1831055,-1.0375977,1.1596680
7656241,-254,1788,988,5,-18,19,-0.1240234,0.8730469,0.4824219,0.3051758,-1.0986328,1.1596680
7658240,-256,1783,982,4,-19,20,-0.1250000,0.8706055,0.4794922,0.2441406,-1.1596680,1.2207031
7660239,-253,1786,984,4,-17,19,-0.1235352,0.8720703,0.4804688,0.2441406,-1.0375977,1.1596680
7662238,-253,1788,984,3,-17,19,-0.1235352,0.8730469,0.4804688,0.1831055,-1.0375977,1.1596680
7664238,-251,1785,981,5,-18,19,-0.1225586,0.8715820,0.4790039,0.3051758,-1.0986328,1.1596680
7666237,-254,1783,985,3,-17,19,-0.1240234,0.8706055,0.4809570,0.1831055,-1.0375977,1.1596680
7668236,-251,1784,985,3,-18,19,-0.1225586,0.8710938,0.4809570,0.1831055,-1.0986328,1.1596680
7670236,-252,1788,985,3,-17,20,-0.1230469,0.8730469,0.4809570,0.1831055,-1.0375977,1.2207031
7672235,-253,1787,982,2,-19,19,-0.1235352,0.8725586,0.4794922,0.1220703,-1.1596680,1.1596680
7674234,-250,1784,984,2,-18,19,-0.1220703,0.8710938,0.4804688,0.1220703,-1.0986328,1.1596680
7676234,-255,1787,983,3,-18,19,-0.1245117,0.8725586,0.4799805,0.1831055,-1.0986328,1.1596680
7678233,-251,1783,983,3,-17,19,-0.1225586,0.8706055,0.4799805,0.1831055,-1.0375977,1.1596680
7680232,-253,1784,984,4,-18,20,-0.1235352,0.8710938,0.4804688,0.2441406,-1.0986328,1.2207031
7682232,-254,1786,983,3,-18,18,-0.1240234,0.8720703,0.4799805,0.1831055,-1.0986328,1.0986328
7684231,-253,1784,983,3,-17,19,-0.1235352,0.8710938,0.4799805,0.1831055,-1.0375977,1.1596680
7686230,-252,1786,984,4,-18,18,-0.1230469,0.8720703,0.4804688,0.2441406,-1.0986328,1.0986328
7688230,-254,1789,986,4,-19,19,-0.1240234,0.8735352,0.4814453,0.2441406,-1.1596680,1.1596680
7690229,-254,1788,984,3,-18,19,-0.1240234,0.8730469,0.4804688,0.1831055,-1.0986328,1.1596680
7692228,-254,1784,985,4,-18,19,-0.1240234,0.8710938,0.4809570,0.2441406,-1.0986328,1.1596680
7694227,-253,1791,985,2,-18,20,-0.1235352,0.8745117,0.4809570,0.1220703,-1.0986328,1.2207031
7696227,-251,1786,985,3,-18,17,-0.1225586,0.8720703,0.4809570,0.1831055,-1.0986328,1.0375977
7698226,-253,1788,985,3,-17,19,-0.1235352,0.8730469,0.4809570,0.1831055,-1.0375977,1.1596680
7700225,-255,1788,983,4,-18,20,-0.1245117,0.8730469,0.4799805,0.2441406,-1.0986328,1.2207031
7702225,-249,1789,986,4,-17,20,-0.1215820,0.8735352,0.4814453,0.2441406,-1.0375977,1.2207031
7704224,-253,1786,987,3,-17,19,-0.1235352,0.8720703,0.4819336,0.1831055,-1.0375977,1.1596680
7706223,-252,1785,984,3,-18,20,-0.1230469,0.8715820,0.4804688,0.1831055,-1.0986328,1.2207031
7708223,-253,1785,983,4,-18,19,-0.1235352,0.8715820,0.4799805,0.2441406,-1.0986328,1.1596680
7710222,-255,1786,982,3,-17,19,-0.1245117,0.8720703,0.4794922,0.1831055,-1.0375977,1.1596680
7712221,-252,1788,987,4,-18,19,-0.1230469,0.8730469,0.4819336,0.2441406,-1.0986328,1.1596680
7714221,-251,1786,988,5,-18,20,-0.1225586,0.8720703,0.4824219,0.3051758,-1.0986328,1.2207031
7716220,-254,1789,986,5,-18,20,-0.1240234,0.8735352,0.4814453,0.3051758,-1.0986328,1.2207031
7718219,-252,1786,981,4,-18,19,-0.1230469,0.8720703,0.4790039,0.2441406,-1.0986328,1.1596680
7720219,-255,1784,984,3,-19,18,-0.1245117,0.8710938,0.4804688,0.1831055,-1.1596680,1.0986328
7722218,-252,1785,984,3,-18,19,-0.1230469,0.8715820,0.4804688,0.1831055,-1.0986328,1.1596680
7724217,-252,1785,985,2,-18,18,-0.1230469,0.8715820,0.4809570,0.1220703,-1.0986328,1.0986328
7726216,-254,1784,983,4,-17,19,-0.1240234,0.8710938,0.4799805,0.2441406,-1.0375977,1.1596680
7728216,-251,1783,986,4,-17,19,-0.1225586,0.8706055,0.4814453,0.2441406,-1.0375977,1.1596680
7730215,-250,1784,986,2,-18,19,-0.1220703,0.8710938,0.4814453,0.1220703,-1.0986328,1.1596680
7732214,-249,1786,983,3,-18,19,-0.1215820,0.8720703,0.4799805,0.1831055,-1.0986328,1.1596680
7734214,-253,1784,987,2,-18,20,-0.1235352,0.8710938,0.4819336,0.1220703,-1.0986328,1.2207031
7736213,-251,1786,985,3,-18,19,-0.1225586,0.8720703,0.4809570,0.1831055,-1.0986328,1.1596680
7738212,-253,1782,983,4,-18,20,-0.1235352,0.8701172,0.4799805,0.2441406,-1.0986328,1.2207031
7740212,-251,1786,984,3,-18,18,-0.1225586,0.8720703,0.4804688,0.1831055,-1.0986328,1.0986328
7742211,-255,1789,986,3,-18,19,-0.1245117,0.8735352,0.4814453,0.1831055,-1.0986328,1.1596680
7744210,-253,1788,987,3,-18,19,-0.1235352,0.8730469,0.4819336,0.1831055,-1.0986328,1.1596680
7746210,-255,1788,987,3,-17,20,-0.1245117,0.8730469,0.4819336,0.1831055,-1.0375977,1.2207031
7748209,-252,1785,986,4,-19,19,-0.1230469,0.8715820,0.4814453,0.2441406,-1.1596680,1.1596680
7750208,-250,1788,984,3,-18,19,-0.1220703,0.8730469,0.4804688,0.1831055,-1.0986328,1.1596680
7752208,-251,1783,983,4,-17,18,-0.1225586,0.8706055,0.4799805,0.2441406,-1.0375977,1.0986328
7754207,-254,1784,985,3,-17,19,-0.1240234,0.8710938,0.4809570,0.1831055,-1.0375977,1.1596680
7756206,-254,1787,986,3,-17,19,-0.1240234,0.8725586,0.4814453,0.1831055,-1.0375977,1.1596680
7758205,-252,1785,986,3,-17,20,-0.1230469,0.8715820,0.4814453,0.1831055,-1.0375977,1.2207031
7760205,-253,1784,983,3,-18,20,-0.1235352,0.8710938,0.4799805,0.1831055,-1.0986328,1.2207031
7762204,-254,1787,985,3,-18,18,-0.1240234,0.8725586,0.4809570,0.1831055,-1.0986328,1.0986328
7764203,-251,1788,982,3,-18,20,-0.1225586,0.8730469,0.4794922,0.1831055,-1.0986328,1.2207031
7766203,-251,1783,984,5,-18,19,-0.1225586,0.8706055,0.4804688,0.3051758,-1.0986328,1.1596680
7768202,-253,1786,983,4,-17,19,-0.1235352,0.8720703,0.4799805,0.2441406,-1.0375977,1.1596680
7770201,-251,1786,985,4,-18,19,-0.1225586,0.8720703,0.4809570,0.2441406,-1.0986328,1.1596680
7772201,-256,1785,980,3,-18,19,-0.1250000,0.8715820,0.4785156,0.1831055,-1.0986328,1.1596680
7774200,-252,1786,983,3,-18,20,-0.1230469,0.8720703,0.4799805,0.1831055,-1.0986328,1.2207031
7776199,-252,1787,985,3,-18,19,-0.1230469,0.8725586,0.4809570,0.1831055,-1.0986328,1.1596680
7778199,-253,1786,987,4,-18,20,-0.1235352,0.8720703,0.4819336,0.2441406,-1.0986328,1.2207031
7780198,-254,1786,985,3,-17,19,-0.1240234,0.8720703,0.4809570,0.1831055,-1.0375977,1.1596680
7782197,-252,1788,985,1,-19,20,-0.1230469,0.8730469,0.4809570,0.0610352,-1.1596680,1.2207031
7784197,-250,1786,984,2,-18,19,-0.1220703,0.8720703,0.4804688,0.1220703,-1.0986328,1.1596680
7786196,-252,1785,987,3,-18,20,-0.1230469,0.8715820,0.4819336,0.1831055,-1.0986328,1.2207031
7788195,-254,1783,983,5,-18,19,-0.1240234,0.8706055,0.4799805,0.3051758,-1.0986328,1.1596680
7790194,-254,1786,983,3,-18,19,-0.1240234,0.8720703,0.4799805,0.1831055,-1.0986328,1.1596680
7792194,-252,1784,982,3,-18,18,-0.1230469,0.8710938,0.4794922,0.1831055,-1.0986328,1.0986328
7794193,-251,1785,985,4,-18,19,-0.1225586,0.8715820,0.4809570,0.2441406,-1.0986328,1.1596680
7796192,-251,1786,985,2,-18,19,-0.1225586,0.8720703,0.4809570,0.1220703,-1.0986328,1.1596680
7798192,-254,1788,985,3,-17,19,-0.1240234,0.8730469,0.4809570,0.1831055,-1.0375977,1.1596680
7800191,-253,1787,983,5,-17,19,-0.1235352,0.8725586,0.4799805,0.3051758,-1.0375977,1.1596680
7802190,-253,1785,985,4,-18,19,-0.1235352,0.8715820,0.4809570,0.2441406,-1.0986328,1.1596680
7804190,-252,1786,984,4,-18,20,-0.1230469,0.8720703,0.4804688,0.2441406,-1.0986328,1.2207031
7806189,-253,1783,987,4,-17,19,-0.1235352,0.8706055,0.4819336,0.2441406,-1.0375977,1.1596680
7808188,-252,1790,983,4,-18,19,-0.1230469,0.8740234,0.4799805,0.2441406,-1.0986328,1.1596680
7810188,-255,1785,983,3,-17,20,-0.1245117,0.8715820,0.4799805,0.1831055,-1.0375977,1.2207031
7812187,-250,1787,982,4,-18,20,-0.1220703,0.8725586,0.4794922,0.2441406,-1.0986328,1.2207031
7814186,-251,1787,986,3,-19,20,-0.1225586,0.8725586,0.4814453,0.1831055,-1.1596680,1.2207031
7816186,-254,1789,983,3,-18,19,-0.1240234,0.8735352,0.4799805,0.1831055,-1.0986328,1.1596680
7818185,-254,1784,988,4,-18,20,-0.1240234,0.8710938,0.4824219,0.2441406,-1.0986328,1.2207031
7820184,-251,1788,982,3,-19,20,-0.1225586,0.8730469,0.4794922,0.1831055,-1.1596680,1.2207031
7822183,-253,1788,983,4,-18,20,-0.1235352,0.8730469,0.4799805,0.2441406,-1.0986328,1.2207031
7824183,-253,1786,984,3,-18,20,-0.1235352,0.8720703,0.4804688,0.1831055,-1.0986328,1.2207031
7826182,-252,1787,985,3,-19,20,-0.1230469,0.8725586,0.4809570,0.1831055,-1.1596680,1.2207031
7828181,-253,1785,986,3,-18,19,-0.1235352,0.8715820,0.4814453,0.1831055,-1.0986328,1.1596680
7830181,-252,1786,986,4,-18,20,-0.1230469,0.8720703,0.4814453,0.2441406,-1.0986328,1.2207031
7832180,-254,1783,987,3,-17,19,-0.1240234,0.8706055,0.4819336,0.1831055,-1.0375977,1.1596680
7834179,-253,1785,983,1,-18,19,-0.1235352,0.8715820,0.4799805,0.0610352,-1.0986328,1.1596680
7836179,-252,1784,983,2,-17,18,-0.1230469,0.8710938,0.4799805,0.1220703,-1.0375977,1.0986328
7838178,-253,1783,984,2,-18,19,-0.1235352,0.8706055,0.4804688,0.1220703,-1.0986328,1.1596680
7840177,-251,1784,985,3,-18,20,-0.1225586,0.8710938,0.4809570,0.1831055,-1.0986328,1.2207031
7842177,-253,1787,984,3,-18,19,-0.1235352,0.8725586,0.4804688,0.1831055,-1.0986328,1.1596680
7844176,-250,1785,983,3,-18,19,-0.1220703,0.8715820,0.4799805,0.1831055,-1.0986328,1.1596680
7846175,-252,1787,984,4,-16,20,-0.1230469,0.8725586,0.4804688,0.2441406,-0.9765625,1.2207031
7848175,-251,1789,987,4,-16,18,-0.1225586,0.8735352,0.4819336,0.2441406,-0.9765625,1.0986328
7850174,-249,1791,985,3,-18,19,-0.1215820,0.8745117,0.4809570,0.1831055,-1.0986328,1.1596680
7852173,-251,1788,987,3,-18,19,-0.1225586,0.8730469,0.4819336,0.1831055,-1.0986328,1.1596680
7854172,-252,1785,988,4,-17,18,-0.1230469,0.8715820,0.4824219,0.2441406,-1.0375977,1.0986328
7856172,-252,1786,985,3,-17,19,-0.1230469,0.8720703,0.4809570,0.1831055,-1.0375977,1.1596680
7858171,-252,1785,988,4,-17,19,-0.1230469,0.8715820,0.4824219,0.2441406,-1.0375977,1.1596680
7860170,-253,1787,983,3,-18,20,-0.1235352,0.8725586,0.4799805,0.1831055,-1.0986328,1.2207031
7862170,-253,1785,985,2,-18,19,-0.1235352,0.8715820,0.4809570,0.1220703,-1.0986328,1.1596680
7864169,-254,1785,985,2,-18,19,-0.1240234,0.8715820,0.4809570,0.1220703,-1.0986328,1.1596680
7866168,-253,1786,985,3,-17,20,-0.1235352,0.8720703,0.4809570,0.1831055,-1.0375977,1.2207031
7868168,-250,1784,982,2,-17,20,-0.1220703,0.8710938,0.4794922,0.1220703,-1.0375977,1.2207031
7870167,-251,1783,984,3,-19,20,-0.1225586,0.8706055,0.4804688,0.1831055,-1.1596680,1.2207031
7872166,-251,1783,982,4,-18,20,-0.1225586,0.8706055,0.4794922,0.2441406,-1.0986328,1.2207031
7874166,-249,1786,983,3,-18,21,-0.1215820,0.8720703,0.4799805,0.1831055,-1.0986328,1.2817383
7876165,-252,1785,982,3,-18,19,-0.1230469,0.8715820,0.4794922,0.1831055,-1.0986328,1.1596680
7878164,-252,1785,986,3,-18,19,-0.1230469,0.8715820,0.4814453,0.1831055,-1.0986328,1.1596680
7880164,-252,1786,985,4,-19,19,-0.1230469,0.8720703,0.4809570,0.2441406,-1.1596680,1.1596680
7882163,-252,1786,983,3,-17,20,-0.1230469,0.8720703,0.4799805,0.1831055,-1.0375977,1.2207031
7884162,-250,1784,985,3,-19,18,-0.1220703,0.8710938,0.4809570,0.1831055,-1.1596680,1.0986328
7886161,-251,1788,986,3,-18,18,-0.1225586,0.8730469,0.4814453,0.1831055,-1.0986328,1.0986328
7888161,-253,1786,986,4,-18,18,-0.1235352,0.8720703,0.4814453,0.2441406,-1.0986328,1.0986328
7890160,-256,1789,986,3,-18,18,-0.1250000,0.8735352,0.4814453,0.1831055,-1.0986328,1.0986328
7892159,-256,1786,986,3,-18,18,-0.1250000,0.8720703,0.4814453,0.1831055,-1.0986328,1.0986328
7894159,-250,1789,988,3,-18,19,-0.1220703,0.8735352,0.4824219,0.1831055,-1.0986328,1.1596680
7896158,-251,1787,986,3,-18,19,-0.1225586,0.8725586,0.4814453,0.1831055,-1.0986328,1.1596680
7898157,-255,1785,986,4,-18,18,-0.1245117,0.8715820,0.4814453,0.2441406,-1.0986328,1.0986328
7900157,-252,1788,988,2,-17,20,-0.1230469,0.8730469,0.4824219,0.1220703,-1.0375977,1.2207031
7902156,-254,1790,989,2,-18,20,-0.1240234,0.8740234,0.4829102,0.1220703,-1.0986328,1.2207031
7904155,-252,1786,986,4,-18,20,-0.1230469,0.8720703,0.4814453,0.2441406,-1.0986328,1.2207031
7906155,-253,1786,983,4,-17,20,-0.1235352,0.8720703,0.4799805,0.2441406,-1.0375977,1.2207031
7908154,-251,1790,985,3,-17,20,-0.1225586,0.8740234,0.4809570,0.1831055,-1.0375977,1.2207031
7910153,-253,1787,984,3,-18,20,-0.1235352,0.8725586,0.4804688,0.1831055,-1.0986328,1.2207031
7912153,-251,1782,984,5,-18,22,-0.1225586,0.8701172,0.4804688,0.3051758,-1.0986328,1.3427734
7914152,-251,1784,981,3,-18,21,-0.1225586,0.8710938,0.4790039,0.1831055,-1.0986328,1.2817383
7916151,-250,1780,983,4,-18,21,-0.1220703,0.8691406,0.4799805,0.2441406,-1.0986328,1.2817383
7918150,-252,1785,980,3,-17,21,-0.1230469,0.8715820,0.4785156,0.1831055,-1.0375977,1.2817383
7920150,-247,1785,982,3,-18,19,-0.1206055,0.8715820,0.4794922,0.1831055,-1.0986328,1.1596680
7922149,-250,1780,984,3,-19,18,-0.1220703,0.8691406,0.4804688,0.1831055,-1.1596680,1.0986328
7924148,-255,1788,984,4,-18,19,-0.1245117,0.8730469,0.4804688,0.2441406,-1.0986328,1.1596680
7926148,-253,1789,984,3,-19,18,-0.1235352,0.8735352,0.4804688,0.1831055,-1.1596680,1.0986328
7928147,-252,1784,984,4,-19,18,-0.1230469,0.8710938,0.4804688,0.2441406,-1.1596680,1.0986328
7930146,-254,1788,986,2,-17,17,-0.1240234,0.8730469,0.4814453,0.1220703,-1.0375977,1.0375977
7932146,-254,1788,982,3,-18,18,-0.1240234,0.8730469,0.4794922,0.1831055,-1.0986328,1.0986328
7934145,-253,1788,985,3,-18,19,-0.1235352,0.8730469,0.4809570,0.1831055,-1.0986328,1.1596680
7936144,-255,1789,988,1,-17,18,-0.1245117,0.8735352,0.4824219,0.0610352,-1.0375977,1.0986328
7938144,-253,1788,985,2,-18,19,-0.1235352,0.8730469,0.4809570,0.1220703,-1.0986328,1.1596680
7940143,-253,1788,986,4,-17,19,-0.1235352,0.8730469,0.4814453,0.2441406,-1.0375977,1.1596680
7942142,-252,1789,985,2,-18,19,-0.1230469,0.8735352,0.4809570,0.1220703,-1.0986328,1.1596680
7944142,-255,1785,984,3,-18,20,-0.1245117,0.8715820,0.4804688,0.1831055,-1.0986328,1.2207031
7946141,-253,1785,985,3,-18,19,-0.1235352,0.8715820,0.4809570,0.1831055,-1.0986328,1.1596680
7948140,-253,1785,986,2,-17,20,-0.1235352,0.8715820,0.4814453,0.1220703,-1.0375977,1.2207031
7950139,-249,1786,985,4,-17,21,-0.1215820,0.8720703,0.4809570,0.2441406,-1.0375977,1.2817383
7952139,-253,1786,980,3,-18,20,-0.1235352,0.8720703,0.4785156,0.1831055,-1.0986328,1.2207031
7954138,-252,1783,982,5,-18,20,-0.1230469,0.8706055,0.4794922,0.3051758,-1.0986328,1.2207031
7956137,-252,1787,984,5,-18,20,-0.1230469,0.8725586,0.4804688,0.3051758,-1.0986328,1.2207031
7958137,-251,1788,984,4,-17,20,-0.1225586,0.8730469,0.4804688,0.2441406,-1.0375977,1.2207031
7960136,-252,1787,981,3,-18,19,-0.1230469,0.8725586,0.4790039,0.1831055,-1.0986328,1.1596680
7962135,-250,1786,984,3,-17,19,-0.1220703,0.8720703,0.4804688,0.1831055,-1.0375977,1.1596680
7964135,-254,1784,984,3,-19,19,-0.1240234,0.8710938,0.4804688,0.1831055,-1.1596680,1.1596680
7966134,-251,1785,986,2,-18,18,-0.1225586,0.8715820,0.4814453,0.1220703,-1.0986328,1.0986328
7968133,-251,1784,984,1,-18,18,-0.1225586,0.8710938,0.4804688,0.0610352,-1.0986328,1.0986328
7970133,-252,1789,983,1,-18,17,-0.1230469,0.8735352,0.4799805,0.0610352,-1.0986328,1.0375977
7972132,-256,1787,987,2,-18,19,-0.1250000,0.8725586,0.4819336,0.1220703,-1.0986328,1.1596680
7974131,-252,1788,984,1,-18,18,-0.1230469,0.8730469,0.4804688,0.0610352,-1.0986328,1.0986328
7976131,-253,1787,989,1,-18,20,-0.1235352,0.8725586,0.4829102,0.0610352,-1.0986328,1.2207031
7978130,-254,1787,987,3,-17,19,-0.1240234,0.8725586,0.4819336,0.1831055,-1.0375977,1.1596680
7980129,-255,1791,985,3,-18,18,-0.1245117,0.8745117,0.4809570,0.1831055,-1.0986328,1.0986328
7982128,-254,1785,986,4,-18,19,-0.1240234,0.8715820,0.4814453,0.2441406,-1.0986328,1.1596680
7984128,-250,1789,990,6,-18,19,-0.1220703,0.8735352,0.4833984,0.3662109,-1.0986328,1.1596680
7986127,-254,1788,988,4,-18,19,-0.1240234,0.8730469,0.4824219,0.2441406,-1.0986328,1.1596680
7988126,-252,1785,985,4,-18,20,-0.1230469,0.8715820,0.4809570,0.2441406,-1.0986328,1.2207031
7990126,-251,1783,984,3,-16,20,-0.1225586,0.8706055,0.4804688,0.1831055,-0.9765625,1.2207031
7992125,-250,1785,981,3,-18,20,-0.1220703,0.8715820,0.4790039,0.1831055,-1.0986328,1.2207031
7994124,-251,1784,985,4,-18,20,-0.1225586,0.8710938,0.4809570,0.2441406,-1.0986328,1.2207031
7996124,-250,1785,981,3,-18,19,-0.1220703,0.8715820,0.4790039,0.1831055,-1.0986328,1.1596680
7998123,-253,1784,982,4,-18,20,-0.1235352,0.8710938,0.4794922,0.2441406,-1.0986328,1.2207031
8000122,-252,1782,983,4,-18,20,-0.1230469,0.8701172,0.4799805,0.2441406,-1.0986328,1.2207031
8002122,-254,1786,985,3,-19,20,-0.1240234,0.8720703,0.4809570,0.1831055,-1.1596680,1.2207031
8004121,-251,1789,984,3,-18,19,-0.1225586,0.8735352,0.4804688,0.1831055,-1.0986328,1.1596680
8006120,-252,1785,984,3,-19,20,-0.1230469,0.8715820,0.4804688,0.1831055,-1.1596680,1.2207031
8008120,-250,1785,983,2,-18,19,-0.1220703,0.8715820,0.4799805,0.1220703,-1.0986328,1.1596680
8010119,-251,1789,982,3,-18,19,-0.1225586,0.8735352,0.4794922,0.1831055,-1.0986328,1.1596680
8012118,-253,1787,988,4,-18,18,-0.1235352,0.8725586,0.4824219,0.2441406,-1.0986328,1.0986328
8014117,-253,1785,985,3,-18,18,-0.1235352,0.8715820,0.4809570,0.1831055,-1.0986328,1.0986328
8016117,-253,1790,984,4,-18,18,-0.1235352,0.8740234,0.4804688,0.2441406,-1.0986328,1.0986328
8018116,-254,1786,989,3,-17,18,-0.1240234,0.8720703,0.4829102,0.1831055,-1.0375977,1.0986328
8020115,-252,1787,986,3,-18,19,-0.1230469,0.8725586,0.4814453,0.1831055,-1.0986328,1.1596680
8022115,-254,1790,987,3,-18,18,-0.1240234,0.8740234,0.4819336,0.1831055,-1.0986328,1.0986328
8024114,-253,1788,986,2,-18,19,-0.1235352,0.8730469,0.4814453,0.1220703,-1.0986328,1.1596680
8026113,-250,1791,987,3,-17,19,-0.1220703,0.8745117,0.4819336,0.1831055,-1.0375977,1.1596680
8028113,-252,1788,986,5,-18,19,-0.1230469,0.8730469,0.4814453,0.3051758,-1.0986328,1.1596680
8030112,-253,1784,986,5,-18,20,-0.1235352,0.8710938,0.4814453,0.3051758,-1.0986328,1.2207031
8032111,-254,1784,985,4,-18,21,-0.1240234,0.8710938,0.4809570,0.2441406,-1.0986328,1.2817383
8034111,-254,1786,986,5,-17,20,-0.1240234,0.8720703,0.4814453,0.3051758,-1.0375977,1.2207031
8036110,-251,1786,982,4,-17,21,-0.1225586,0.8720703,0.4794922,0.2441406,-1.0375977,1.2817383
8038109,-250,1786,983,4,-19,19,-0.1220703,0.8720703,0.4799805,0.2441406,-1.1596680,1.1596680
8040109,-250,1783,982,3,-18,19,-0.1220703,0.8706055,0.4794922,0.1831055,-1.0986328,1.1596680
8042108,-254,1781,981,2,-18,19,-0.1240234,0.8696289,0.4790039,0.1220703,-1.0986328,1.1596680
8044107,-252,1784,983,4,-18,19,-0.1230469,0.8710938,0.4799805,0.2441406,-1.0986328,1.1596680
8046106,-250,1783,981,2,-18,19,-0.1220703,0.8706055,0.4790039,0.1220703,-1.0986328,1.1596680
8048106,-252,1782,984,4,-17,19,-0.1230469,0.8701172,0.4804688,0.2441406,-1.0375977,1.1596680
8050105,-251,1784,986,3,-18,18,-0.1225586,0.8710938,0.4814453,0.1831055,-1.0986328,1.0986328
8052104,-252,1785,983,2,-19,18,-0.1230469,0.8715820,0.4799805,0.1220703,-1.1596680,1.0986328
8054104,-251,1785,984,2,-18,18,-0.1225586,0.8715820,0.4804688,0.1220703,-1.0986328,1.0986328
8056103,-251,1785,985,2,-18,18,-0.1225586,0.8715820,0.4809570,0.1220703,-1.0986328,1.0986328
8058102,-250,1789,987,3,-19,18,-0.1220703,0.8735352,0.4819336,0.1831055,-1.1596680,1.0986328
8060102,-255,1788,986,3,-17,18,-0.1245117,0.8730469,0.4814453,0.1831055,-1.0375977,1.0986328
8062101,-257,1787,987,2,-17,17,-0.1254883,0.8725586,0.4819336,0.1220703,-1.0375977,1.0375977
8064100,-255,1788,988,2,-18,19,-0.1245117,0.8730469,0.4824219,0.1220703,-1.0986328,1.1596680
8066100,-252,1787,985,3,-18,18,-0.1230469,0.8725586,0.4809570,0.1831055,-1.0986328,1.0986328
8068099,-252,1786,985,3,-17,18,-0.1230469,0.8720703,0.4809570,0.1831055,-1.0375977,1.0986328
8070098,-251,1788,986,3,-17,19,-0.1225586,0.8730469,0.4814453,0.1831055,-1.0375977,1.1596680
8072098,-252,1787,983,5,-17,19,-0.1230469,0.8725586,0.4799805,0.3051758,-1.0375977,1.1596680
8074097,-255,1789,989,4,-18,19,-0.1245117,0.8735352,0.4829102,0.2441406,-1.0986328,1.1596680
8076096,-253,1790,986,4,-18,20,-0.1235352,0.8740234,0.4814453,0.2441406,-1.0986328,1.2207031
8078095,-254,1786,983,4,-18,20,-0.1240234,0.8720703,0.4799805,0.2441406,-1.0986328,1.2207031
8080095,-254,1785,983,4,-18,21,-0.1240234,0.8715820,0.4799805,0.2441406,-1.0986328,1.2817383
8082094,-252,1785,985,4,-18,20,-0.1230469,0.8715820,0.4809570,0.2441406,-1.0986328,1.2207031
8084093,-250,1783,985,4,-18,20,-0.1220703,0.8706055,0.4809570,0.2441406,-1.0986328,1.2207031
8086093,-254,1785,984,3,-19,20,-0.1240234,0.8715820,0.4804688,0.1831055,-1.1596680,1.2207031
8088092,-250,1780,984,3,-19,18,-0.1220703,0.8691406,0.4804688,0.1831055,-1.1596680,1.0986328
8090091,-250,1786,983,3,-18,20,-0.1220703,0.8720703,0.4799805,0.1831055,-1.0986328,1.2207031
8092091,-250,1785,980,3,-19,19,-0.1220703,0.8715820,0.4785156,0.1831055,-1.1596680,1.1596680
8094090,-253,1784,984,2,-19,20,-0.1235352,0.8710938,0.4804688,0.1220703,-1.1596680,1.2207031
8096089,-254,1786,983,4,-18,18,-0.1240234,0.8720703,0.4799805,0.2441406,-1.0986328,1.0986328
8098089,-250,1784,983,3,-18,19,-0.1220703,0.8710938,0.4799805,0.1831055,-1.0986328,1.1596680
8100088,-255,1785,986,3,-19,20,-0.1245117,0.8715820,0.4814453,0.1831055,-1.1596680,1.2207031
8102087,-252,1784,984,3,-18,19,-0.1230469,0.8710938,0.4804688,0.1831055,-1.0986328,1.1596680
8104087,-256,1780,988,2,-18,19,-0.1250000,0.8691406,0.4824219,0.1220703,-1.0986328,1.1596680
8106086,-252,1783,988,3,-17,19,-0.1230469,0.8706055,0.4824219,0.1831055,-1.0375977,1.1596680
8108085,-254,1787,984,3,-18,18,-0.1240234,0.8725586,0.4804688,0.1831055,-1.0986328,1.0986328
8110084,-254,1786,985,3,-17,19,-0.1240234,0.8720703,0.4809570,0.1831055,-1.0375977,1.1596680
8112084,-254,1787,987,3,-17,19,-0.1240234,0.8725586,0.4819336,0.1831055,-1.0375977,1.1596680
8114083,-252,1789,988,3,-17,19,-0.1230469,0.8735352,0.4824219,0.1831055,-1.0375977,1.1596680
8116082,-251,1786,984,4,-17,19,-0.1225586,0.8720703,0.4804688,0.2441406,-1.0375977,1.1596680
8118082,-254,1786,986,3,-18,20,-0.1240234,0.8720703,0.4814453,0.1831055,-1.0986328,1.2207031
8120081,-253,1786,988,4,-17,20,-0.1235352,0.8720703,0.4824219,0.2441406,-1.0375977,1.2207031
8122080,-253,1786,986,2,-17,19,-0.1235352,0.8720703,0.4814453,0.1220703,-1.0375977,1.1596680
8124080,-253,1789,985,4,-17,21,-0.1235352,0.8735352,0.4809570,0.2441406,-1.0375977,1.2817383
8126079,-251,1784,985,2,-18,21,-0.1225586,0.8710938,0.4809570,0.1220703,-1.0986328,1.2817383
8128078,-252,1789,986,2,-17,19,-0.1230469,0.8735352,0.4814453,0.1220703,-1.0375977,1.1596680
8130078,-250,1785,985,2,-18,19,-0.1220703,0.8715820,0.4809570,0.1220703,-1.0986328,1.1596680
8132077,-253,1786,983,4,-19,19,-0.1235352,0.8720703,0.4799805,0.2441406,-1.1596680,1.1596680
8134076,-249,1783,986,3,-18,19,-0.1215820,0.8706055,0.4814453,0.1831055,-1.0986328,1.1596680
8136076,-252,1785,984,3,-18,19,-0.1230469,0.8715820,0.4804688,0.1831055,-1.0986328,1.1596680
8138075,-253,1786,981,2,-17,19,-0.1235352,0.8720703,0.4790039,0.1220703,-1.0375977,1.1596680
8140074,-254,1784,981,3,-18,19,-0.1240234,0.8710938,0.4790039,0.1831055,-1.0986328,1.1596680
8142073,-254,1784,986,2,-18,20,-0.1240234,0.8710938,0.4814453,0.1220703,-1.0986328,1.2207031
8144073,-255,1783,987,2,-18,21,-0.1245117,0.8706055,0.4819336,0.1220703,-1.0986328,1.2817383
8146072,-252,1787,986,3,-18,18,-0.1230469,0.8725586,0.4814453,0.1831055,-1.0986328,1.0986328
8148071,-255,1784,987,3,-17,19,-0.1245117,0.8710938,0.4819336,0.1831055,-1.0375977,1.1596680
8150071,-253,1785,986,3,-17,17,-0.1235352,0.8715820,0.4814453,0.1831055,-1.0375977,1.0375977
8152070,-251,1786,985,3,-17,19,-0.1225586,0.8720703,0.4809570,0.1831055,-1.0375977,1.1596680
8154069,-252,1786,984,4,-18,20,-0.1230469,0.8720703,0.4804688,0.2441406,-1.0986328,1.2207031
8156069,-255,1785,983,5,-18,20,-0.1245117,0.8715820,0.4799805,0.3051758,-1.0986328,1.2207031
8158068,-253,1783,985,4,-18,18,-0.1235352,0.8706055,0.4809570,0.2441406,-1.0986328,1.0986328
8160067,-253,1784,987,4,-18,19,-0.1235352,0.8710938,0.4819336,0.2441406,-1.0986328,1.1596680
8162067,-251,1784,986,3,-18,19,-0.1225586,0.8710938,0.4814453,0.1831055,-1.0986328,1.1596680
8164066,-252,1785,985,5,-18,20,-0.1230469,0.8715820,0.4809570,0.3051758,-1.0986328,1.2207031
8166065,-254,1786,984,3,-17,19,-0.1240234,0.8720703,0.4804688,0.1831055,-1.0375977,1.1596680
8168065,-254,1783,986,4,-18,20,-0.1240234,0.8706055,0.4814453,0.2441406,-1.0986328,1.2207031
8170064,-248,1783,989,3,-18,20,-0.1210938,0.8706055,0.4829102,0.1831055,-1.0986328,1.2207031
8172063,-250,1786,986,5,-18,20,-0.1220703,0.8720703,0.4814453,0.3051758,-1.0986328,1.2207031
8174062,-253,1784,983,4,-19,18,-0.1235352,0.8710938,0.4799805,0.2441406,-1.1596680,1.0986328
8176062,-253,1783,988,2,-18,20,-0.1235352,0.8706055,0.4824219,0.1220703,-1.0986328,1.2207031
8178061,-253,1787,986,4,-18,19,-0.1235352,0.8725586,0.4814453,0.2441406,-1.0986328,1.1596680
8180060,-253,1787,987,3,-18,18,-0.1235352,0.8725586,0.4819336,0.1831055,-1.0986328,1.0986328
8182060,-254,1786,982,4,-19,19,-0.1240234,0.8720703,0.4794922,0.2441406,-1.1596680,1.1596680
8184059,-250,1787,984,3,-18,19,-0.1220703,0.8725586,0.4804688,0.1831055,-1.0986328,1.1596680
8186058,-253,1786,984,3,-17,18,-0.1235352,0.8720703,0.4804688,0.1831055,-1.0375977,1.0986328
8188058,-250,1784,986,4,-18,19,-0.1220703,0.8710938,0.4814453,0.2441406,-1.0986328,1.1596680
8190057,-250,1788,988,3,-17,18,-0.1220703,0.8730469,0.4824219,0.1831055,-1.0375977,1.0986328
8192056,-251,1786,988,3,-19,20,-0.1225586,0.8720703,0.4824219,0.1831055,-1.1596680,1.2207031
8194056,-251,1785,987,3,-17,20,-0.1225586,0.8715820,0.4819336,0.1831055,-1.0375977,1.2207031
8196055,-253,1786,986,4,-19,20,-0.1235352,0.8720703,0.4814453,0.2441406,-1.1596680,1.2207031
8198054,-251,1787,987,3,-18,20,-0.1225586,0.8725586,0.4819336,0.1831055,-1.0986328,1.2207031
8200054,-252,1786,985,4,-17,19,-0.1230469,0.8720703,0.4809570,0.2441406,-1.0375977,1.1596680
8202053,-250,1785,986,3,-17,20,-0.1220703,0.8715820,0.4814453,0.1831055,-1.0375977,1.2207031
8204052,-254,1786,985,4,-17,19,-0.1240234,0.8720703,0.4809570,0.2441406,-1.0375977,1.1596680
8206051,-250,1785,984,3,-17,20,-0.1220703,0.8715820,0.4804688,0.1831055,-1.0375977,1.2207031
8208051,-253,1785,984,4,-17,20,-0.1235352,0.8715820,0.4804688,0.2441406,-1.0375977,1.2207031
8210050,-252,1789,985,3,-19,19,-0.1230469,0.8735352,0.4809570,0.1831055,-1.1596680,1.1596680
8212049,-255,1785,983,5,-17,20,-0.1245117,0.8715820,0.4799805,0.3051758,-1.0375977,1.2207031
8214049,-250,1785,984,4,-18,19,-0.1220703,0.8715820,0.4804688,0.2441406,-1.0986328,1.1596680
8216048,-252,1787,983,4,-18,20,-0.1230469,0.8725586,0.4799805,0.2441406,-1.0986328,1.2207031
8218047,-254,1788,987,3,-18,19,-0.1240234,0.8730469,0.4819336,0.1831055,-1.0986328,1.1596680
8220047,-253,1783,983,3,-18,19,-0.1235352,0.8706055,0.4799805,0.1831055,-1.0986328,1.1596680
8222046,-252,1786,985,3,-18,19,-0.1230469,0.8720703,0.4809570,0.1831055,-1.0986328,1.1596680
8224045,-253,1787,987,4,-17,19,-0.1235352,0.8725586,0.4819336,0.2441406,-1.0375977,1.1596680
8226045,-252,1785,988,2,-19,19,-0.1230469,0.8715820,0.4824219,0.1220703,-1.1596680,1.1596680
8228044,-250,1786,985,3,-17,19,-0.1220703,0.8720703,0.4809570,0.1831055,-1.0375977,1.1596680
8230043,-252,1786,983,4,-18,18,-0.1230469,0.8720703,0.4799805,0.2441406,-1.0986328,1.0986328
8232043,-252,1786,985,2,-18,19,-0.1230469,0.8720703,0.4809570,0.1220703,-1.0986328,1.1596680
8234042,-250,1788,985,3,-18,20,-0.1220703,0.8730469,0.4809570,0.1831055,-1.0986328,1.2207031
8236041,-252,1788,984,3,-18,19,-0.1230469,0.8730469,0.4804688,0.1831055,-1.0986328,1.1596680
8238040,-254,1782,983,2,-18,19,-0.1240234,0.8701172,0.4799805,0.1220703,-1.0986328,1.1596680
8240040,-253,1786,986,3,-16,19,-0.1235352,0.8720703,0.4814453,0.1831055,-0.9765625,1.1596680
8242039,-253,1783,986,4,-17,19,-0.1235352,0.8706055,0.4814453,0.2441406,-1.0375977,1.1596680
8244038,-254,1783,987,3,-18,20,-0.1240234,0.8706055,0.4819336,0.1831055,-1.0986328,1.2207031
8246038,-253,1784,985,3,-18,19,-0.1235352,0.8710938,0.4809570,0.1831055,-1.0986328,1.1596680
8248037,-255,1783,983,4,-18,21,-0.1245117,0.8706055,0.4799805,0.2441406,-1.0986328,1.2817383
8250036,-250,1782,984,3,-18,20,-0.1220703,0.8701172,0.4804688,0.1831055,-1.0986328,1.2207031
8252036,-251,1786,985,4,-18,19,-0.1225586,0.8720703,0.4809570,0.2441406,-1.0986328,1.1596680
8254035,-251,1783,983,4,-18,20,-0.1225586,0.8706055,0.4799805,0.2441406,-1.0986328,1.2207031
8256034,-255,1784,983,3,-17,20,-0.1245117,0.8710938,0.4799805,0.1831055,-1.0375977,1.2207031
8258034,-251,1787,987,4,-18,19,-0.1225586,0.8725586,0.4819336,0.2441406,-1.0986328,1.1596680
8260033,-252,1786,986,3,-18,18,-0.1230469,0.8720703,0.4814453,0.1831055,-1.0986328,1.0986328
8262032,-253,1788,982,3,-18,18,-0.1235352,0.8730469,0.4794922,0.1831055,-1.0986328,1.0986328
8264032,-252,1789,983,3,-19,19,-0.1230469,0.8735352,0.4799805,0.1831055,-1.1596680,1.1596680
8266031,-252,1787,986,3,-18,19,-0.1230469,0.8725586,0.4814453,0.1831055,-1.0986328,1.1596680
8268030,-251,1788,985,3,-19,19,-0.1225586,0.8730469,0.4809570,0.1831055,-1.1596680,1.1596680
8270029,-251,1786,988,3,-18,19,-0.1225586,0.8720703,0.4824219,0.1831055,-1.0986328,1.1596680
8272029,-253,1788,989,2,-17,19,-0.1235352,0.8730469,0.4829102,0.1220703,-1.0375977,1.1596680
8274028,-255,1788,985,3,-18,18,-0.1245117,0.8730469,0.4809570,0.1831055,-1.0986328,1.0986328
8276027,-253,1785,985,3,-17,20,-0.1235352,0.8715820,0.4809570,0.1831055,-1.0375977,1.2207031
8278027,-253,1785,985,4,-17,20,-0.1235352,0.8715820,0.4809570,0.2441406,-1.0375977,1.2207031
8280026,-251,1787,990,4,-17,20,-0.1225586,0.8725586,0.4833984,0.2441406,-1.0375977,1.2207031
8282025,-254,1783,985,3,-17,20,-0.1240234,0.8706055,0.4809570,0.1831055,-1.0375977,1.2207031
8284025,-256,1786,984,4,-18,19,-0.1250000,0.8720703,0.4804688,0.2441406,-1.0986328,1.1596680
8286024,-253,1784,986,3,-18,20,-0.1235352,0.8710938,0.4814453,0.1831055,-1.0986328,1.2207031
8288023,-250,1787,988,4,-18,19,-0.1220703,0.8725586,0.4824219,0.2441406,-1.0986328,1.1596680
8290023,-253,1786,986,3,-17,20,-0.1235352,0.8720703,0.4814453,0.1831055,-1.0375977,1.2207031
8292022,-251,1783,986,2,-19,18,-0.1225586,0.8706055,0.4814453,0.1220703,-1.1596680,1.0986328
8294021,-251,1786,984,2,-18,19,-0.1225586,0.8720703,0.4804688,0.1220703,-1.0986328,1.1596680
8296021,-250,1788,985,2,-19,18,-0.1220703,0.8730469,0.4809570,0.1220703,-1.1596680,1.0986328
8298020,-250,1784,986,2,-19,19,-0.1220703,0.8710938,0.4814453,0.1220703,-1.1596680,1.1596680
8300019,-254,1785,987,2,-18,19,-0.1240234,0.8715820,0.4819336,0.1220703,-1.0986328,1.1596680
8302018,-253,1788,982,3,-18,20,-0.1235352,0.8730469,0.4794922,0.1831055,-1.0986328,1.2207031
8304018,-252,1788,987,3,-19,18,-0.1230469,0.8730469,0.4819336,0.1831055,-1.1596680,1.0986328
8306017,-249,1785,984,3,-19,19,-0.1215820,0.8715820,0.4804688,0.1831055,-1.1596680,1.1596680
8308016,-253,1785,987,2,-19,18,-0.1235352,0.8715820,0.4819336,0.1220703,-1.1596680,1.0986328
8310016,-253,1786,986,3,-18,18,-0.1235352,0.8720703,0.4814453,0.1831055,-1.0986328,1.0986328
8312015,-254,1790,989,3,-18,19,-0.1240234,0.8740234,0.4829102,0.1831055,-1.0986328,1.1596680
8314014,-253,1785,986,3,-19,19,-0.1235352,0.8715820,0.4814453,0.1831055,-1.1596680,1.1596680
8316014,-253,1786,989,4,-18,20,-0.1235352,0.8720703,0.4829102,0.2441406,-1.0986328,1.2207031
8318013,-249,1788,986,4,-18,20,-0.1215820,0.8730469,0.4814453,0.2441406,-1.0986328,1.2207031
8320012,-253,1784,985,4,-17,19,-0.1235352,0.8710938,0.4809570,0.2441406,-1.0375977,1.1596680
8322012,-253,1790,987,4,-18,20,-0.1235352,0.8740234,0.4819336,0.2441406,-1.0986328,1.2207031
8324011,-254,1786,987,3,-18,20,-0.1240234,0.8720703,0.4819336,0.1831055,-1.0986328,1.2207031
8326010,-253,1787,984,3,-18,19,-0.1235352,0.8725586,0.4804688,0.1831055,-1.0986328,1.1596680
8328010,-253,1785,988,2,-17,20,-0.1235352,0.8715820,0.4824219,0.1220703,-1.0375977,1.2207031
8330009,-252,1784,983,4,-18,20,-0.1230469,0.8710938,0.4799805,0.2441406,-1.0986328,1.2207031
8332008,-252,1785,983,4,-18,19,-0.1230469,0.8715820,0.4799805,0.2441406,-1.0986328,1.1596680
8334007,-254,1785,986,4,-18,19,-0.1240234,0.8715820,0.4814453,0.2441406,-1.0986328,1.1596680
8336007,-251,1785,985,4,-18,19,-0.1225586,0.8715820,0.4809570,0.2441406,-1.0986328,1.1596680
8338006,-251,1784,986,4,-18,19,-0.1225586,0.8710938,0.4814453,0.2441406,-1.0986328,1.1596680
8340005,-250,1785,986,3,-18,19,-0.1220703,0.8715820,0.4814453,0.1831055,-1.0986328,1.1596680
8342005,-251,1788,982,2,-17,17,-0.1225586,0.8730469,0.4794922,0.1220703,-1.0375977,1.0375977
8344004,-252,1787,984,3,-18,19,-0.1230469,0.8725586,0.4804688,0.1831055,-1.0986328,1.1596680
8346003,-252,1787,987,2,-19,19,-0.1230469,0.8725586,0.4819336,0.1220703,-1.1596680,1.1596680
8348003,-253,1789,990,3,-18,19,-0.1235352,0.8735352,0.4833984,0.1831055,-1.0986328,1.1596680
8350002,-254,1787,989,4,-19,19,-0.1240234,0.8725586,0.4829102,0.2441406,-1.1596680,1.1596680
8352001,-253,1787,985,3,-17,19,-0.1235352,0.8725586,0.4809570,0.1831055,-1.0375977,1.1596680
8354001,-251,1786,986,3,-18,20,-0.1225586,0.8720703,0.4814453,0.1831055,-1.0986328,1.2207031
8356000,-254,1788,989,2,-18,20,-0.1240234,0.8730469,0.4829102,0.1220703,-1.0986328,1.2207031
8357999,-255,1789,984,3,-18,20,-0.1245117,0.8735352,0.4804688,0.1831055,-1.0986328,1.2207031
8359999,-256,1787,986,2,-18,20,-0.1250000,0.8725586,0.4814453,0.1220703,-1.0986328,1.2207031
8361998,-254,1786,985,3,-17,20,-0.1240234,0.8720703,0.4809570,0.1831055,-1.0375977,1.2207031
8363997,-251,1784,984,4,-17,20,-0.1225586,0.8710938,0.4804688,0.2441406,-1.0375977,1.2207031
8365996,-250,1784,986,5,-18,19,-0.1220703,0.8710938,0.4814453,0.3051758,-1.0986328,1.1596680
8367996,-248,1786,985,4,-17,19,-0.1210938,0.8720703,0.4809570,0.2441406,-1.0375977,1.1596680
8369995,-250,1786,984,5,-17,19,-0.1220703,0.8720703,0.4804688,0.3051758,-1.0375977,1.1596680
8371994,-248,1786,985,4,-17,20,-0.1210938,0.8720703,0.4809570,0.2441406,-1.0375977,1.2207031
8373994,-252,1784,986,3,-18,20,-0.1230469,0.8710938,0.4814453,0.1831055,-1.0986328,1.2207031
8375993,-254,1786,987,2,-18,19,-0.1240234,0.8720703,0.4819336,0.1220703,-1.0986328,1.1596680
8377992,-255,1783,985,4,-18,19,-0.1245117,0.8706055,0.4809570,0.2441406,-1.0986328,1.1596680
8379992,-252,1788,985,3,-18,18,-0.1230469,0.8730469,0.4809570,0.1831055,-1.0986328,1.0986328
8381991,-253,1788,987,5,-18,19,-0.1235352,0.8730469,0.4819336,0.3051758,-1.0986328,1.1596680
8383990,-252,1791,986,3,-18,19,-0.1230469,0.8745117,0.4814453,0.1831055,-1.0986328,1.1596680
8385990,-254,1785,986,4,-18,20,-0.1240234,0.8715820,0.4814453,0.2441406,-1.0986328,1.2207031
8387989,-251,1789,986,3,-18,18,-0.1225586,0.8735352,0.4814453,0.1831055,-1.0986328,1.0986328
8389988,-253,1788,986,2,-18,19,-0.1235352,0.8730469,0.4814453,0.1220703,-1.0986328,1.1596680
8391988,-256,1786,986,3,-18,18,-0.1250000,0.8720703,0.4814453,0.1831055,-1.0986328,1.0986328
8393987,-254,1788,985,3,-18,20,-0.1240234,0.8730469,0.4809570,0.1831055,-1.0986328,1.2207031
8395986,-255,1786,987,3,-18,19,-0.1245117,0.8720703,0.4819336,0.1831055,-1.0986328,1.1596680
8397985,-251,1785,985,3,-18,20,-0.1225586,0.8715820,0.4809570,0.1831055,-1.0986328,1.2207031
8399985,-254,1786,986,3,-18,20,-0.1240234,0.8720703,0.4814453,0.1831055,-1.0986328,1.2207031
8401984,-253,1787,984,4,-17,19,-0.1235352,0.8725586,0.4804688,0.2441406,-1.0375977,1.1596680
8403983,-253,1784,983,4,-17,20,-0.1235352,0.8710938,0.4799805,0.2441406,-1.0375977,1.2207031
8405983,-252,1785,984,3,-18,20,-0.1230469,0.8715820,0.4804688,0.1831055,-1.0986328,1.2207031
8407982,-252,1784,986,2,-18,20,-0.1230469,0.8710938,0.4814453,0.1220703,-1.0986328,1.2207031
8409981,-251,1786,986,4,-18,19,-0.1225586,0.8720703,0.4814453,0.2441406,-1.0986328,1.1596680
8411981,-253,1787,986,5,-17,20,-0.1235352,0.8725586,0.4814453,0.3051758,-1.0375977,1.2207031
8413980,-254,1783,986,4,-17,19,-0.1240234,0.8706055,0.4814453,0.2441406,-1.0375977,1.1596680
8415979,-252,1786,985,4,-19,19,-0.1230469,0.8720703,0.4809570,0.2441406,-1.1596680,1.1596680
8417979,-252,1788,983,3,-18,19,-0.1230469,0.8730469,0.4799805,0.1831055,-1.0986328,1.1596680
8419978,-252,1783,987,2,-18,19,-0.1230469,0.8706055,0.4819336,0.1220703,-1.0986328,1.1596680
8421977,-252,1787,986,4,-18,18,-0.1230469,0.8725586,0.4814453,0.2441406,-1.0986328,1.0986328
8423977,-255,1788,985,3,-18,18,-0.1245117,0.8730469,0.4809570,0.1831055,-1.0986328,1.0986328
8425976,-252,1786,987,3,-18,18,-0.1230469,0.8720703,0.4819336,0.1831055,-1.0986328,1.0986328
8427975,-255,1785,987,3,-18,18,-0.1245117,0.8715820,0.4819336,0.1831055,-1.0986328,1.0986328
8429974,-254,1789,987,3,-18,20,-0.1240234,0.8735352,0.4819336,0.1831055,-1.0986328,1.2207031
8431974,-252,1787,988,3,-18,18,-0.1230469,0.8725586,0.4824219,0.1831055,-1.0986328,1.0986328
8433973,-252,1785,987,3,-19,19,-0.1230469,0.8715820,0.4819336,0.1831055,-1.1596680,1.1596680
8435972,-252,1788,987,3,-17,19,-0.1230469,0.8730469,0.4819336,0.1831055,-1.0375977,1.1596680
8437972,-256,1791,986,2,-17,19,-0.1250000,0.8745117,0.4814453,0.1220703,-1.0375977,1.1596680
8439971,-255,1787,986,4,-18,19,-0.1245117,0.8725586,0.4814453,0.2441406,-1.0986328,1.1596680
8441970,-254,1787,982,4,-18,20,-0.1240234,0.8725586,0.4794922,0.2441406,-1.0986328,1.2207031
8443970,-253,1788,986,4,-19,20,-0.1235352,0.8730469,0.4814453,0.2441406,-1.1596680,1.2207031
8445969,-255,1786,986,4,-19,19,-0.1245117,0.8720703,0.4814453,0.2441406,-1.1596680,1.1596680
8447968,-254,1786,984,5,-17,20,-0.1240234,0.8720703,0.4804688,0.3051758,-1.0375977,1.2207031
8449968,-252,1785,985,4,-17,20,-0.1230469,0.8715820,0.4809570,0.2441406,-1.0375977,1.2207031
8451967,-250,1786,986,4,-18,19,-0.1220703,0.8720703,0.4814453,0.2441406,-1.0986328,1.1596680
8453966,-252,1784,984,4,-19,19,-0.1230469,0.8710938,0.4804688,0.2441406,-1.1596680,1.1596680
8455966,-251,1785,985,2,-18,19,-0.1225586,0.8715820,0.4809570,0.1220703,-1.0986328,1.1596680
8457965,-254,1784,982,4,-19,19,-0.1240234,0.8710938,0.4794922,0.2441406,-1.1596680,1.1596680
8459964,-250,1783,984,3,-17,20,-0.1220703,0.8706055,0.4804688,0.1831055,-1.0375977,1.2207031
8461963,-253,1783,984,3,-18,18,-0.1235352,0.8706055,0.4804688,0.1831055,-1.0986328,1.0986328
8463963,-250,1787,985,3,-17,18,-0.1220703,0.8725586,0.4809570,0.1831055,-1.0375977,1.0986328
8465962,-255,1785,986,3,-18,18,-0.1245117,0.8715820,0.4814453,0.1831055,-1.0986328,1.0986328
8467961,-251,1789,985,4,-18,18,-0.1225586,0.8735352,0.4809570,0.2441406,-1.0986328,1.0986328
8469961,-253,1786,985,2,-18,19,-0.1235352,0.8720703,0.4809570,0.1220703,-1.0986328,1.1596680
8471960,-253,1789,987,3,-17,18,-0.1235352,0.8735352,0.4819336,0.1831055,-1.0375977,1.0986328
8473959,-253,1785,985,2,-18,19,-0.1235352,0.8715820,0.4809570,0.1220703,-1.0986328,1.1596680
8475959,-253,1786,989,3,-18,19,-0.1235352,0.8720703,0.4829102,0.1831055,-1.0986328,1.1596680
8477958,-252,1782,984,2,-18,19,-0.1230469,0.8701172,0.4804688,0.1220703,-1.0986328,1.1596680
8479957,-254,1787,986,3,-18,20,-0.1240234,0.8725586,0.4814453,0.1831055,-1.0986328,1.2207031
8481957,-254,1784,985,3,-17,20,-0.1240234,0.8710938,0.4809570,0.1831055,-1.0375977,1.2207031
8483956,-253,1786,986,3,-17,20,-0.1235352,0.8720703,0.4814453,0.1831055,-1.0375977,1.2207031
8485955,-255,1785,985,5,-19,20,-0.1245117,0.8715820,0.4809570,0.3051758,-1.1596680,1.2207031
8487955,-252,1787,986,3,-18,20,-0.1230469,0.8725586,0.4814453,0.1831055,-1.0986328,1.2207031
8489954,-252,1788,985,4,-18,20,-0.1230469,0.8730469,0.4809570,0.2441406,-1.0986328,1.2207031
8491953,-255,1786,986,4,-18,20,-0.1245117,0.8720703,0.4814453,0.2441406,-1.0986328,1.2207031
8493952,-253,1784,986,4,-18,20,-0.1235352,0.8710938,0.4814453,0.2441406,-1.0986328,1.2207031
8495952,-254,1784,986,4,-19,19,-0.1240234,0.8710938,0.4814453,0.2441406,-1.1596680,1.1596680
8497951,-253,1786,988,3,-19,19,-0.1235352,0.8720703,0.4824219,0.1831055,-1.1596680,1.1596680
8499950,-250,1785,984,3,-18,20,-0.1220703,0.8715820,0.4804688,0.1831055,-1.0986328,1.2207031
8501950,-254,1786,986,4,-18,19,-0.1240234,0.8720703,0.4814453,0.2441406,-1.0986328,1.1596680
8503949,-255,1785,984,4,-18,18,-0.1245117,0.8715820,0.4804688,0.2441406,-1.0986328,1.0986328
8505948,-251,1785,987,1,-18,19,-0.1225586,0.8715820,0.4819336,0.0610352,-1.0986328,1.1596680
8507948,-256,1790,989,3,-18,20,-0.1250000,0.8740234,0.4829102,0.1831055,-1.0986328,1.2207031
8509947,-253,1787,986,2,-18,19,-0.1235352,0.8725586,0.4814453,0.1220703,-1.0986328,1.1596680
8511946,-251,1784,984,2,-17,19,-0.1225586,0.8710938,0.4804688,0.1220703,-1.0375977,1.1596680
8513946,-250,1785,988,3,-18,19,-0.1220703,0.8715820,0.4824219,0.1831055,-1.0986328,1.1596680
8515945,-255,1789,986,4,-19,19,-0.1245117,0.8735352,0.4814453,0.2441406,-1.1596680,1.1596680
8517944,-253,1784,989,4,-19,18,-0.1235352,0.8710938,0.4829102,0.2441406,-1.1596680,1.0986328
8519944,-256,1787,987,3,-18,20,-0.1250000,0.8725586,0.4819336,0.1831055,-1.0986328,1.2207031
8521943,-251,1787,988,4,-18,20,-0.1225586,0.8725586,0.4824219,0.2441406,-1.0986328,1.2207031
8523942,-253,1784,988,4,-17,19,-0.1235352,0.8710938,0.4824219,0.2441406,-1.0375977,1.1596680
8525941,-254,1783,986,4,-18,19,-0.1240234,0.8706055,0.4814453,0.2441406,-1.0986328,1.1596680
8527941,-255,1786,985,3,-19,19,-0.1245117,0.8720703,0.4809570,0.1831055,-1.1596680,1.1596680
8529940,-249,1784,984,3,-18,21,-0.1215820,0.8710938,0.4804688,0.1831055,-1.0986328,1.2817383
8531939,-248,1787,987,4,-18,20,-0.1210938,0.8725586,0.4819336,0.2441406,-1.0986328,1.2207031
8533939,-250,1784,985,5,-18,19,-0.1220703,0.8710938,0.4809570,0.3051758,-1.0986328,1.1596680
8535938,-251,1787,983,4,-18,20,-0.1225586,0.8725586,0.4799805,0.2441406,-1.0986328,1.2207031
8537937,-252,1786,986,2,-18,19,-0.1230469,0.8720703,0.4814453,0.1220703,-1.0986328,1.1596680
8539937,-254,1787,985,3,-18,20,-0.1240234,0.8725586,0.4809570,0.1831055,-1.0986328,1.2207031
8541936,-249,1788,987,3,-18,18,-0.1215820,0.8730469,0.4819336,0.1831055,-1.0986328,1.0986328
8543935,-253,1784,987,2,-18,19,-0.1235352,0.8710938,0.4819336,0.1220703,-1.0986328,1.1596680
8545935,-254,1788,988,3,-19,18,-0.1240234,0.8730469,0.4824219,0.1831055,-1.1596680,1.0986328
8547934,-255,1787,988,5,-18,18,-0.1245117,0.8725586,0.4824219,0.3051758,-1.0986328,1.0986328
8549933,-250,1788,987,3,-18,18,-0.1220703,0.8730469,0.4819336,0.1831055,-1.0986328,1.0986328
8551933,-251,1785,987,4,-18,18,-0.1225586,0.8715820,0.4819336,0.2441406,-1.0986328,1.0986328
8553932,-251,1789,990,3,-17,18,-0.1225586,0.8735352,0.4833984,0.1831055,-1.0375977,1.0986328
8555931,-253,1785,986,4,-16,20,-0.1235352,0.8715820,0.4814453,0.2441406,-0.9765625,1.2207031
8557930,-255,1785,985,2,-17,19,-0.1245117,0.8715820,0.4809570,0.1220703,-1.0375977,1.1596680
8559930,-255,1790,987,3,-18,19,-0.1245117,0.8740234,0.4819336,0.1831055,-1.0986328,1.1596680
8561929,-251,1789,988,3,-18,19,-0.1225586,0.8735352,0.4824219,0.1831055,-1.0986328,1.1596680
8563928,-251,1786,985,4,-17,19,-0.1225586,0.8720703,0.4809570,0.2441406,-1.0375977,1.1596680
8565928,-254,1787,986,3,-17,19,-0.1240234,0.8725586,0.4814453,0.1831055,-1.0375977,1.1596680
8567927,-251,1789,988,4,-18,21,-0.1225586,0.8735352,0.4824219,0.2441406,-1.0986328,1.2817383
8569926,-252,1786,987,3,-17,20,-0.1230469,0.8720703,0.4819336,0.1831055,-1.0375977,1.2207031
8571926,-250,1785,986,4,-17,20,-0.1220703,0.8715820,0.4814453,0.2441406,-1.0375977,1.2207031
8573925,-249,1788,988,4,-17,20,-0.1215820,0.8730469,0.4824219,0.2441406,-1.0375977,1.2207031
8575924,-254,1786,987,3,-18,20,-0.1240234,0.8720703,0.4819336,0.1831055,-1.0986328,1.2207031
8577924,-253,1787,986,3,-17,19,-0.1235352,0.8725586,0.4814453,0.1831055,-1.0375977,1.1596680
8579923,-250,1788,986,3,-18,19,-0.1220703,0.8730469,0.4814453,0.1831055,-1.0986328,1.1596680
8581922,-252,1784,987,3,-19,19,-0.1230469,0.8710938,0.4819336,0.1831055,-1.1596680,1.1596680
8583922,-252,1785,984,4,-18,19,-0.1230469,0.8715820,0.4804688,0.2441406,-1.0986328,1.1596680
8585921,-254,1784,985,2,-19,19,-0.1240234,0.8710938,0.4809570,0.1220703,-1.1596680,1.1596680
8587920,-252,1789,983,2,-17,20,-0.1230469,0.8735352,0.4799805,0.1220703,-1.0375977,1.2207031
8589919,-253,1786,985,3,-18,19,-0.1235352,0.8720703,0.4809570,0.1831055,-1.0986328,1.1596680
8591919,-250,1787,986,3,-17,19,-0.1220703,0.8725586,0.4814453,0.1831055,-1.0375977,1.1596680
8593918,-252,1786,985,4,-17,18,-0.1230469,0.8720703,0.4809570,0.2441406,-1.0375977,1.0986328
8595917,-250,1787,984,2,-19,20,-0.1220703,0.8725586,0.4804688,0.1220703,-1.1596680,1.2207031
8597917,-253,1785,986,4,-18,19,-0.1235352,0.8715820,0.4814453,0.2441406,-1.0986328,1.1596680
8599916,-254,1787,987,3,-17,19,-0.1240234,0.8725586,0.4819336,0.1831055,-1.0375977,1.1596680
8601915,-252,1785,986,4,-17,18,-0.1230469,0.8715820,0.4814453,0.2441406,-1.0375977,1.0986328
8603915,-254,1785,991,4,-18,20,-0.1240234,0.8715820,0.4838867,0.2441406,-1.0986328,1.2207031
8605914,-251,1786,986,2,-18,20,-0.1225586,0.8720703,0.4814453,0.1220703,-1.0986328,1.2207031
8607913,-253,1787,987,3,-17,20,-0.1235352,0.8725586,0.4819336,0.1831055,-1.0375977,1.2207031
8609913,-253,1785,988,4,-17,21,-0.1235352,0.8715820,0.4824219,0.2441406,-1.0375977,1.2817383
8611912,-254,1785,987,4,-17,19,-0.1240234,0.8715820,0.4819336,0.2441406,-1.0375977,1.1596680
8613911,-253,1788,985,4,-18,19,-0.1235352,0.8730469,0.4809570,0.2441406,-1.0986328,1.1596680
8615911,-253,1787,987,3,-18,20,-0.1235352,0.8725586,0.4819336,0.1831055,-1.0986328,1.2207031
8617910,-252,1787,988,3,-19,20,-0.1230469,0.8725586,0.4824219,0.1831055,-1.1596680,1.2207031
8619909,-256,1784,985,2,-19,19,-0.1250000,0.8710938,0.4809570,0.1220703,-1.1596680,1.1596680
8621908,-250,1787,987,2,-19,19,-0.1220703,0.8725586,0.4819336,0.1220703,-1.1596680,1.1596680
8623908,-249,1785,990,3,-18,19,-0.1215820,0.8715820,0.4833984,0.1831055,-1.0986328,1.1596680
8625907,-249,1788,989,3,-18,18,-0.1215820,0.8730469,0.4829102,0.1831055,-1.0986328,1.0986328
8627906,-254,1787,988,2,-18,18,-0.1240234,0.8725586,0.4824219,0.1220703,-1.0986328,1.0986328
8629906,-252,1784,985,3,-18,19,-0.1230469,0.8710938,0.4809570,0.1831055,-1.0986328,1.1596680
8631905,-253,1786,984,2,-17,19,-0.1235352,0.8720703,0.4804688,0.1220703,-1.0375977,1.1596680
8633904,-253,1785,991,4,-18,19,-0.1235352,0.8715820,0.4838867,0.2441406,-1.0986328,1.1596680
8635904,-253,1785,987,4,-17,19,-0.1235352,0.8715820,0.4819336,0.2441406,-1.0375977,1.1596680
8637903,-255,1786,985,4,-18,19,-0.1245117,0.8720703,0.4809570,0.2441406,-1.0986328,1.1596680
8639902,-252,1789,988,2,-17,19,-0.1230469,0.8735352,0.4824219,0.1220703,-1.0375977,1.1596680
8641902,-252,1786,987,2,-18,20,-0.1230469,0.8720703,0.4819336,0.1220703,-1.0986328,1.2207031
8643901,-251,1786,990,3,-18,19,-0.1225586,0.8720703,0.4833984,0.1831055,-1.0986328,1.1596680
8645900,-254,1785,983,4,-18,19,-0.1240234,0.8715820,0.4799805,0.2441406,-1.0986328,1.1596680
8647900,-252,1787,984,4,-18,21,-0.1230469,0.8725586,0.4804688,0.2441406,-1.0986328,1.2817383
8649899,-250,1787,986,3,-17,20,-0.1220703,0.8725586,0.4814453,0.1831055,-1.0375977,1.2207031
8651898,-250,1782,985,3,-18,19,-0.1220703,0.8701172,0.4809570,0.1831055,-1.0986328,1.1596680
8653897,-253,1786,988,2,-18,19,-0.1235352,0.8720703,0.4824219,0.1220703,-1.0986328,1.1596680
8655897,-253,1785,986,4,-18,19,-0.1235352,0.8715820,0.4814453,0.2441406,-1.0986328,1.1596680
8657896,-254,1784,985,4,-17,19,-0.1240234,0.8710938,0.4809570,0.2441406,-1.0375977,1.1596680
8659895,-252,1785,988,2,-19,19,-0.1230469,0.8715820,0.4824219,0.1220703,-1.1596680,1.1596680
8661895,-251,1785,984,4,-18,19,-0.1225586,0.8715820,0.4804688,0.2441406,-1.0986328,1.1596680
8663894,-251,1784,988,3,-18,20,-0.1225586,0.8710938,0.4824219,0.1831055,-1.0986328,1.2207031
8665893,-252,1783,985,3,-18,19,-0.1230469,0.8706055,0.4809570,0.1831055,-1.0986328,1.1596680
8667893,-251,1784,987,2,-18,19,-0.1225586,0.8710938,0.4819336,0.1220703,-1.0986328,1.1596680
8669892,-255,1784,986,2,-18,20,-0.1245117,0.8710938,0.4814453,0.1220703,-1.0986328,1.2207031
8671891,-254,1785,989,3,-18,20,-0.1240234,0.8715820,0.4829102,0.1831055,-1.0986328,1.2207031
8673891,-254,1784,988,3,-19,19,-0.1240234,0.8710938,0.4824219,0.1831055,-1.1596680,1.1596680
8675890,-252,1785,990,3,-18,19,-0.1230469,0.8715820,0.4833984,0.1831055,-1.0986328,1.1596680
8677889,-253,1787,989,4,-19,19,-0.1235352,0.8725586,0.4829102,0.2441406,-1.1596680,1.1596680
8679889,-253,1783,989,2,-18,19,-0.1235352,0.8706055,0.4829102,0.1220703,-1.0986328,1.1596680
8681888,-250,1788,989,4,-18,19,-0.1220703,0.8730469,0.4829102,0.2441406,-1.0986328,1.1596680
8683887,-254,1787,990,3,-18,20,-0.1240234,0.8725586,0.4833984,0.1831055,-1.0986328,1.2207031
8685886,-251,1785,984,3,-17,19,-0.1225586,0.8715820,0.4804688,0.1831055,-1.0375977,1.1596680
8687886,-253,1788,987,3,-17,19,-0.1235352,0.8730469,0.4819336,0.1831055,-1.0375977,1.1596680
8689885,-251,1783,985,2,-18,20,-0.1225586,0.8706055,0.4809570,0.1220703,-1.0986328,1.2207031
8691884,-253,1788,986,3,-17,19,-0.1235352,0.8730469,0.4814453,0.1831055,-1.0375977,1.1596680
8693884,-251,1787,986,4,-17,20,-0.1225586,0.8725586,0.4814453,0.2441406,-1.0375977,1.2207031
8695883,-254,1785,988,4,-18,19,-0.1240234,0.8715820,0.4824219,0.2441406,-1.0986328,1.1596680
8697882,-253,1785,986,4,-18,20,-0.1235352,0.8715820,0.4814453,0.2441406,-1.0986328,1.2207031
8699882,-252,1786,986,2,-17,20,-0.1230469,0.8720703,0.4814453,0.1220703,-1.0375977,1.2207031
8701881,-251,1787,990,2,-18,20,-0.1225586,0.8725586,0.4833984,0.1220703,-1.0986328,1.2207031
8703880,-254,1785,987,2,-19,19,-0.1240234,0.8715820,0.4819336,0.1220703,-1.1596680,1.1596680
8705880,-251,1785,987,4,-18,20,-0.1225586,0.8715820,0.4819336,0.2441406,-1.0986328,1.2207031
8707879,-251,1786,987,2,-18,19,-0.1225586,0.8720703,0.4819336,0.1220703,-1.0986328,1.1596680
8709878,-252,1785,985,4,-18,19,-0.1230469,0.8715820,0.4809570,0.2441406,-1.0986328,1.1596680
8711878,-251,1786,987,3,-19,19,-0.1225586,0.8720703,0.4819336,0.1831055,-1.1596680,1.1596680
8713877,-253,1784,986,4,-19,19,-0.1235352,0.8710938,0.4814453,0.2441406,-1.1596680,1.1596680
8715876,-251,1788,989,3,-18,19,-0.1225586,0.8730469,0.4829102,0.1831055,-1.0986328,1.1596680
8717875,-249,1785,985,3,-18,19,-0.1215820,0.8715820,0.4809570,0.1831055,-1.0986328,1.1596680
8719875,-251,1789,985,3,-18,19,-0.1225586,0.8735352,0.4809570,0.1831055,-1.0986328,1.1596680
8721874,-252,1786,989,3,-18,18,-0.1230469,0.8720703,0.4829102,0.1831055,-1.0986328,1.0986328
8723873,-254,1786,985,3,-18,20,-0.1240234,0.8720703,0.4809570,0.1831055,-1.0986328,1.2207031
8725873,-252,1788,989,3,-19,19,-0.1230469,0.8730469,0.4829102,0.1831055,-1.1596680,1.1596680
8727872,-254,1791,986,3,-17,19,-0.1240234,0.8745117,0.4814453,0.1831055,-1.0375977,1.1596680
8729871,-251,1789,989,4,-18,19,-0.1225586,0.8735352,0.4829102,0.2441406,-1.0986328,1.1596680
8731871,-253,1787,986,3,-18,19,-0.1235352,0.8725586,0.4814453,0.1831055,-1.0986328,1.1596680
8733870,-253,1783,990,3,-17,19,-0.1235352,0.8706055,0.4833984,0.1831055,-1.0375977,1.1596680
8735869,-253,1787,989,3,-17,19,-0.1235352,0.8725586,0.4829102,0.1831055,-1.0375977,1.1596680
8737869,-251,1788,988,5,-17,19,-0.1225586,0.8730469,0.4824219,0.3051758,-1.0375977,1.1596680
8739868,-250,1786,988,4,-17,19,-0.1220703,0.8720703,0.4824219,0.2441406,-1.0375977,1.1596680
8741867,-253,1787,988,5,-17,19,-0.1235352,0.8725586,0.4824219,0.3051758,-1.0375977,1.1596680
8743867,-251,1784,986,2,-18,19,-0.1225586,0.8710938,0.4814453,0.1220703,-1.0986328,1.1596680
8745866,-251,1785,986,2,-17,20,-0.1225586,0.8715820,0.4814453,0.1220703,-1.0375977,1.2207031
8747865,-254,1784,985,4,-17,19,-0.1240234,0.8710938,0.4809570,0.2441406,-1.0375977,1.1596680
8749864,-251,1785,986,2,-17,20,-0.1225586,0.8715820,0.4814453,0.1220703,-1.0375977,1.2207031
8751864,-251,1783,986,4,-18,20,-0.1225586,0.8706055,0.4814453,0.2441406,-1.0986328,1.2207031
8753863,-250,1782,983,3,-18,19,-0.1220703,0.8701172,0.4799805,0.1831055,-1.0986328,1.1596680
8755862,-250,1784,984,2,-19,18,-0.1220703,0.8710938,0.4804688,0.1220703,-1.1596680,1.0986328
8757862,-253,1784,990,2,-18,19,-0.1235352,0.8710938,0.4833984,0.1220703,-1.0986328,1.1596680
8759861,-253,1785,986,2,-18,19,-0.1235352,0.8715820,0.4814453,0.1220703,-1.0986328,1.1596680
8761860,-253,1783,985,3,-17,20,-0.1235352,0.8706055,0.4809570,0.1831055,-1.0375977,1.2207031
8763860,-254,1787,987,2,-17,19,-0.1240234,0.8725586,0.4819336,0.1220703,-1.0375977,1.1596680
8765859,-256,1787,988,3,-18,19,-0.1250000,0.8725586,0.4824219,0.1831055,-1.0986328,1.1596680
8767858,-252,1787,987,3,-18,18,-0.1230469,0.8725586,0.4819336,0.1831055,-1.0986328,1.0986328
8769858,-252,1784,989,3,-18,17,-0.1230469,0.8710938,0.4829102,0.1831055,-1.0986328,1.0375977
8771857,-255,1791,991,4,-18,18,-0.1245117,0.8745117,0.4838867,0.2441406,-1.0986328,1.0986328
8773856,-254,1789,989,4,-18,18,-0.1240234,0.8735352,0.4829102,0.2441406,-1.0986328,1.0986328
8775856,-256,1785,987,4,-17,18,-0.1250000,0.8715820,0.4819336,0.2441406,-1.0375977,1.0986328
8777855,-256,1785,991,4,-18,19,-0.1250000,0.8715820,0.4838867,0.2441406,-1.0986328,1.1596680
8779854,-252,1787,985,4,-18,20,-0.1230469,0.8725586,0.4809570,0.2441406,-1.0986328,1.2207031
8781853,-254,1786,985,4,-18,20,-0.1240234,0.8720703,0.4809570,0.2441406,-1.0986328,1.2207031
8783853,-251,1785,991,4,-19,19,-0.1225586,0.8715820,0.4838867,0.2441406,-1.1596680,1.1596680
8785852,-256,1786,986,4,-18,20,-0.1250000,0.8720703,0.4814453,0.2441406,-1.0986328,1.2207031
8787851,-252,1783,982,3,-17,20,-0.1230469,0.8706055,0.4794922,0.1831055,-1.0375977,1.2207031
8789851,-249,1787,986,3,-17,20,-0.1215820,0.8725586,0.4814453,0.1831055,-1.0375977,1.2207031
8791850,-253,1781,986,3,-19,21,-0.1235352,0.8696289,0.4814453,0.1831055,-1.1596680,1.2817383
8793849,-253,1783,985,4,-19,21,-0.1235352,0.8706055,0.4809570,0.2441406,-1.1596680,1.2817383
8795849,-252,1788,985,5,-18,19,-0.1230469,0.8730469,0.4809570,0.3051758,-1.0986328,1.1596680
8797848,-251,1782,984,3,-18,20,-0.1225586,0.8701172,0.4804688,0.1831055,-1.0986328,1.2207031
8799847,-253,1783,986,3,-18,20,-0.1235352,0.8706055,0.4814453,0.1831055,-1.0986328,1.2207031
8801847,-251,1784,986,3,-18,19,-0.1225586,0.8710938,0.4814453,0.1831055,-1.0986328,1.1596680
8803846,-250,1786,986,3,-18,19,-0.1220703,0.8720703,0.4814453,0.1831055,-1.0986328,1.1596680
8805845,-255,1783,984,3,-17,18,-0.1245117,0.8706055,0.4804688,0.1831055,-1.0375977,1.0986328
8807845,-253,1787,985,1,-18,19,-0.1235352,0.8725586,0.4809570,0.0610352,-1.0986328,1.1596680
8809844,-255,1786,987,2,-19,19,-0.1245117,0.8720703,0.4819336,0.1220703,-1.1596680,1.1596680
8811843,-255,1787,988,3,-19,18,-0.1245117,0.8725586,0.4824219,0.1831055,-1.1596680,1.0986328
8813842,-253,1786,989,4,-18,18,-0.1235352,0.8720703,0.4829102,0.2441406,-1.0986328,1.0986328
8815842,-253,1785,987,3,-18,20,-0.1235352,0.8715820,0.4819336,0.1831055,-1.0986328,1.2207031
8817841,-252,1788,989,2,-18,20,-0.1230469,0.8730469,0.4829102,0.1220703,-1.0986328,1.2207031
8819840,-253,1788,988,3,-18,19,-0.1235352,0.8730469,0.4824219,0.1831055,-1.0986328,1.1596680
8821840,-252,1785,988,4,-18,19,-0.1230469,0.8715820,0.4824219,0.2441406,-1.0986328,1.1596680
8823839,-254,1788,986,3,-18,19,-0.1240234,0.8730469,0.4814453,0.1831055,-1.0986328,1.1596680
8825838,-253,1783,989,3,-19,19,-0.1235352,0.8706055,0.4829102,0.1831055,-1.1596680,1.1596680
8827838,-254,1789,986,2,-18,20,-0.1240234,0.8735352,0.4814453,0.1220703,-1.0986328,1.2207031
8829837,-250,1787,987,4,-18,19,-0.1220703,0.8725586,0.4819336,0.2441406,-1.0986328,1.1596680
8831836,-253,1786,986,4,-18,20,-0.1235352,0.8720703,0.4814453,0.2441406,-1.0986328,1.2207031
8833836,-251,1786,985,3,-18,19,-0.1225586,0.8720703,0.4809570,0.1831055,-1.0986328,1.1596680
8835835,-253,1786,984,3,-18,19,-0.1235352,0.8720703,0.4804688,0.1831055,-1.0986328,1.1596680
8837834,-252,1786,985,3,-17,18,-0.1230469,0.8720703,0.4809570,0.1831055,-1.0375977,1.0986328
8839834,-251,1786,985,4,-18,20,-0.1225586,0.8720703,0.4809570,0.2441406,-1.0986328,1.2207031
8841833,-251,1782,986,3,-18,20,-0.1225586,0.8701172,0.4814453,0.1831055,-1.0986328,1.2207031
8843832,-255,1785,989,4,-18,19,-0.1245117,0.8715820,0.4829102,0.2441406,-1.0986328,1.1596680
8845831,-252,1787,984,2,-18,18,-0.1230469,0.8725586,0.4804688,0.1220703,-1.0986328,1.0986328
8847831,-253,1786,989,3,-17,19,-0.1235352,0.8720703,0.4829102,0.1831055,-1.0375977,1.1596680
8849830,-251,1785,991,3,-18,19,-0.1225586,0.8715820,0.4838867,0.1831055,-1.0986328,1.1596680
8851829,-251,1784,987,3,-18,20,-0.1225586,0.8710938,0.4819336,0.1831055,-1.0986328,1.2207031
8853829,-253,1784,990,4,-18,18,-0.1235352,0.8710938,0.4833984,0.2441406,-1.0986328,1.0986328
8855828,-253,1788,988,2,-18,19,-0.1235352,0.8730469,0.4824219,0.1220703,-1.0986328,1.1596680
8857827,-250,1788,988,4,-18,18,-0.1220703,0.8730469,0.4824219,0.2441406,-1.0986328,1.0986328
8859827,-252,1784,991,2,-18,18,-0.1230469,0.8710938,0.4838867,0.1220703,-1.0986328,1.0986328
8861826,-252,1785,989,3,-19,20,-0.1230469,0.8715820,0.4829102,0.1831055,-1.1596680,1.2207031
8863825,-254,1788,988,3,-18,19,-0.1240234,0.8730469,0.4824219,0.1831055,-1.0986328,1.1596680
8865825,-253,1786,988,4,-19,20,-0.1235352,0.8720703,0.4824219,0.2441406,-1.1596680,1.2207031
8867824,-250,1786,987,3,-17,21,-0.1220703,0.8720703,0.4819336,0.1831055,-1.0375977,1.2817383
8869823,-253,1786,988,3,-18,20,-0.1235352,0.8720703,0.4824219,0.1831055,-1.0986328,1.2207031
8871823,-251,1784,987,5,-18,20,-0.1225586,0.8710938,0.4819336,0.3051758,-1.0986328,1.2207031
8873822,-252,1783,988,5,-18,19,-0.1230469,0.8706055,0.4824219,0.3051758,-1.0986328,1.1596680
8875821,-251,1785,985,4,-18,20,-0.1225586,0.8715820,0.4809570,0.2441406,-1.0986328,1.2207031
8877820,-252,1787,984,3,-18,20,-0.1230469,0.8725586,0.4804688,0.1831055,-1.0986328,1.2207031
8879820,-256,1790,988,4,-18,19,-0.1250000,0.8740234,0.4824219,0.2441406,-1.0986328,1.1596680
8881819,-252,1785,990,4,-19,20,-0.1230469,0.8715820,0.4833984,0.2441406,-1.1596680,1.2207031
8883818,-252,1785,987,3,-18,19,-0.1230469,0.8715820,0.4819336,0.1831055,-1.0986328,1.1596680
8885818,-250,1786,984,3,-17,19,-0.1220703,0.8720703,0.4804688,0.1831055,-1.0375977,1.1596680
8887817,-252,1784,987,3,-19,19,-0.1230469,0.8710938,0.4819336,0.1831055,-1.1596680,1.1596680
8889816,-250,1788,985,3,-18,19,-0.1220703,0.8730469,0.4809570,0.1831055,-1.0986328,1.1596680
8891816,-252,1787,986,3,-19,18,-0.1230469,0.8725586,0.4814453,0.1831055,-1.1596680,1.0986328
8893815,-250,1785,989,4,-17,19,-0.1220703,0.8715820,0.4829102,0.2441406,-1.0375977,1.1596680
8895814,-252,1788,988,2,-18,19,-0.1230469,0.8730469,0.4824219,0.1220703,-1.0986328,1.1596680
8897814,-255,1786,989,3,-18,18,-0.1245117,0.8720703,0.4829102,0.1831055,-1.0986328,1.0986328
8899813,-253,1789,991,2,-18,19,-0.1235352,0.8735352,0.4838867,0.1220703,-1.0986328,1.1596680
8901812,-251,1792,990,3,-18,18,-0.1225586,0.8750000,0.4833984,0.1831055,-1.0986328,1.0986328
8903812,-254,1786,990,3,-17,19,-0.1240234,0.8720703,0.4833984,0.1831055,-1.0375977,1.1596680
8905811,-249,1786,991,4,-17,19,-0.1215820,0.8720703,0.4838867,0.2441406,-1.0375977,1.1596680
8907810,-251,1786,989,2,-18,20,-0.1225586,0.8720703,0.4829102,0.1220703,-1.0986328,1.2207031
8909809,-254,1789,987,4,-16,19,-0.1240234,0.8735352,0.4819336,0.2441406,-0.9765625,1.1596680
8911809,-255,1785,988,3,-17,20,-0.1245117,0.8715820,0.4824219,0.1831055,-1.0375977,1.2207031
8913808,-251,1789,989,3,-18,21,-0.1225586,0.8735352,0.4829102,0.1831055,-1.0986328,1.2817383
8915807,-250,1783,990,5,-17,20,-0.1220703,0.8706055,0.4833984,0.3051758,-1.0375977,1.2207031
8917807,-251,1784,986,4,-17,20,-0.1225586,0.8710938,0.4814453,0.2441406,-1.0375977,1.2207031
8919806,-253,1785,985,4,-18,20,-0.1235352,0.8715820,0.4809570,0.2441406,-1.0986328,1.2207031
8921805,-251,1782,985,3,-17,20,-0.1225586,0.8701172,0.4809570,0.1831055,-1.0375977,1.2207031
8923805,-249,1783,986,4,-19,19,-0.1215820,0.8706055,0.4814453,0.2441406,-1.1596680,1.1596680
8925804,-250,1786,989,3,-17,19,-0.1220703,0.8720703,0.4829102,0.1831055,-1.0375977,1.1596680
8927803,-252,1785,988,3,-18,19,-0.1230469,0.8715820,0.4824219,0.1831055,-1.0986328,1.1596680
8929803,-252,1785,987,3,-18,18,-0.1230469,0.8715820,0.4819336,0.1831055,-1.0986328,1.0986328
8931802,-254,1782,986,3,-18,18,-0.1240234,0.8701172,0.4814453,0.1831055,-1.0986328,1.0986328
8933801,-248,1787,988,2,-17,19,-0.1210938,0.8725586,0.4824219,0.1220703,-1.0375977,1.1596680
8935801,-250,1786,988,2,-18,19,-0.1220703,0.8720703,0.4824219,0.1220703,-1.0986328,1.1596680
8937800,-250,1788,989,3,-18,19,-0.1220703,0.8730469,0.4829102,0.1831055,-1.0986328,1.1596680
8939799,-251,1788,992,3,-19,18,-0.1225586,0.8730469,0.4843750,0.1831055,-1.1596680,1.0986328
8941798,-253,1788,988,3,-18,18,-0.1235352,0.8730469,0.4824219,0.1831055,-1.0986328,1.0986328
8943798,-252,1790,989,3,-18,19,-0.1230469,0.8740234,0.4829102,0.1831055,-1.0986328,1.1596680
8945797,-255,1789,986,2,-18,18,-0.1245117,0.8735352,0.4814453,0.1220703,-1.0986328,1.0986328
8947796,-257,1786,989,2,-17,18,-0.1254883,0.8720703,0.4829102,0.1220703,-1.0375977,1.0986328
8949796,-253,1788,988,3,-18,19,-0.1235352,0.8730469,0.4824219,0.1831055,-1.0986328,1.1596680
8951795,-252,1789,987,4,-17,21,-0.1230469,0.8735352,0.4819336,0.2441406,-1.0375977,1.2817383
8953794,-253,1785,989,3,-17,19,-0.1235352,0.8715820,0.4829102,0.1831055,-1.0375977,1.1596680
8955794,-253,1787,983,4,-18,20,-0.1235352,0.8725586,0.4799805,0.2441406,-1.0986328,1.2207031
8957793,-252,1785,986,3,-18,19,-0.1230469,0.8715820,0.4814453,0.1831055,-1.0986328,1.1596680
8959792,-252,1787,986,3,-18,21,-0.1230469,0.8725586,0.4814453,0.1831055,-1.0986328,1.2817383
8961792,-254,1786,990,4,-18,21,-0.1240234,0.8720703,0.4833984,0.2441406,-1.0986328,1.2817383
8963791,-249,1783,988,4,-18,19,-0.1215820,0.8706055,0.4824219,0.2441406,-1.0986328,1.1596680
8965790,-251,1782,985,4,-17,20,-0.1225586,0.8701172,0.4809570,0.2441406,-1.0375977,1.2207031
8967790,-253,1783,985,4,-18,20,-0.1235352,0.8706055,0.4809570,0.2441406,-1.0986328,1.2207031
8969789,-252,1786,987,3,-18,19,-0.1230469,0.8720703,0.4819336,0.1831055,-1.0986328,1.1596680
8971788,-253,1787,989,3,-19,18,-0.1235352,0.8725586,0.4829102,0.1831055,-1.1596680,1.0986328
8973787,-252,1781,986,3,-18,20,-0.1230469,0.8696289,0.4814453,0.1831055,-1.0986328,1.2207031
8975787,-253,1785,988,2,-18,18,-0.1235352,0.8715820,0.4824219,0.1220703,-1.0986328,1.0986328
8977786,-253,1786,987,3,-19,18,-0.1235352,0.8720703,0.4819336,0.1831055,-1.1596680,1.0986328
8979785,-252,1787,987,4,-18,18,-0.1230469,0.8725586,0.4819336,0.2441406,-1.0986328,1.0986328
8981785,-253,1787,989,3,-19,19,-0.1235352,0.8725586,0.4829102,0.1831055,-1.1596680,1.1596680
8983784,-256,1788,990,3,-18,19,-0.1250000,0.8730469,0.4833984,0.1831055,-1.0986328,1.1596680
8985783,-253,1786,991,3,-18,18,-0.1235352,0.8720703,0.4838867,0.1831055,-1.0986328,1.0986328
8987783,-254,1788,987,4,-18,18,-0.1240234,0.8730469,0.4819336,0.2441406,-1.0986328,1.0986328
8989782,-250,1786,990,3,-17,20,-0.1220703,0.8720703,0.4833984,0.1831055,-1.0375977,1.2207031
8991781,-251,1786,987,4,-18,19,-0.1225586,0.8720703,0.4819336,0.2441406,-1.0986328,1.1596680
8993781,-253,1787,984,3,-19,19,-0.1235352,0.8725586,0.4804688,0.1831055,-1.1596680,1.1596680
8995780,-251,1785,989,4,-17,19,-0.1225586,0.8715820,0.4829102,0.2441406,-1.0375977,1.1596680
8997779,-251,1786,986,3,-18,20,-0.1225586,0.8720703,0.4814453,0.1831055,-1.0986328,1.2207031
8999779,-253,1787,988,4,-18,18,-0.1235352,0.8725586,0.4824219,0.2441406,-1.0986328,1.0986328
9001778,-252,1786,988,4,-18,19,-0.1230469,0.8720703,0.4824219,0.2441406,-1.0986328,1.1596680
9003777,-247,1788,989,4,-18,20,-0.1206055,0.8730469,0.4829102,0.2441406,-1.0986328,1.2207031
9005776,-252,1784,985,3,-18,19,-0.1230469,0.8710938,0.4809570,0.1831055,-1.0986328,1.1596680
9007776,-252,1783,987,4,-18,18,-0.1230469,0.8706055,0.4819336,0.2441406,-1.0986328,1.0986328
9009775,-252,1785,987,2,-17,20,-0.1230469,0.8715820,0.4819336,0.1220703,-1.0375977,1.2207031
9011774,-251,1787,987,3,-18,20,-0.1225586,0.8725586,0.4819336,0.1831055,-1.0986328,1.2207031
9013774,-253,1785,987,4,-19,19,-0.1235352,0.8715820,0.4819336,0.2441406,-1.1596680,1.1596680
9015773,-255,1785,985,4,-18,20,-0.1245117,0.8715820,0.4809570,0.2441406,-1.0986328,1.2207031
9017772,-251,1784,985,4,-18,20,-0.1225586,0.8710938,0.4809570,0.2441406,-1.0986328,1.2207031
9019772,-250,1786,986,3,-17,20,-0.1220703,0.8720703,0.4814453,0.1831055,-1.0375977,1.2207031
9021771,-250,1788,985,3,-18,19,-0.1220703,0.8730469,0.4809570,0.1831055,-1.0986328,1.1596680
9023770,-254,1790,987,2,-19,18,-0.1240234,0.8740234,0.4819336,0.1220703,-1.1596680,1.0986328
9025770,-256,1789,990,2,-18,18,-0.1250000,0.8735352,0.4833984,0.1220703,-1.0986328,1.0986328
9027769,-253,1786,991,3,-19,19,-0.1235352,0.8720703,0.4838867,0.1831055,-1.1596680,1.1596680
9029768,-253,1789,989,4,-19,20,-0.1235352,0.8735352,0.4829102,0.2441406,-1.1596680,1.2207031
9031768,-254,1785,986,4,-17,20,-0.1240234,0.8715820,0.4814453,0.2441406,-1.0375977,1.2207031
9033767,-252,1786,989,5,-18,19,-0.1230469,0.8720703,0.4829102,0.3051758,-1.0986328,1.1596680
9035766,-252,1787,985,4,-17,20,-0.1230469,0.8725586,0.4809570,0.2441406,-1.0375977,1.2207031
9037765,-250,1787,989,4,-17,19,-0.1220703,0.8725586,0.4829102,0.2441406,-1.0375977,1.1596680
9039765,-253,1785,986,5,-17,19,-0.1235352,0.8715820,0.4814453,0.3051758,-1.0375977,1.1596680
9041764,-252,1787,991,2,-18,21,-0.1230469,0.8725586,0.4838867,0.1220703,-1.0986328,1.2817383
9043763,-254,1785,984,3,-17,20,-0.1240234,0.8715820,0.4804688,0.1831055,-1.0375977,1.2207031
9045763,-252,1785,989,4,-18,19,-0.1230469,0.8715820,0.4829102,0.2441406,-1.0986328,1.1596680
9047762,-251,1783,986,3,-18,20,-0.1225586,0.8706055,0.4814453,0.1831055,-1.0986328,1.2207031
9049761,-252,1785,988,3,-18,19,-0.1230469,0.8715820,0.4824219,0.1831055,-1.0986328,1.1596680
9051761,-257,1785,986,2,-19,18,-0.1254883,0.8715820,0.4814453,0.1220703,-1.1596680,1.0986328
9053760,-252,1786,988,3,-18,19,-0.1230469,0.8720703,0.4824219,0.1831055,-1.0986328,1.1596680
9055759,-251,1786,988,3,-18,19,-0.1225586,0.8720703,0.4824219,0.1831055,-1.0986328,1.1596680
9057759,-252,1786,987,3,-18,19,-0.1230469,0.8720703,0.4819336,0.1831055,-1.0986328,1.1596680
9059758,-253,1785,985,4,-18,19,-0.1235352,0.8715820,0.4809570,0.2441406,-1.0986328,1.1596680
9061757,-253,1787,989,4,-18,18,-0.1235352,0.8725586,0.4829102,0.2441406,-1.0986328,1.0986328
9063757,-254,1786,990,4,-19,19,-0.1240234,0.8720703,0.4833984,0.2441406,-1.1596680,1.1596680
9065756,-251,1786,988,3,-18,20,-0.1225586,0.8720703,0.4824219,0.1831055,-1.0986328,1.2207031
9067755,-252,1785,986,4,-18,20,-0.1230469,0.8715820,0.4814453,0.2441406,-1.0986328,1.2207031
9069754,-257,1788,987,2,-18,19,-0.1254883,0.8730469,0.4819336,0.1220703,-1.0986328,1.1596680
9071754,-252,1785,986,3,-18,19,-0.1230469,0.8715820,0.4814453,0.1831055,-1.0986328,1.1596680
9073753,-249,1787,987,1,-18,20,-0.1215820,0.8725586,0.4819336,0.0610352,-1.0986328,1.2207031
9075752,-252,1787,987,4,-19,19,-0.1230469,0.8725586,0.4819336,0.2441406,-1.1596680,1.1596680
9077752,-253,1787,989,4,-18,20,-0.1235352,0.8725586,0.4829102,0.2441406,-1.0986328,1.2207031
9079751,-254,1785,986,3,-17,19,-0.1240234,0.8715820,0.4814453,0.1831055,-1.0375977,1.1596680
9081750,-250,1788,985,3,-18,20,-0.1220703,0.8730469,0.4809570,0.1831055,-1.0986328,1.2207031
9083750,-251,1787,986,4,-18,20,-0.1225586,0.8725586,0.4814453,0.2441406,-1.0986328,1.2207031
9085749,-250,1788,987,4,-18,19,-0.1220703,0.8730469,0.4819336,0.2441406,-1.0986328,1.1596680
9087748,-253,1787,988,4,-17,20,-0.1235352,0.8725586,0.4824219,0.2441406,-1.0375977,1.2207031
9089748,-250,1788,988,4,-18,20,-0.1220703,0.8730469,0.4824219,0.2441406,-1.0986328,1.2207031
9091747,-252,1785,987,3,-18,20,-0.1230469,0.8715820,0.4819336,0.1831055,-1.0986328,1.2207031
9093746,-254,1787,988,4,-19,19,-0.1240234,0.8725586,0.4824219,0.2441406,-1.1596680,1.1596680
9095746,-252,1788,989,4,-18,19,-0.1230469,0.8730469,0.4829102,0.2441406,-1.0986328,1.1596680
9097745,-252,1786,988,4,-17,18,-0.1230469,0.8720703,0.4824219,0.2441406,-1.0375977,1.0986328
9099744,-255,1785,989,3,-17,19,-0.1245117,0.8715820,0.4829102,0.1831055,-1.0375977,1.1596680
9101743,-253,1788,988,4,-18,20,-0.1235352,0.8730469,0.4824219,0.2441406,-1.0986328,1.2207031
9103743,-253,1788,986,2,-18,19,-0.1235352,0.8730469,0.4814453,0.1220703,-1.0986328,1.1596680
9105742,-254,1784,988,3,-17,19,-0.1240234,0.8710938,0.4824219,0.1831055,-1.0375977,1.1596680
9107741,-255,1788,990,3,-18,19,-0.1245117,0.8730469,0.4833984,0.1831055,-1.0986328,1.1596680
9109741,-251,1790,988,3,-18,20,-0.1225586,0.8740234,0.4824219,0.1831055,-1.0986328,1.2207031
9111740,-255,1784,986,1,-18,19,-0.1245117,0.8710938,0.4814453,0.0610352,-1.0986328,1.1596680
9113739,-252,1785,988,4,-18,20,-0.1230469,0.8715820,0.4824219,0.2441406,-1.0986328,1.2207031
9115739,-254,1785,987,3,-18,21,-0.1240234,0.8715820,0.4819336,0.1831055,-1.0986328,1.2817383
9117738,-251,1784,987,3,-17,20,-0.1225586,0.8710938,0.4819336,0.1831055,-1.0375977,1.2207031
9119737,-252,1783,987,3,-18,19,-0.1230469,0.8706055,0.4819336,0.1831055,-1.0986328,1.1596680
9121737,-254,1780,988,3,-17,19,-0.1240234,0.8691406,0.4824219,0.1831055,-1.0375977,1.1596680
9123736,-252,1785,987,2,-18,19,-0.1230469,0.8715820,0.4819336,0.1220703,-1.0986328,1.1596680
9125735,-247,1783,989,3,-18,19,-0.1206055,0.8706055,0.4829102,0.1831055,-1.0986328,1.1596680
9127735,-253,1786,985,4,-18,19,-0.1235352,0.8720703,0.4809570,0.2441406,-1.0986328,1.1596680
9129734,-252,1785,987,4,-18,18,-0.1230469,0.8715820,0.4819336,0.2441406,-1.0986328,1.0986328
9131733,-254,1788,986,4,-17,18,-0.1240234,0.8730469,0.4814453,0.2441406,-1.0375977,1.0986328
9133732,-253,1791,990,3,-18,18,-0.1235352,0.8745117,0.4833984,0.1831055,-1.0986328,1.0986328
9135732,-251,1787,986,4,-18,18,-0.1225586,0.8725586,0.4814453,0.2441406,-1.0986328,1.0986328
9137731,-254,1785,989,3,-18,18,-0.1240234,0.8715820,0.4829102,0.1831055,-1.0986328,1.0986328
9139730,-255,1787,989,4,-18,18,-0.1245117,0.8725586,0.4829102,0.2441406,-1.0986328,1.0986328
9141730,-253,1790,988,4,-18,18,-0.1235352,0.8740234,0.4824219,0.2441406,-1.0986328,1.0986328
9143729,-250,1790,989,3,-18,20,-0.1220703,0.8740234,0.4829102,0.1831055,-1.0986328,1.2207031
9145728,-254,1791,990,4,-18,20,-0.1240234,0.8745117,0.4833984,0.2441406,-1.0986328,1.2207031
9147728,-253,1788,990,3,-19,21,-0.1235352,0.8730469,0.4833984,0.1831055,-1.1596680,1.2817383
9149727,-256,1787,991,4,-18,20,-0.1250000,0.8725586,0.4838867,0.2441406,-1.0986328,1.2207031
9151726,-253,1784,986,4,-17,20,-0.1235352,0.8710938,0.4814453,0.2441406,-1.0375977,1.2207031
9153726,-253,1787,989,3,-17,19,-0.1235352,0.8725586,0.4829102,0.1831055,-1.0375977,1.1596680
9155725,-254,1784,986,4,-18,20,-0.1240234,0.8710938,0.4814453,0.2441406,-1.0986328,1.2207031
9157724,-253,1783,987,4,-18,20,-0.1235352,0.8706055,0.4819336,0.2441406,-1.0986328,1.2207031
9159724,-254,1782,984,3,-18,19,-0.1240234,0.8701172,0.4804688,0.1831055,-1.0986328,1.1596680
9161723,-253,1782,985,4,-18,21,-0.1235352,0.8701172,0.4809570,0.2441406,-1.0986328,1.2817383
9163722,-250,1783,986,3,-18,21,-0.1220703,0.8706055,0.4814453,0.1831055,-1.0986328,1.2817383
9165721,-249,1780,986,2,-18,19,-0.1215820,0.8691406,0.4814453,0.1220703,-1.0986328,1.1596680
9167721,-252,1783,984,3,-19,18,-0.1230469,0.8706055,0.4804688,0.1831055,-1.1596680,1.0986328
9169720,-249,1784,984,2,-18,17,-0.1215820,0.8710938,0.4804688,0.1220703,-1.0986328,1.0375977
9171719,-253,1785,981,2,-18,18,-0.1235352,0.8715820,0.4790039,0.1220703,-1.0986328,1.0986328
9173719,-252,1787,987,3,-19,18,-0.1230469,0.8725586,0.4819336,0.1831055,-1.1596680,1.0986328
9175718,-250,1789,990,1,-18,19,-0.1220703,0.8735352,0.4833984,0.0610352,-1.0986328,1.1596680
9177717,-254,1785,990,2,-18,18,-0.1240234,0.8715820,0.4833984,0.1220703,-1.0986328,1.0986328
9179717,-254,1791,990,3,-17,18,-0.1240234,0.8745117,0.4833984,0.1831055,-1.0375977,1.0986328
9181716,-253,1786,988,4,-18,19,-0.1235352,0.8720703,0.4824219,0.2441406,-1.0986328,1.1596680
9183715,-255,1784,989,3,-17,17,-0.1245117,0.8710938,0.4829102,0.1831055,-1.0375977,1.0375977
9185715,-254,1785,991,3,-18,18,-0.1240234,0.8715820,0.4838867,0.1831055,-1.0986328,1.0986328
9187714,-255,1787,991,4,-17,19,-0.1245117,0.8725586,0.4838867,0.2441406,-1.0375977,1.1596680
9189713,-253,1789,986,3,-17,20,-0.1235352,0.8735352,0.4814453,0.1831055,-1.0375977,1.2207031
9191713,-252,1787,988,4,-17,19,-0.1230469,0.8725586,0.4824219,0.2441406,-1.0375977,1.1596680
9193712,-253,1791,987,4,-19,20,-0.1235352,0.8745117,0.4819336,0.2441406,-1.1596680,1.2207031
9195711,-254,1783,989,4,-17,20,-0.1240234,0.8706055,0.4829102,0.2441406,-1.0375977,1.2207031
9197710,-251,1786,988,5,-17,21,-0.1225586,0.8720703,0.4824219,0.3051758,-1.0375977,1.2817383
9199710,-251,1785,988,4,-17,21,-0.1225586,0.8715820,0.4824219,0.2441406,-1.0375977,1.2817383
9201709,-249,1784,985,4,-17,20,-0.1215820,0.8710938,0.4809570,0.2441406,-1.0375977,1.2207031
9203708,-251,1788,986,3,-20,21,-0.1225586,0.8730469,0.4814453,0.1831055,-1.2207031,1.2817383
9205708,-252,1788,984,4,-18,20,-0.1230469,0.8730469,0.4804688,0.2441406,-1.0986328,1.2207031
9207707,-253,1786,985,3,-19,19,-0.1235352,0.8720703,0.4809570,0.1831055,-1.1596680,1.1596680
9209706,-251,1784,987,3,-18,19,-0.1225586,0.8710938,0.4819336,0.1831055,-1.0986328,1.1596680
9211706,-249,1788,987,2,-18,20,-0.1215820,0.8730469,0.4819336,0.1220703,-1.0986328,1.2207031
9213705,-254,1784,989,4,-18,20,-0.1240234,0.8710938,0.4829102,0.2441406,-1.0986328,1.2207031
9215704,-251,1785,984,2,-17,17,-0.1225586,0.8715820,0.4804688,0.1220703,-1.0375977,1.0375977
9217704,-252,1788,987,2,-19,18,-0.1230469,0.8730469,0.4819336,0.1220703,-1.1596680,1.0986328
9219703,-255,1785,991,2,-18,18,-0.1245117,0.8715820,0.4838867,0.1220703,-1.0986328,1.0986328
9221702,-254,1787,989,2,-18,18,-0.1240234,0.8725586,0.4829102,0.1220703,-1.0986328,1.0986328
9223702,-255,1786,991,3,-18,18,-0.1245117,0.8720703,0.4838867,0.1831055,-1.0986328,1.0986328
9225701,-255,1789,991,3,-19,18,-0.1245117,0.8735352,0.4838867,0.1831055,-1.1596680,1.0986328
9227700,-257,1791,990,3,-18,18,-0.1254883,0.8745117,0.4833984,0.1831055,-1.0986328,1.0986328
9229699,-253,1790,988,3,-18,19,-0.1235352,0.8740234,0.4824219,0.1831055,-1.0986328,1.1596680
9231699,-253,1789,989,2,-17,19,-0.1235352,0.8735352,0.4829102,0.1220703,-1.0375977,1.1596680
9233698,-250,1789,989,3,-18,19,-0.1220703,0.8735352,0.4829102,0.1831055,-1.0986328,1.1596680
9235697,-253,1787,988,4,-17,20,-0.1235352,0.8725586,0.4824219,0.2441406,-1.0375977,1.2207031
9237697,-253,1784,990,3,-17,19,-0.1235352,0.8710938,0.4833984,0.1831055,-1.0375977,1.1596680
9239696,-249,1787,988,4,-18,19,-0.1215820,0.8725586,0.4824219,0.2441406,-1.0986328,1.1596680
9241695,-253,1787,989,4,-18,20,-0.1235352,0.8725586,0.4829102,0.2441406,-1.0986328,1.2207031
9243695,-255,1785,987,3,-18,21,-0.1245117,0.8715820,0.4819336,0.1831055,-1.0986328,1.2817383
9245694,-255,1784,990,4,-17,20,-0.1245117,0.8710938,0.4833984,0.2441406,-1.0375977,1.2207031
9247693,-254,1782,986,5,-18,20,-0.1240234,0.8701172,0.4814453,0.3051758,-1.0986328,1.2207031
9249693,-253,1782,987,3,-19,20,-0.1235352,0.8701172,0.4819336,0.1831055,-1.1596680,1.2207031
9251692,-249,1786,984,4,-19,19,-0.1215820,0.8720703,0.4804688,0.2441406,-1.1596680,1.1596680
9253691,-250,1782,987,3,-17,20,-0.1220703,0.8701172,0.4819336,0.1831055,-1.0375977,1.2207031
9255691,-254,1782,984,3,-19,20,-0.1240234,0.8701172,0.4804688,0.1831055,-1.1596680,1.2207031
9257690,-251,1785,983,2,-18,19,-0.1225586,0.8715820,0.4799805,0.1220703,-1.0986328,1.1596680
9259689,-252,1785,984,3,-18,18,-0.1230469,0.8715820,0.4804688,0.1831055,-1.0986328,1.0986328
9261688,-252,1788,991,4,-18,18,-0.1230469,0.8730469,0.4838867,0.2441406,-1.0986328,1.0986328
9263688,-253,1784,990,3,-18,18,-0.1235352,0.8710938,0.4833984,0.1831055,-1.0986328,1.0986328
9265687,-251,1789,989,3,-18,19,-0.1225586,0.8735352,0.4829102,0.1831055,-1.0986328,1.1596680
9267686,-252,1789,989,3,-19,19,-0.1230469,0.8735352,0.4829102,0.1831055,-1.1596680,1.1596680
9269686,-254,1790,987,3,-17,19,-0.1240234,0.8740234,0.4819336,0.1831055,-1.0375977,1.1596680
9271685,-253,1786,989,4,-18,19,-0.1235352,0.8720703,0.4829102,0.2441406,-1.0986328,1.1596680
9273684,-250,1786,988,3,-18,19,-0.1220703,0.8720703,0.4824219,0.1831055,-1.0986328,1.1596680
9275684,-251,1791,989,4,-17,19,-0.1225586,0.8745117,0.4829102,0.2441406,-1.0375977,1.1596680
9277683,-252,1786,988,4,-18,19,-0.1230469,0.8720703,0.4824219,0.2441406,-1.0986328,1.1596680
9279682,-257,1788,988,4,-17,21,-0.1254883,0.8730469,0.4824219,0.2441406,-1.0375977,1.2817383
9281682,-256,1787,988,4,-18,20,-0.1250000,0.8725586,0.4824219,0.2441406,-1.0986328,1.2207031
9283681,-251,1791,988,4,-18,21,-0.1225586,0.8745117,0.4824219,0.2441406,-1.0986328,1.2817383
9285680,-252,1787,986,4,-18,21,-0.1230469,0.8725586,0.4814453,0.2441406,-1.0986328,1.2817383
9287680,-255,1786,986,4,-18,20,-0.1245117,0.8720703,0.4814453,0.2441406,-1.0986328,1.2207031
9289679,-253,1783,982,4,-17,20,-0.1235352,0.8706055,0.4794922,0.2441406,-1.0375977,1.2207031
9291678,-253,1784,983,3,-18,19,-0.1235352,0.8710938,0.4799805,0.1831055,-1.0986328,1.1596680
9293677,-252,1784,990,4,-18,20,-0.1230469,0.8710938,0.4833984,0.2441406,-1.0986328,1.2207031
9295677,-252,1786,986,3,-18,19,-0.1230469,0.8720703,0.4814453,0.1831055,-1.0986328,1.1596680
9297676,-253,1785,986,3,-19,20,-0.1235352,0.8715820,0.4814453,0.1831055,-1.1596680,1.2207031
9299675,-252,1783,986,2,-18,19,-0.1230469,0.8706055,0.4814453,0.1220703,-1.0986328,1.1596680
9301675,-248,1786,986,2,-18,19,-0.1210938,0.8720703,0.4814453,0.1220703,-1.0986328,1.1596680
9303674,-250,1788,987,3,-17,18,-0.1220703,0.8730469,0.4819336,0.1831055,-1.0375977,1.0986328
9305673,-250,1786,985,2,-18,18,-0.1220703,0.8720703,0.4809570,0.1220703,-1.0986328,1.0986328
9307673,-251,1783,988,2,-18,18,-0.1225586,0.8706055,0.4824219,0.1220703,-1.0986328,1.0986328
9309672,-254,1783,986,3,-18,18,-0.1240234,0.8706055,0.4814453,0.1831055,-1.0986328,1.0986328
9311671,-252,1789,990,4,-18,18,-0.1230469,0.8735352,0.4833984,0.2441406,-1.0986328,1.0986328
9313671,-252,1787,987,3,-17,18,-0.1230469,0.8725586,0.4819336,0.1831055,-1.0375977,1.0986328
9315670,-254,1788,990,3,-17,18,-0.1240234,0.8730469,0.4833984,0.1831055,-1.0375977,1.0986328
9317669,-253,1785,991,4,-18,19,-0.1235352,0.8715820,0.4838867,0.2441406,-1.0986328,1.1596680
9319669,-253,1790,986,4,-17,19,-0.1235352,0.8740234,0.4814453,0.2441406,-1.0375977,1.1596680
9321668,-254,1790,988,4,-18,20,-0.1240234,0.8740234,0.4824219,0.2441406,-1.0986328,1.2207031
9323667,-253,1789,986,4,-18,19,-0.1235352,0.8735352,0.4814453,0.2441406,-1.0986328,1.1596680
9325666,-256,1790,983,4,-17,18,-0.1250000,0.8740234,0.4799805,0.2441406,-1.0375977,1.0986328
9327666,-254,1787,987,4,-18,20,-0.1240234,0.8725586,0.4819336,0.2441406,-1.0986328,1.2207031
9329665,-252,1784,987,5,-18,20,-0.1230469,0.8710938,0.4819336,0.3051758,-1.0986328,1.2207031
9331664,-255,1784,988,3,-18,19,-0.1245117,0.8710938,0.4824219,0.1831055,-1.0986328,1.1596680
9333664,-252,1783,987,3,-19,21,-0.1230469,0.8706055,0.4819336,0.1831055,-1.1596680,1.2817383
9335663,-253,1783,987,3,-18,21,-0.1235352,0.8706055,0.4819336,0.1831055,-1.0986328,1.2817383
9337662,-249,1783,985,3,-18,19,-0.1215820,0.8706055,0.4809570,0.1831055,-1.0986328,1.1596680
9339662,-254,1783,987,4,-17,19,-0.1240234,0.8706055,0.4819336,0.2441406,-1.0375977,1.1596680
9341661,-253,1785,985,4,-17,19,-0.1235352,0.8715820,0.4809570,0.2441406,-1.0375977,1.1596680
9343660,-252,1782,987,3,-19,20,-0.1230469,0.8701172,0.4819336,0.1831055,-1.1596680,1.2207031
9345660,-250,1784,983,3,-18,20,-0.1220703,0.8710938,0.4799805,0.1831055,-1.0986328,1.2207031
9347659,-251,1783,984,4,-18,19,-0.1225586,0.8706055,0.4804688,0.2441406,-1.0986328,1.1596680
9349658,-252,1785,986,3,-18,19,-0.1230469,0.8715820,0.4814453,0.1831055,-1.0986328,1.1596680
9351658,-251,1784,988,2,-18,18,-0.1225586,0.8710938,0.4824219,0.1220703,-1.0986328,1.0986328
9353657,-253,1786,988,3,-18,18,-0.1235352,0.8720703,0.4824219,0.1831055,-1.0986328,1.0986328
9355656,-253,1786,987,2,-19,18,-0.1235352,0.8720703,0.4819336,0.1220703,-1.1596680,1.0986328
9357655,-251,1788,991,3,-18,19,-0.1225586,0.8730469,0.4838867,0.1831055,-1.0986328,1.1596680
9359655,-255,1790,988,2,-19,17,-0.1245117,0.8740234,0.4824219,0.1220703,-1.1596680,1.0375977
9361654,-252,1790,988,4,-17,17,-0.1230469,0.8740234,0.4824219,0.2441406,-1.0375977,1.0375977
9363653,-251,1788,990,3,-18,19,-0.1225586,0.8730469,0.4833984,0.1831055,-1.0986328,1.1596680
9365653,-254,1787,987,3,-17,17,-0.1240234,0.8725586,0.4819336,0.1831055,-1.0375977,1.0375977
9367652,-254,1788,989,3,-17,18,-0.1240234,0.8730469,0.4829102,0.1831055,-1.0375977,1.0986328
9369651,-254,1788,986,4,-17,19,-0.1240234,0.8730469,0.4814453,0.2441406,-1.0375977,1.1596680
9371651,-252,1789,985,3,-18,19,-0.1230469,0.8735352,0.4809570,0.1831055,-1.0986328,1.1596680
9373650,-252,1787,988,4,-18,19,-0.1230469,0.8725586,0.4824219,0.2441406,-1.0986328,1.1596680
9375649,-252,1789,988,4,-18,19,-0.1230469,0.8735352,0.4824219,0.2441406,-1.0986328,1.1596680
9377649,-251,1782,987,4,-18,20,-0.1225586,0.8701172,0.4819336,0.2441406,-1.0986328,1.2207031
9379648,-250,1783,985,4,-19,20,-0.1220703,0.8706055,0.4809570,0.2441406,-1.1596680,1.2207031
9381647,-252,1783,986,3,-18,20,-0.1230469,0.8706055,0.4814453,0.1831055,-1.0986328,1.2207031
9383647,-251,1778,985,3,-18,20,-0.1225586,0.8681641,0.4809570,0.1831055,-1.0986328,1.2207031
9385646,-252,1784,986,3,-18,19,-0.1230469,0.8710938,0.4814453,0.1831055,-1.0986328,1.1596680
9387645,-250,1781,984,2,-18,19,-0.1220703,0.8696289,0.4804688,0.1220703,-1.0986328,1.1596680
9389644,-250,1783,988,2,-19,19,-0.1220703,0.8706055,0.4824219,0.1220703,-1.1596680,1.1596680
9391644,-252,1783,984,2,-20,20,-0.1230469,0.8706055,0.4804688,0.1220703,-1.2207031,1.2207031
9393643,-251,1784,983,2,-20,20,-0.1225586,0.8710938,0.4799805,0.1220703,-1.2207031,1.2207031
9395642,-256,1786,985,3,-19,19,-0.1250000,0.8720703,0.4809570,0.1831055,-1.1596680,1.1596680
9397642,-254,1785,990,3,-17,18,-0.1240234,0.8715820,0.4833984,0.1831055,-1.0375977,1.0986328
9399641,-250,1783,989,2,-19,19,-0.1220703,0.8706055,0.4829102,0.1220703,-1.1596680,1.1596680
9401640,-255,1788,989,1,-19,17,-0.1245117,0.8730469,0.4829102,0.0610352,-1.1596680,1.0375977
9403640,-251,1789,988,3,-17,18,-0.1225586,0.8735352,0.4824219,0.1831055,-1.0375977,1.0986328
9405639,-256,1787,989,3,-17,18,-0.1250000,0.8725586,0.4829102,0.1831055,-1.0375977,1.0986328
9407638,-253,1789,987,4,-17,18,-0.1235352,0.8735352,0.4819336,0.2441406,-1.0375977,1.0986328
9409638,-252,1789,989,4,-17,19,-0.1230469,0.8735352,0.4829102,0.2441406,-1.0375977,1.1596680
9411637,-254,1791,984,4,-17,19,-0.1240234,0.8745117,0.4804688,0.2441406,-1.0375977,1.1596680
9413636,-253,1789,991,4,-17,20,-0.1235352,0.8735352,0.4838867,0.2441406,-1.0375977,1.2207031
9415636,-252,1788,991,5,-16,19,-0.1230469,0.8730469,0.4838867,0.3051758,-0.9765625,1.1596680
9417635,-252,1788,989,4,-18,19,-0.1230469,0.8730469,0.4829102,0.2441406,-1.0986328,1.1596680
9419634,-253,1788,989,4,-18,20,-0.1235352,0.8730469,0.4829102,0.2441406,-1.0986328,1.2207031
9421633,-252,1785,990,3,-18,20,-0.1230469,0.8715820,0.4833984,0.1831055,-1.0986328,1.2207031
9423633,-249,1785,989,4,-18,20,-0.1215820,0.8715820,0.4829102,0.2441406,-1.0986328,1.2207031
9425632,-252,1782,988,3,-17,21,-0.1230469,0.8701172,0.4824219,0.1831055,-1.0375977,1.2817383
9427631,-251,1784,985,4,-19,20,-0.1225586,0.8710938,0.4809570,0.2441406,-1.1596680,1.2207031
9429631,-253,1785,984,4,-17,20,-0.1235352,0.8715820,0.4804688,0.2441406,-1.0375977,1.2207031
9431630,-252,1783,982,3,-18,20,-0.1230469,0.8706055,0.4794922,0.1831055,-1.0986328,1.2207031
9433629,-246,1781,985,3,-18,20,-0.1201172,0.8696289,0.4809570,0.1831055,-1.0986328,1.2207031
9435629,-251,1784,987,2,-19,20,-0.1225586,0.8710938,0.4819336,0.1220703,-1.1596680,1.2207031
9437628,-252,1786,984,2,-19,19,-0.1230469,0.8720703,0.4804688,0.1220703,-1.1596680,1.1596680
9439627,-253,1786,985,3,-18,19,-0.1235352,0.8720703,0.4809570,0.1831055,-1.0986328,1.1596680
9441627,-251,1787,987,2,-19,18,-0.1225586,0.8725586,0.4819336,0.1220703,-1.1596680,1.0986328
9443626,-253,1788,987,3,-18,17,-0.1235352,0.8730469,0.4819336,0.1831055,-1.0986328,1.0375977
9445625,-253,1787,991,2,-18,18,-0.1235352,0.8725586,0.4838867,0.1220703,-1.0986328,1.0986328
9447625,-252,1790,989,2,-19,18,-0.1230469,0.8740234,0.4829102,0.1220703,-1.1596680,1.0986328
9449624,-255,1786,991,2,-18,17,-0.1245117,0.8720703,0.4838867,0.1220703,-1.0986328,1.0375977
9451623,-249,1788,992,4,-18,19,-0.1215820,0.8730469,0.4843750,0.2441406,-1.0986328,1.1596680
9453622,-253,1788,989,3,-17,18,-0.1235352,0.8730469,0.4829102,0.1831055,-1.0375977,1.0986328
9455622,-256,1788,986,4,-18,18,-0.1250000,0.8730469,0.4814453,0.2441406,-1.0986328,1.0986328
9457621,-256,1787,989,4,-17,19,-0.1250000,0.8725586,0.4829102,0.2441406,-1.0375977,1.1596680
9459620,-254,1787,990,4,-17,19,-0.1240234,0.8725586,0.4833984,0.2441406,-1.0375977,1.1596680
9461620,-255,1784,990,4,-18,20,-0.1245117,0.8710938,0.4833984,0.2441406,-1.0986328,1.2207031
9463619,-253,1786,984,5,-17,21,-0.1235352,0.8720703,0.4804688,0.3051758,-1.0375977,1.2817383
9465618,-254,1788,989,4,-18,21,-0.1240234,0.8730469,0.4829102,0.2441406,-1.0986328,1.2817383
9467618,-251,1782,983,3,-18,20,-0.1225586,0.8701172,0.4799805,0.1831055,-1.0986328,1.2207031
9469617,-252,1784,988,3,-17,20,-0.1230469,0.8710938,0.4824219,0.1831055,-1.0375977,1.2207031
9471616,-254,1785,986,4,-18,21,-0.1240234,0.8715820,0.4814453,0.2441406,-1.0986328,1.2817383
9473616,-254,1785,984,4,-18,19,-0.1240234,0.8715820,0.4804688,0.2441406,-1.0986328,1.1596680
9475615,-252,1783,985,3,-18,18,-0.1230469,0.8706055,0.4809570,0.1831055,-1.0986328,1.0986328
9477614,-252,1784,986,4,-18,20,-0.1230469,0.8710938,0.4814453,0.2441406,-1.0986328,1.2207031
9479614,-250,1785,984,2,-18,19,-0.1220703,0.8715820,0.4804688,0.1220703,-1.0986328,1.1596680
9481613,-252,1785,986,2,-18,19,-0.1230469,0.8715820,0.4814453,0.1220703,-1.0986328,1.1596680
9483612,-253,1784,989,3,-18,19,-0.1235352,0.8710938,0.4829102,0.1831055,-1.0986328,1.1596680
9485611,-252,1786,986,3,-19,19,-0.1230469,0.8720703,0.4814453,0.1831055,-1.1596680,1.1596680
9487611,-253,1788,988,2,-18,19,-0.1235352,0.8730469,0.4824219,0.1220703,-1.0986328,1.1596680
9489610,-255,1785,986,3,-18,20,-0.1245117,0.8715820,0.4814453,0.1831055,-1.0986328,1.2207031
9491609,-252,1790,990,3,-17,19,-0.1230469,0.8740234,0.4833984,0.1831055,-1.0375977,1.1596680
9493609,-251,1792,989,2,-18,19,-0.1225586,0.8750000,0.4829102,0.1220703,-1.0986328,1.1596680
9495608,-253,1788,987,4,-17,19,-0.1235352,0.8730469,0.4819336,0.2441406,-1.0375977,1.1596680
9497607,-255,1788,987,3,-18,18,-0.1245117,0.8730469,0.4819336,0.1831055,-1.0986328,1.0986328
9499607,-251,1788,988,4,-18,20,-0.1225586,0.8730469,0.4824219,0.2441406,-1.0986328,1.2207031
9501606,-252,1787,991,2,-18,20,-0.1230469,0.8725586,0.4838867,0.1220703,-1.0986328,1.2207031
9503605,-254,1787,989,4,-17,18,-0.1240234,0.8725586,0.4829102,0.2441406,-1.0375977,1.0986328
9505605,-255,1788,988,3,-17,20,-0.1245117,0.8730469,0.4824219,0.1831055,-1.0375977,1.2207031
9507604,-254,1786,986,4,-18,20,-0.1240234,0.8720703,0.4814453,0.2441406,-1.0986328,1.2207031
9509603,-255,1783,988,3,-17,19,-0.1245117,0.8706055,0.4824219,0.1831055,-1.0375977,1.1596680
9511603,-254,1784,987,4,-18,20,-0.1240234,0.8710938,0.4819336,0.2441406,-1.0986328,1.2207031
9513602,-253,1783,989,3,-17,20,-0.1235352,0.8706055,0.4829102,0.1831055,-1.0375977,1.2207031
9515601,-252,1784,988,4,-18,19,-0.1230469,0.8710938,0.4824219,0.2441406,-1.0986328,1.1596680
9517600,-252,1783,992,4,-18,20,-0.1230469,0.8706055,0.4843750,0.2441406,-1.0986328,1.2207031
9519600,-254,1784,984,4,-18,20,-0.1240234,0.8710938,0.4804688,0.2441406,-1.0986328,1.2207031
9521599,-252,1786,981,4,-18,21,-0.1230469,0.8720703,0.4790039,0.2441406,-1.0986328,1.2817383
9523598,-250,1785,986,4,-18,19,-0.1220703,0.8715820,0.4814453,0.2441406,-1.0986328,1.1596680
9525598,-252,1784,987,4,-18,18,-0.1230469,0.8710938,0.4819336,0.2441406,-1.0986328,1.0986328
9527597,-253,1789,986,2,-18,17,-0.1235352,0.8735352,0.4814453,0.1220703,-1.0986328,1.0375977
9529596,-251,1788,986,3,-18,18,-0.1225586,0.8730469,0.4814453,0.1831055,-1.0986328,1.0986328
9531596,-249,1787,987,3,-18,19,-0.1215820,0.8725586,0.4819336,0.1831055,-1.0986328,1.1596680
9533595,-252,1785,988,2,-19,18,-0.1230469,0.8715820,0.4824219,0.1220703,-1.1596680,1.0986328
9535594,-251,1788,986,2,-18,18,-0.1225586,0.8730469,0.4814453,0.1220703,-1.0986328,1.0986328
9537594,-253,1787,990,2,-18,19,-0.1235352,0.8725586,0.4833984,0.1220703,-1.0986328,1.1596680
9539593,-254,1784,985,3,-18,19,-0.1240234,0.8710938,0.4809570,0.1831055,-1.0986328,1.1596680
9541592,-253,1788,990,3,-19,19,-0.1235352,0.8730469,0.4833984,0.1831055,-1.1596680,1.1596680
9543592,-254,1784,989,4,-17,20,-0.1240234,0.8710938,0.4829102,0.2441406,-1.0375977,1.2207031
9545591,-253,1787,988,4,-17,20,-0.1235352,0.8725586,0.4824219,0.2441406,-1.0375977,1.2207031
9547590,-252,1785,988,3,-18,19,-0.1230469,0.8715820,0.4824219,0.1831055,-1.0986328,1.1596680
9549589,-251,1785,988,3,-17,20,-0.1225586,0.8715820,0.4824219,0.1831055,-1.0375977,1.2207031
9551589,-253,1786,987,3,-18,21,-0.1235352,0.8720703,0.4819336,0.1831055,-1.0986328,1.2817383
9553588,-250,1783,987,4,-18,20,-0.1220703,0.8706055,0.4819336,0.2441406,-1.0986328,1.2207031
9555587,-254,1786,985,4,-17,19,-0.1240234,0.8720703,0.4809570,0.2441406,-1.0375977,1.1596680
9557587,-256,1787,986,4,-18,18,-0.1250000,0.8725586,0.4814453,0.2441406,-1.0986328,1.0986328
9559586,-252,1786,987,4,-18,20,-0.1230469,0.8720703,0.4819336,0.2441406,-1.0986328,1.2207031
9561585,-253,1783,985,4,-17,19,-0.1235352,0.8706055,0.4809570,0.2441406,-1.0375977,1.1596680
9563585,-252,1784,986,3,-18,19,-0.1230469,0.8710938,0.4814453,0.1831055,-1.0986328,1.1596680
9565584,-250,1786,987,4,-17,19,-0.1220703,0.8720703,0.4819336,0.2441406,-1.0375977,1.1596680
9567583,-253,1784,989,3,-18,19,-0.1235352,0.8710938,0.4829102,0.1831055,-1.0986328,1.1596680
9569583,-254,1786,987,4,-18,18,-0.1240234,0.8720703,0.4819336,0.2441406,-1.0986328,1.0986328
9571582,-253,1788,987,3,-18,18,-0.1235352,0.8730469,0.4819336,0.1831055,-1.0986328,1.0986328
9573581,-254,1788,984,4,-18,18,-0.1240234,0.8730469,0.4804688,0.2441406,-1.0986328,1.0986328
9575581,-252,1786,989,2,-18,18,-0.1230469,0.8720703,0.4829102,0.1220703,-1.0986328,1.0986328
9577580,-253,1789,989,3,-18,20,-0.1235352,0.8735352,0.4829102,0.1831055,-1.0986328,1.2207031
9579579,-253,1786,991,2,-18,20,-0.1235352,0.8720703,0.4838867,0.1220703,-1.0986328,1.2207031
9581578,-251,1789,988,2,-18,20,-0.1225586,0.8735352,0.4824219,0.1220703,-1.0986328,1.2207031
9583578,-251,1788,985,3,-19,20,-0.1225586,0.8730469,0.4809570,0.1831055,-1.1596680,1.2207031
9585577,-253,1785,988,3,-19,19,-0.1235352,0.8715820,0.4824219,0.1831055,-1.1596680,1.1596680
9587576,-253,1787,987,3,-17,19,-0.1235352,0.8725586,0.4819336,0.1831055,-1.0375977,1.1596680
9589576,-252,1786,987,4,-17,19,-0.1230469,0.8720703,0.4819336,0.2441406,-1.0375977,1.1596680
9591575,-252,1784,987,5,-18,20,-0.1230469,0.8710938,0.4819336,0.3051758,-1.0986328,1.2207031
9593574,-251,1784,983,4,-18,20,-0.1225586,0.8710938,0.4799805,0.2441406,-1.0986328,1.2207031
9595574,-251,1783,985,4,-18,19,-0.1225586,0.8706055,0.4809570,0.2441406,-1.0986328,1.1596680
9597573,-250,1784,983,3,-18,21,-0.1220703,0.8710938,0.4799805,0.1831055,-1.0986328,1.2817383
9599572,-250,1783,988,3,-18,20,-0.1220703,0.8706055,0.4824219,0.1831055,-1.0986328,1.2207031
9601572,-249,1783,984,3,-18,19,-0.1215820,0.8706055,0.4804688,0.1831055,-1.0986328,1.1596680
9603571,-250,1785,983,3,-18,19,-0.1220703,0.8715820,0.4799805,0.1831055,-1.0986328,1.1596680
9605570,-250,1784,987,3,-18,18,-0.1220703,0.8710938,0.4819336,0.1831055,-1.0986328,1.0986328
9607570,-250,1789,988,3,-18,19,-0.1220703,0.8735352,0.4824219,0.1831055,-1.0986328,1.1596680
9609569,-255,1787,988,3,-18,17,-0.1245117,0.8725586,0.4824219,0.1831055,-1.0986328,1.0375977
9611568,-255,1791,990,2,-17,18,-0.1245117,0.8745117,0.4833984,0.1220703,-1.0375977,1.0986328
9613567,-253,1787,987,3,-18,17,-0.1235352,0.8725586,0.4819336,0.1831055,-1.0986328,1.0375977
9615567,-252,1788,993,3,-18,19,-0.1230469,0.8730469,0.4848633,0.1831055,-1.0986328,1.1596680
9617566,-253,1790,989,2,-18,19,-0.1235352,0.8740234,0.4829102,0.1220703,-1.0986328,1.1596680
9619565,-253,1788,989,3,-18,19,-0.1235352,0.8730469,0.4829102,0.1831055,-1.0986328,1.1596680
9621565,-255,1786,986,2,-18,19,-0.1245117,0.8720703,0.4814453,0.1220703,-1.0986328,1.1596680
9623564,-252,1787,986,3,-17,20,-0.1230469,0.8725586,0.4814453,0.1831055,-1.0375977,1.2207031
9625563,-253,1785,989,3,-17,20,-0.1235352,0.8715820,0.4829102,0.1831055,-1.0375977,1.2207031
9627563,-252,1789,989,3,-17,19,-0.1230469,0.8735352,0.4829102,0.1831055,-1.0375977,1.1596680
9629562,-251,1784,984,3,-18,20,-0.1225586,0.8710938,0.4804688,0.1831055,-1.0986328,1.2207031
9631561,-254,1785,988,3,-18,20,-0.1240234,0.8715820,0.4824219,0.1831055,-1.0986328,1.2207031
9633561,-251,1783,988,3,-18,19,-0.1225586,0.8706055,0.4824219,0.1831055,-1.0986328,1.1596680
9635560,-252,1787,989,4,-19,20,-0.1230469,0.8725586,0.4829102,0.2441406,-1.1596680,1.2207031
9637559,-253,1783,984,3,-18,20,-0.1235352,0.8706055,0.4804688,0.1831055,-1.0986328,1.2207031
9639559,-253,1785,989,3,-18,20,-0.1235352,0.8715820,0.4829102,0.1831055,-1.0986328,1.2207031
9641558,-255,1786,987,4,-18,19,-0.1245117,0.8720703,0.4819336,0.2441406,-1.0986328,1.1596680
9643557,-255,1786,988,4,-17,18,-0.1245117,0.8720703,0.4824219,0.2441406,-1.0375977,1.0986328
9645556,-252,1783,984,3,-18,19,-0.1230469,0.8706055,0.4804688,0.1831055,-1.0986328,1.1596680
9647556,-250,1787,989,3,-18,19,-0.1220703,0.8725586,0.4829102,0.1831055,-1.0986328,1.1596680
9649555,-252,1785,985,4,-18,19,-0.1230469,0.8715820,0.4809570,0.2441406,-1.0986328,1.1596680
9651554,-251,1783,986,2,-18,19,-0.1225586,0.8706055,0.4814453,0.1220703,-1.0986328,1.1596680
9653554,-250,1786,985,3,-20,18,-0.1220703,0.8720703,0.4809570,0.1831055,-1.2207031,1.0986328
9655553,-253,1789,988,3,-19,19,-0.1235352,0.8735352,0.4824219,0.1831055,-1.1596680,1.1596680
9657552,-255,1787,989,3,-17,19,-0.1245117,0.8725586,0.4829102,0.1831055,-1.0375977,1.1596680
9659552,-255,1787,988,4,-18,19,-0.1245117,0.8725586,0.4824219,0.2441406,-1.0986328,1.1596680
9661551,-249,1790,990,3,-19,19,-0.1215820,0.8740234,0.4833984,0.1831055,-1.1596680,1.1596680
9663550,-254,1788,987,4,-19,20,-0.1240234,0.8730469,0.4819336,0.2441406,-1.1596680,1.2207031
9665550,-253,1788,987,4,-19,20,-0.1235352,0.8730469,0.4819336,0.2441406,-1.1596680,1.2207031
9667549,-251,1785,986,3,-18,20,-0.1225586,0.8715820,0.4814453,0.1831055,-1.0986328,1.2207031
9669548,-252,1785,987,3,-18,20,-0.1230469,0.8715820,0.4819336,0.1831055,-1.0986328,1.2207031
9671548,-252,1788,989,3,-17,20,-0.1230469,0.8730469,0.4829102,0.1831055,-1.0375977,1.2207031
9673547,-252,1783,989,3,-17,20,-0.1230469,0.8706055,0.4829102,0.1831055,-1.0375977,1.2207031
9675546,-254,1784,984,4,-19,19,-0.1240234,0.8710938,0.4804688,0.2441406,-1.1596680,1.1596680
9677545,-251,1784,986,3,-18,20,-0.1225586,0.8710938,0.4814453,0.1831055,-1.0986328,1.2207031
9679545,-252,1784,986,3,-17,20,-0.1230469,0.8710938,0.4814453,0.1831055,-1.0375977,1.2207031
9681544,-252,1784,986,4,-18,19,-0.1230469,0.8710938,0.4814453,0.2441406,-1.0986328,1.1596680
9683543,-250,1783,987,3,-18,19,-0.1220703,0.8706055,0.4819336,0.1831055,-1.0986328,1.1596680
9685543,-252,1786,988,2,-18,19,-0.1230469,0.8720703,0.4824219,0.1220703,-1.0986328,1.1596680
9687542,-254,1782,983,3,-18,19,-0.1240234,0.8701172,0.4799805,0.1831055,-1.0986328,1.1596680
9689541,-252,1785,984,3,-18,19,-0.1230469,0.8715820,0.4804688,0.1831055,-1.0986328,1.1596680
9691541,-252,1785,987,2,-19,18,-0.1230469,0.8715820,0.4819336,0.1220703,-1.1596680,1.0986328
9693540,-255,1785,989,2,-19,18,-0.1245117,0.8715820,0.4829102,0.1220703,-1.1596680,1.0986328
9695539,-253,1784,990,3,-19,18,-0.1235352,0.8710938,0.4833984,0.1831055,-1.1596680,1.0986328
9697539,-254,1789,986,2,-18,18,-0.1240234,0.8735352,0.4814453,0.1220703,-1.0986328,1.0986328
9699538,-253,1786,989,2,-18,18,-0.1235352,0.8720703,0.4829102,0.1220703,-1.0986328,1.0986328
9701537,-254,1790,990,2,-17,19,-0.1240234,0.8740234,0.4833984,0.1220703,-1.0375977,1.1596680
9703537,-255,1788,990,2,-17,19,-0.1245117,0.8730469,0.4833984,0.1220703,-1.0375977,1.1596680
9705536,-253,1787,989,2,-17,19,-0.1235352,0.8725586,0.4829102,0.1220703,-1.0375977,1.1596680
9707535,-253,1788,988,4,-17,20,-0.1235352,0.8730469,0.4824219,0.2441406,-1.0375977,1.2207031
9709534,-256,1786,984,3,-17,20,-0.1250000,0.8720703,0.4804688,0.1831055,-1.0375977,1.2207031
9711534,-254,1786,991,3,-18,21,-0.1240234,0.8720703,0.4838867,0.1831055,-1.0986328,1.2817383
9713533,-253,1786,991,4,-17,20,-0.1235352,0.8720703,0.4838867,0.2441406,-1.0375977,1.2207031
9715532,-252,1784,984,4,-18,21,-0.1230469,0.8710938,0.4804688,0.2441406,-1.0986328,1.2817383
9717532,-250,1783,986,3,-16,20,-0.1220703,0.8706055,0.4814453,0.1831055,-0.9765625,1.2207031
9719531,-252,1783,985,4,-17,20,-0.1230469,0.8706055,0.4809570,0.2441406,-1.0375977,1.2207031
9721530,-251,1785,986,5,-18,19,-0.1225586,0.8715820,0.4814453,0.3051758,-1.0986328,1.1596680
9723530,-250,1781,985,4,-18,20,-0.1220703,0.8696289,0.4809570,0.2441406,-1.0986328,1.2207031
9725529,-253,1781,987,3,-18,20,-0.1235352,0.8696289,0.4819336,0.1831055,-1.0986328,1.2207031
9727528,-253,1784,986,3,-18,18,-0.1235352,0.8710938,0.4814453,0.1831055,-1.0986328,1.0986328
9729528,-255,1786,984,3,-18,20,-0.1245117,0.8720703,0.4804688,0.1831055,-1.0986328,1.2207031
9731527,-248,1787,983,2,-18,19,-0.1210938,0.8725586,0.4799805,0.1220703,-1.0986328,1.1596680
9733526,-250,1786,986,2,-18,18,-0.1220703,0.8720703,0.4814453,0.1220703,-1.0986328,1.0986328
9735526,-254,1784,989,2,-18,18,-0.1240234,0.8710938,0.4829102,0.1220703,-1.0986328,1.0986328
9737525,-253,1787,987,2,-19,17,-0.1235352,0.8725586,0.4819336,0.1220703,-1.1596680,1.0375977
9739524,-249,1790,991,2,-18,18,-0.1215820,0.8740234,0.4838867,0.1220703,-1.0986328,1.0986328
9741523,-252,1790,988,3,-18,18,-0.1230469,0.8740234,0.4824219,0.1831055,-1.0986328,1.0986328
9743523,-256,1790,989,4,-18,19,-0.1250000,0.8740234,0.4829102,0.2441406,-1.0986328,1.1596680
9745522,-254,1789,987,2,-19,19,-0.1240234,0.8735352,0.4819336,0.1220703,-1.1596680,1.1596680
9747521,-255,1788,985,3,-18,18,-0.1245117,0.8730469,0.4809570,0.1831055,-1.0986328,1.0986328
9749521,-254,1789,990,3,-18,19,-0.1240234,0.8735352,0.4833984,0.1831055,-1.0986328,1.1596680
9751520,-252,1786,986,4,-17,20,-0.1230469,0.8720703,0.4814453,0.2441406,-1.0375977,1.2207031
9753519,-253,1785,989,5,-18,20,-0.1235352,0.8715820,0.4829102,0.3051758,-1.0986328,1.2207031
9755519,-255,1785,988,4,-18,20,-0.1245117,0.8715820,0.4824219,0.2441406,-1.0986328,1.2207031
9757518,-256,1785,989,4,-18,20,-0.1250000,0.8715820,0.4829102,0.2441406,-1.0986328,1.2207031
9759517,-252,1788,983,4,-18,20,-0.1230469,0.8730469,0.4799805,0.2441406,-1.0986328,1.2207031
9761517,-253,1786,986,3,-18,21,-0.1235352,0.8720703,0.4814453,0.1831055,-1.0986328,1.2817383
9763516,-253,1786,988,4,-17,20,-0.1235352,0.8720703,0.4824219,0.2441406,-1.0375977,1.2207031
9765515,-250,1781,986,4,-17,20,-0.1220703,0.8696289,0.4814453,0.2441406,-1.0375977,1.2207031
9767515,-250,1781,985,2,-19,20,-0.1220703,0.8696289,0.4809570,0.1220703,-1.1596680,1.2207031
9769514,-250,1783,982,4,-18,19,-0.1220703,0.8706055,0.4794922,0.2441406,-1.0986328,1.1596680
9771513,-252,1783,985,2,-18,20,-0.1230469,0.8706055,0.4809570,0.1220703,-1.0986328,1.2207031
9773512,-251,1784,988,3,-19,20,-0.1225586,0.8710938,0.4824219,0.1831055,-1.1596680,1.2207031
9775512,-251,1785,983,3,-17,18,-0.1225586,0.8715820,0.4799805,0.1831055,-1.0375977,1.0986328
9777511,-252,1785,987,1,-19,17,-0.1230469,0.8715820,0.4819336,0.0610352,-1.1596680,1.0375977
9779510,-251,1786,986,3,-18,17,-0.1225586,0.8720703,0.4814453,0.1831055,-1.0986328,1.0375977
9781510,-251,1788,987,2,-18,19,-0.1225586,0.8730469,0.4819336,0.1220703,-1.0986328,1.1596680
9783509,-252,1788,989,3,-18,18,-0.1230469,0.8730469,0.4829102,0.1831055,-1.0986328,1.0986328
9785508,-252,1787,990,2,-18,17,-0.1230469,0.8725586,0.4833984,0.1220703,-1.0986328,1.0375977
9787508,-255,1792,989,3,-17,18,-0.1245117,0.8750000,0.4829102,0.1831055,-1.0375977,1.0986328
9789507,-257,1790,989,4,-18,18,-0.1254883,0.8740234,0.4829102,0.2441406,-1.0986328,1.0986328
9791506,-254,1790,989,3,-18,19,-0.1240234,0.8740234,0.4829102,0.1831055,-1.0986328,1.1596680
9793506,-254,1792,988,3,-18,19,-0.1240234,0.8750000,0.4824219,0.1831055,-1.0986328,1.1596680
9795505,-254,1787,986,3,-18,20,-0.1240234,0.8725586,0.4814453,0.1831055,-1.0986328,1.2207031
9797504,-253,1786,986,4,-18,19,-0.1235352,0.8720703,0.4814453,0.2441406,-1.0986328,1.1596680
9799504,-251,1786,987,3,-18,20,-0.1225586,0.8720703,0.4819336,0.1831055,-1.0986328,1.2207031
9801503,-254,1783,985,4,-18,21,-0.1240234,0.8706055,0.4809570,0.2441406,-1.0986328,1.2817383
9803502,-252,1781,988,4,-17,21,-0.1230469,0.8696289,0.4824219,0.2441406,-1.0375977,1.2817383
9805501,-250,1783,983,4,-18,20,-0.1220703,0.8706055,0.4799805,0.2441406,-1.0986328,1.2207031
9807501,-251,1786,986,4,-18,20,-0.1225586,0.8720703,0.4814453,0.2441406,-1.0986328,1.2207031
9809500,-251,1781,983,4,-19,20,-0.1225586,0.8696289,0.4799805,0.2441406,-1.1596680,1.2207031
9811499,-249,1780,983,4,-19,20,-0.1215820,0.8691406,0.4799805,0.2441406,-1.1596680,1.2207031
9813499,-251,1783,984,4,-18,19,-0.1225586,0.8706055,0.4804688,0.2441406,-1.0986328,1.1596680
9815498,-251,1783,984,4,-18,19,-0.1225586,0.8706055,0.4804688,0.2441406,-1.0986328,1.1596680
9817497,-250,1785,984,2,-19,17,-0.1220703,0.8715820,0.4804688,0.1220703,-1.1596680,1.0375977
9819497,-255,1785,987,3,-18,18,-0.1245117,0.8715820,0.4819336,0.1831055,-1.0986328,1.0986328
9821496,-254,1786,986,2,-18,17,-0.1240234,0.8720703,0.4814453,0.1220703,-1.0986328,1.0375977
9823495,-251,1790,986,3,-17,19,-0.1225586,0.8740234,0.4814453,0.1831055,-1.0375977,1.1596680
9825495,-252,1791,985,2,-18,18,-0.1230469,0.8745117,0.4809570,0.1220703,-1.0986328,1.0986328
9827494,-255,1788,991,3,-18,19,-0.1245117,0.8730469,0.4838867,0.1831055,-1.0986328,1.1596680
9829493,-255,1787,993,2,-17,19,-0.1245117,0.8725586,0.4848633,0.1220703,-1.0375977,1.1596680
9831493,-255,1788,988,3,-16,19,-0.1245117,0.8730469,0.4824219,0.1831055,-0.9765625,1.1596680
9833492,-251,1790,991,3,-17,19,-0.1225586,0.8740234,0.4838867,0.1831055,-1.0375977,1.1596680
9835491,-252,1790,990,2,-17,19,-0.1230469,0.8740234,0.4833984,0.1220703,-1.0375977,1.1596680
9837490,-252,1791,992,2,-17,20,-0.1230469,0.8745117,0.4843750,0.1220703,-1.0375977,1.2207031
9839490,-255,1786,988,3,-18,21,-0.1245117,0.8720703,0.4824219,0.1831055,-1.0986328,1.2817383
9841489,-255,1789,984,4,-18,20,-0.1245117,0.8735352,0.4804688,0.2441406,-1.0986328,1.2207031
9843488,-251,1786,986,4,-18,21,-0.1225586,0.8720703,0.4814453,0.2441406,-1.0986328,1.2817383
9845488,-250,1785,990,4,-17,21,-0.1220703,0.8715820,0.4833984,0.2441406,-1.0375977,1.2817383
9847487,-249,1784,986,4,-17,20,-0.1215820,0.8710938,0.4814453,0.2441406,-1.0375977,1.2207031
9849486,-251,1785,986,3,-18,20,-0.1225586,0.8715820,0.4814453,0.1831055,-1.0986328,1.2207031
9851486,-250,1784,988,3,-18,20,-0.1220703,0.8710938,0.4824219,0.1831055,-1.0986328,1.2207031
9853485,-251,1781,983,3,-18,21,-0.1225586,0.8696289,0.4799805,0.1831055,-1.0986328,1.2817383
9855484,-250,1781,985,3,-17,18,-0.1220703,0.8696289,0.4809570,0.1831055,-1.0375977,1.0986328
9857484,-251,1783,982,2,-19,19,-0.1225586,0.8706055,0.4794922,0.1220703,-1.1596680,1.1596680
9859483,-252,1783,984,2,-19,18,-0.1230469,0.8706055,0.4804688,0.1220703,-1.1596680,1.0986328
9861482,-250,1785,985,2,-19,18,-0.1220703,0.8715820,0.4809570,0.1220703,-1.1596680,1.0986328
9863482,-253,1786,988,2,-18,19,-0.1235352,0.8720703,0.4824219,0.1220703,-1.0986328,1.1596680
9865481,-255,1786,988,2,-19,17,-0.1245117,0.8720703,0.4824219,0.1220703,-1.1596680,1.0375977
9867480,-255,1790,987,3,-19,19,-0.1245117,0.8740234,0.4819336,0.1831055,-1.1596680,1.1596680
9869479,-256,1791,988,1,-18,17,-0.1250000,0.8745117,0.4824219,0.0610352,-1.0986328,1.0375977
9871479,-253,1789,990,3,-19,18,-0.1235352,0.8735352,0.4833984,0.1831055,-1.1596680,1.0986328
9873478,-257,1791,985,3,-18,19,-0.1254883,0.8745117,0.4809570,0.1831055,-1.0986328,1.1596680
9875477,-258,1789,991,3,-18,18,-0.1259766,0.8735352,0.4838867,0.1831055,-1.0986328,1.0986328
9877477,-255,1791,988,3,-17,19,-0.1245117,0.8745117,0.4824219,0.1831055,-1.0375977,1.1596680
9879476,-251,1789,990,4,-18,19,-0.1225586,0.8735352,0.4833984,0.2441406,-1.0986328,1.1596680
9881475,-250,1790,989,2,-18,20,-0.1220703,0.8740234,0.4829102,0.1220703,-1.0986328,1.2207031
9883475,-254,1787,986,4,-17,20,-0.1240234,0.8725586,0.4814453,0.2441406,-1.0375977,1.2207031
9885474,-250,1786,986,4,-17,20,-0.1220703,0.8720703,0.4814453,0.2441406,-1.0375977,1.2207031
9887473,-248,1783,983,5,-17,20,-0.1210938,0.8706055,0.4799805,0.3051758,-1.0375977,1.2207031
9889473,-250,1785,986,4,-17,20,-0.1220703,0.8715820,0.4814453,0.2441406,-1.0375977,1.2207031
9891472,-253,1782,982,3,-18,20,-0.1235352,0.8701172,0.4794922,0.1831055,-1.0986328,1.2207031
9893471,-255,1784,983,4,-19,20,-0.1245117,0.8710938,0.4799805,0.2441406,-1.1596680,1.2207031
9895471,-255,1785,982,4,-18,20,-0.1245117,0.8715820,0.4794922,0.2441406,-1.0986328,1.2207031
9897470,-250,1781,983,4,-18,20,-0.1220703,0.8696289,0.4799805,0.2441406,-1.0986328,1.2207031
9899469,-249,1783,986,4,-19,20,-0.1215820,0.8706055,0.4814453,0.2441406,-1.1596680,1.2207031
9901468,-253,1782,984,2,-19,19,-0.1235352,0.8701172,0.4804688,0.1220703,-1.1596680,1.1596680
9903468,-251,1783,985,3,-18,18,-0.1225586,0.8706055,0.4809570,0.1831055,-1.0986328,1.0986328
9905467,-251,1784,984,3,-18,18,-0.1225586,0.8710938,0.4804688,0.1831055,-1.0986328,1.0986328
9907466,-251,1785,989,2,-18,17,-0.1225586,0.8715820,0.4829102,0.1220703,-1.0986328,1.0375977
9909466,-254,1789,991,2,-18,19,-0.1240234,0.8735352,0.4838867,0.1220703,-1.0986328,1.1596680
9911465,-256,1788,989,2,-18,18,-0.1250000,0.8730469,0.4829102,0.1220703,-1.0986328,1.0986328
9913464,-249,1788,988,3,-18,19,-0.1215820,0.8730469,0.4824219,0.1831055,-1.0986328,1.1596680
9915464,-255,1789,990,2,-19,19,-0.1245117,0.8735352,0.4833984,0.1220703,-1.1596680,1.1596680
9917463,-256,1788,990,2,-19,18,-0.1250000,0.8730469,0.4833984,0.1220703,-1.1596680,1.0986328
9919462,-254,1788,989,4,-18,18,-0.1240234,0.8730469,0.4829102,0.2441406,-1.0986328,1.0986328
9921462,-252,1787,990,3,-18,19,-0.1230469,0.8725586,0.4833984,0.1831055,-1.0986328,1.1596680
9923461,-254,1789,989,3,-18,19,-0.1240234,0.8735352,0.4829102,0.1831055,-1.0986328,1.1596680
9925460,-252,1788,987,4,-18,19,-0.1230469,0.8730469,0.4819336,0.2441406,-1.0986328,1.1596680
9927460,-251,1786,987,4,-18,21,-0.1225586,0.8720703,0.4819336,0.2441406,-1.0986328,1.2817383
9929459,-251,1786,986,5,-18,22,-0.1225586,0.8720703,0.4814453,0.3051758,-1.0986328,1.3427734
9931458,-253,1783,988,3,-18,20,-0.1235352,0.8706055,0.4824219,0.1831055,-1.0986328,1.2207031
9933457,-250,1783,987,4,-17,21,-0.1220703,0.8706055,0.4819336,0.2441406,-1.0375977,1.2817383
9935457,-250,1783,985,4,-18,20,-0.1220703,0.8706055,0.4809570,0.2441406,-1.0986328,1.2207031
9937456,-250,1784,983,3,-18,19,-0.1220703,0.8710938,0.4799805,0.1831055,-1.0986328,1.1596680
9939455,-252,1783,987,2,-18,19,-0.1230469,0.8706055,0.4819336,0.1220703,-1.0986328,1.1596680
9941455,-248,1783,981,2,-19,19,-0.1210938,0.8706055,0.4790039,0.1220703,-1.1596680,1.1596680
9943454,-250,1786,988,3,-18,20,-0.1220703,0.8720703,0.4824219,0.1831055,-1.0986328,1.2207031
9945453,-254,1779,987,2,-19,18,-0.1240234,0.8686523,0.4819336,0.1220703,-1.1596680,1.0986328
9947453,-252,1788,988,1,-18,17,-0.1230469,0.8730469,0.4824219,0.0610352,-1.0986328,1.0375977
9949452,-252,1786,987,2,-19,18,-0.1230469,0.8720703,0.4819336,0.1220703,-1.1596680,1.0986328
9951451,-250,1785,987,1,-19,18,-0.1220703,0.8715820,0.4819336,0.0610352,-1.1596680,1.0986328
9953451,-252,1790,988,3,-18,18,-0.1230469,0.8740234,0.4824219,0.1831055,-1.0986328,1.0986328
9955450,-253,1789,986,2,-18,18,-0.1235352,0.8735352,0.4814453,0.1220703,-1.0986328,1.0986328
9957449,-252,1786,987,3,-18,19,-0.1230469,0.8720703,0.4819336,0.1831055,-1.0986328,1.1596680
9959449,-251,1785,990,4,-17,18,-0.1225586,0.8715820,0.4833984,0.2441406,-1.0375977,1.0986328
9961448,-253,1789,988,3,-18,19,-0.1235352,0.8735352,0.4824219,0.1831055,-1.0986328,1.1596680
9963447,-255,1786,992,4,-18,20,-0.1245117,0.8720703,0.4843750,0.2441406,-1.0986328,1.2207031
9965446,-255,1787,987,3,-18,20,-0.1245117,0.8725586,0.4819336,0.1831055,-1.0986328,1.2207031
9967446,-254,1785,987,3,-18,19,-0.1240234,0.8715820,0.4819336,0.1831055,-1.0986328,1.1596680
9969445,-254,1786,987,4,-17,20,-0.1240234,0.8720703,0.4819336,0.2441406,-1.0375977,1.2207031
9971444,-254,1788,985,4,-17,20,-0.1240234,0.8730469,0.4809570,0.2441406,-1.0375977,1.2207031
9973444,-252,1788,987,3,-17,21,-0.1230469,0.8730469,0.4819336,0.1831055,-1.0375977,1.2817383
9975443,-253,1783,988,4,-18,19,-0.1235352,0.8706055,0.4824219,0.2441406,-1.0986328,1.1596680
9977442,-253,1785,982,4,-18,19,-0.1235352,0.8715820,0.4794922,0.2441406,-1.0986328,1.1596680
9979442,-253,1787,986,5,-18,20,-0.1235352,0.8725586,0.4814453,0.3051758,-1.0986328,1.2207031
9981441,-249,1782,988,2,-19,19,-0.1215820,0.8701172,0.4824219,0.1220703,-1.1596680,1.1596680
9983440,-252,1782,984,4,-18,20,-0.1230469,0.8701172,0.4804688,0.2441406,-1.0986328,1.2207031
9985440,-252,1785,986,3,-18,18,-0.1230469,0.8715820,0.4814453,0.1831055,-1.0986328,1.0986328
9987439,-251,1786,984,3,-18,20,-0.1225586,0.8720703,0.4804688,0.1831055,-1.0986328,1.2207031
9989438,-252,1784,985,3,-19,19,-0.1230469,0.8710938,0.4809570,0.1831055,-1.1596680,1.1596680
9991438,-252,1787,984,3,-18,18,-0.1230469,0.8725586,0.4804688,0.1831055,-1.0986328,1.0986328
9993437,-250,1785,986,2,-19,18,-0.1220703,0.8715820,0.4814453,0.1220703,-1.1596680,1.0986328
9995436,-253,1787,989,3,-19,19,-0.1235352,0.8725586,0.4829102,0.1831055,-1.1596680,1.1596680
9997435,-252,1784,988,1,-18,18,-0.1230469,0.8710938,0.4824219,0.0610352,-1.0986328,1.0986328
9999435,-252,1784,988,3,-19,19,-0.1230469,0.8710938,0.4824219,0.1831055,-1.1596680,1.1596680
10001434,-251,1789,991,3,-17,18,-0.1225586,0.8735352,0.4838867,0.1831055,-1.0375977,1.0986328
10003433,-253,1789,987,4,-18,19,-0.1235352,0.8735352,0.4819336,0.2441406,-1.0986328,1.1596680
10005433,-253,1787,988,4,-18,19,-0.1235352,0.8725586,0.4824219,0.2441406,-1.0986328,1.1596680
10007432,-257,1789,987,4,-18,19,-0.1254883,0.8735352,0.4819336,0.2441406,-1.0986328,1.1596680
10009431,-252,1784,988,3,-17,20,-0.1230469,0.8710938,0.4824219,0.1831055,-1.0375977,1.2207031
10011431,-255,1786,987,3,-17,19,-0.1245117,0.8720703,0.4819336,0.1831055,-1.0375977,1.1596680
10013430,-253,1783,990,4,-17,20,-0.1235352,0.8706055,0.4833984,0.2441406,-1.0375977,1.2207031
10015429,-254,1788,987,4,-17,19,-0.1240234,0.8730469,0.4819336,0.2441406,-1.0375977,1.1596680
10017429,-254,1787,987,3,-18,20,-0.1240234,0.8725586,0.4819336,0.1831055,-1.0986328,1.2207031
10019428,-253,1786,987,4,-19,20,-0.1235352,0.8720703,0.4819336,0.2441406,-1.1596680,1.2207031
10021427,-253,1781,983,4,-19,21,-0.1235352,0.8696289,0.4799805,0.2441406,-1.1596680,1.2817383
10023427,-252,1784,986,5,-18,20,-0.1230469,0.8710938,0.4814453,0.3051758,-1.0986328,1.2207031
10025426,-255,1784,985,3,-18,20,-0.1245117,0.8710938,0.4809570,0.1831055,-1.0986328,1.2207031
10027425,-253,1784,988,3,-19,19,-0.1235352,0.8710938,0.4824219,0.1831055,-1.1596680,1.1596680
10029424,-251,1785,985,3,-18,19,-0.1225586,0.8715820,0.4809570,0.1831055,-1.0986328,1.1596680
10031424,-252,1783,986,3,-17,18,-0.1230469,0.8706055,0.4814453,0.1831055,-1.0375977,1.0986328
10033423,-254,1785,986,3,-17,19,-0.1240234,0.8715820,0.4814453,0.1831055,-1.0375977,1.1596680
10035422,-250,1787,988,3,-19,20,-0.1220703,0.8725586,0.4824219,0.1831055,-1.1596680,1.2207031
10037422,-255,1788,984,3,-18,18,-0.1245117,0.8730469,0.4804688,0.1831055,-1.0986328,1.0986328
10039421,-253,1788,986,3,-19,19,-0.1235352,0.8730469,0.4814453,0.1831055,-1.1596680,1.1596680
10041420,-252,1786,988,3,-19,19,-0.1230469,0.8720703,0.4824219,0.1831055,-1.1596680,1.1596680
10043420,-251,1787,988,4,-18,18,-0.1225586,0.8725586,0.4824219,0.2441406,-1.0986328,1.0986328
10045419,-252,1787,988,4,-17,20,-0.1230469,0.8725586,0.4824219,0.2441406,-1.0375977,1.2207031
10047418,-253,1785,989,3,-19,18,-0.1235352,0.8715820,0.4829102,0.1831055,-1.1596680,1.0986328
10049418,-254,1787,986,4,-17,20,-0.1240234,0.8725586,0.4814453,0.2441406,-1.0375977,1.2207031
10051417,-253,1785,987,3,-18,20,-0.1235352,0.8715820,0.4819336,0.1831055,-1.0986328,1.2207031
10053416,-251,1788,987,4,-18,19,-0.1225586,0.8730469,0.4819336,0.2441406,-1.0986328,1.1596680
10055416,-252,1785,987,2,-18,19,-0.1230469,0.8715820,0.4819336,0.1220703,-1.0986328,1.1596680
10057415,-253,1787,984,2,-17,21,-0.1235352,0.8725586,0.4804688,0.1220703,-1.0375977,1.2817383
10059414,-253,1787,987,3,-17,21,-0.1235352,0.8725586,0.4819336,0.1831055,-1.0375977,1.2817383
10061413,-254,1784,984,4,-18,20,-0.1240234,0.8710938,0.4804688,0.2441406,-1.0986328,1.2207031
10063413,-252,1785,983,4,-18,19,-0.1230469,0.8715820,0.4799805,0.2441406,-1.0986328,1.1596680
10065412,-250,1783,984,4,-18,20,-0.1220703,0.8706055,0.4804688,0.2441406,-1.0986328,1.2207031
10067411,-252,1785,985,3,-17,19,-0.1230469,0.8715820,0.4809570,0.1831055,-1.0375977,1.1596680
10069411,-251,1783,984,5,-19,18,-0.1225586,0.8706055,0.4804688,0.3051758,-1.1596680,1.0986328
10071410,-248,1785,988,4,-17,19,-0.1210938,0.8715820,0.4824219,0.2441406,-1.0375977,1.1596680
10073409,-250,1789,984,1,-18,18,-0.1220703,0.8735352,0.4804688,0.0610352,-1.0986328,1.0986328
10075409,-252,1786,988,2,-18,18,-0.1230469,0.8720703,0.4824219,0.1220703,-1.0986328,1.0986328
10077408,-252,1784,987,2,-18,18,-0.1230469,0.8710938,0.4819336,0.1220703,-1.0986328,1.0986328
10079407,-255,1784,986,2,-18,19,-0.1245117,0.8710938,0.4814453,0.1220703,-1.0986328,1.1596680
10081407,-253,1786,986,3,-17,19,-0.1235352,0.8720703,0.4814453,0.1831055,-1.0375977,1.1596680
10083406,-252,1784,987,1,-18,19,-0.1230469,0.8710938,0.4819336,0.0610352,-1.0986328,1.1596680
10085405,-252,1788,986,2,-17,20,-0.1230469,0.8730469,0.4814453,0.1220703,-1.0375977,1.2207031
10087405,-253,1787,989,4,-18,19,-0.1235352,0.8725586,0.4829102,0.2441406,-1.0986328,1.1596680
10089404,-252,1788,990,3,-19,19,-0.1230469,0.8730469,0.4833984,0.1831055,-1.1596680,1.1596680
10091403,-257,1788,987,3,-19,19,-0.1254883,0.8730469,0.4819336,0.1831055,-1.1596680,1.1596680
10093402,-255,1786,990,3,-18,19,-0.1245117,0.8720703,0.4833984,0.1831055,-1.0986328,1.1596680
10095402,-248,1786,986,3,-18,20,-0.1210938,0.8720703,0.4814453,0.1831055,-1.0986328,1.2207031
10097401,-254,1782,989,4,-18,20,-0.1240234,0.8701172,0.4829102,0.2441406,-1.0986328,1.2207031
10099400,-253,1788,986,4,-18,20,-0.1235352,0.8730469,0.4814453,0.2441406,-1.0986328,1.2207031
10101400,-258,1785,989,4,-18,19,-0.1259766,0.8715820,0.4829102,0.2441406,-1.0986328,1.1596680
10103399,-255,1785,989,4,-19,20,-0.1245117,0.8715820,0.4829102,0.2441406,-1.1596680,1.2207031
10105398,-250,1785,987,2,-18,20,-0.1220703,0.8715820,0.4819336,0.1220703,-1.0986328,1.2207031
10107398,-253,1785,988,4,-19,20,-0.1235352,0.8715820,0.4824219,0.2441406,-1.1596680,1.2207031
10109397,-252,1786,988,4,-18,18,-0.1230469,0.8720703,0.4824219,0.2441406,-1.0986328,1.0986328
10111396,-253,1787,984,3,-18,20,-0.1235352,0.8725586,0.4804688,0.1831055,-1.0986328,1.2207031
10113396,-250,1785,989,3,-19,19,-0.1220703,0.8715820,0.4829102,0.1831055,-1.1596680,1.1596680
10115395,-250,1784,988,3,-19,19,-0.1220703,0.8710938,0.4824219,0.1831055,-1.1596680,1.1596680
10117394,-253,1786,986,3,-18,18,-0.1235352,0.8720703,0.4814453,0.1831055,-1.0986328,1.0986328
10119394,-254,1784,989,4,-18,19,-0.1240234,0.8710938,0.4829102,0.2441406,-1.0986328,1.1596680
10121393,-252,1787,986,2,-17,19,-0.1230469,0.8725586,0.4814453,0.1220703,-1.0375977,1.1596680
10123392,-253,1788,988,3,-18,20,-0.1235352,0.8730469,0.4824219,0.1831055,-1.0986328,1.2207031
10125391,-251,1787,989,4,-18,20,-0.1225586,0.8725586,0.4829102,0.2441406,-1.0986328,1.2207031
10127391,-252,1786,986,4,-18,20,-0.1230469,0.8720703,0.4814453,0.2441406,-1.0986328,1.2207031
10129390,-253,1786,987,2,-17,20,-0.1235352,0.8720703,0.4819336,0.1220703,-1.0375977,1.2207031
10131389,-248,1788,983,4,-18,20,-0.1210938,0.8730469,0.4799805,0.2441406,-1.0986328,1.2207031
10133389,-253,1788,987,3,-18,20,-0.1235352,0.8730469,0.4819336,0.1831055,-1.0986328,1.2207031
10135388,-253,1790,985,2,-19,20,-0.1235352,0.8740234,0.4809570,0.1220703,-1.1596680,1.2207031
10137387,-249,1784,988,3,-17,20,-0.1215820,0.8710938,0.4824219,0.1831055,-1.0375977,1.2207031
10139387,-250,1785,988,3,-18,19,-0.1220703,0.8715820,0.4824219,0.1831055,-1.0986328,1.1596680
10141386,-251,1788,985,4,-18,19,-0.1225586,0.8730469,0.4809570,0.2441406,-1.0986328,1.1596680
10143385,-251,1788,985,2,-17,19,-0.1225586,0.8730469,0.4809570,0.1220703,-1.0375977,1.1596680
10145385,-251,1787,985,4,-18,17,-0.1225586,0.8725586,0.4809570,0.2441406,-1.0986328,1.0375977
10147384,-249,1785,986,4,-17,17,-0.1215820,0.8715820,0.4814453,0.2441406,-1.0375977,1.0375977
10149383,-252,1785,982,2,-18,18,-0.1230469,0.8715820,0.4794922,0.1220703,-1.0986328,1.0986328
10151383,-255,1785,987,4,-18,19,-0.1245117,0.8715820,0.4819336,0.2441406,-1.0986328,1.1596680
10153382,-252,1786,989,3,-18,19,-0.1230469,0.8720703,0.4829102,0.1831055,-1.0986328,1.1596680
10155381,-252,1785,985,3,-17,19,-0.1230469,0.8715820,0.4809570,0.1831055,-1.0375977,1.1596680
10157380,-256,1785,987,2,-19,19,-0.1250000,0.8715820,0.4819336,0.1220703,-1.1596680,1.1596680
10159380,-252,1787,987,4,-18,18,-0.1230469,0.8725586,0.4819336,0.2441406,-1.0986328,1.0986328
10161379,-253,1784,988,2,-17,18,-0.1235352,0.8710938,0.4824219,0.1220703,-1.0375977,1.0986328
10163378,-253,1784,986,2,-18,20,-0.1235352,0.8710938,0.4814453,0.1220703,-1.0986328,1.2207031
10165378,-251,1786,988,3,-17,20,-0.1225586,0.8720703,0.4824219,0.1831055,-1.0375977,1.2207031
10167377,-249,1789,988,2,-18,19,-0.1215820,0.8735352,0.4824219,0.1220703,-1.0986328,1.1596680
10169376,-255,1782,988,4,-17,19,-0.1245117,0.8701172,0.4824219,0.2441406,-1.0375977,1.1596680
10171376,-255,1781,986,4,-18,19,-0.1245117,0.8696289,0.4814453,0.2441406,-1.0986328,1.1596680
10173375,-251,1785,989,3,-17,19,-0.1225586,0.8715820,0.4829102,0.1831055,-1.0375977,1.1596680
10175374,-252,1785,990,4,-19,20,-0.1230469,0.8715820,0.4833984,0.2441406,-1.1596680,1.2207031
10177374,-253,1785,989,4,-19,19,-0.1235352,0.8715820,0.4829102,0.2441406,-1.1596680,1.1596680
10179373,-255,1784,984,4,-18,18,-0.1245117,0.8710938,0.4804688,0.2441406,-1.0986328,1.0986328
10181372,-253,1784,989,4,-18,19,-0.1235352,0.8710938,0.4829102,0.2441406,-1.0986328,1.1596680
10183372,-250,1784,985,3,-19,18,-0.1220703,0.8710938,0.4809570,0.1831055,-1.1596680,1.0986328
10185371,-254,1788,988,4,-18,20,-0.1240234,0.8730469,0.4824219,0.2441406,-1.0986328,1.2207031
10187370,-253,1786,986,4,-18,19,-0.1235352,0.8720703,0.4814453,0.2441406,-1.0986328,1.1596680
10189369,-253,1788,988,3,-19,19,-0.1235352,0.8730469,0.4824219,0.1831055,-1.1596680,1.1596680
10191369,-253,1788,988,2,-18,19,-0.1235352,0.8730469,0.4824219,0.1220703,-1.0986328,1.1596680
10193368,-251,1787,989,2,-18,19,-0.1225586,0.8725586,0.4829102,0.1220703,-1.0986328,1.1596680
10195367,-253,1785,986,1,-18,19,-0.1235352,0.8715820,0.4814453,0.0610352,-1.0986328,1.1596680
10197367,-253,1787,989,3,-18,20,-0.1235352,0.8725586,0.4829102,0.1831055,-1.0986328,1.2207031
10199366,-253,1788,988,2,-17,19,-0.1235352,0.8730469,0.4824219,0.1220703,-1.0375977,1.1596680
10201365,-252,1785,988,3,-18,19,-0.1230469,0.8715820,0.4824219,0.1831055,-1.0986328,1.1596680
10203365,-253,1787,990,2,-18,18,-0.1235352,0.8725586,0.4833984,0.1220703,-1.0986328,1.0986328
10205364,-251,1784,986,3,-19,19,-0.1225586,0.8710938,0.4814453,0.1831055,-1.1596680,1.1596680
10207363,-252,1787,987,4,-18,20,-0.1230469,0.8725586,0.4819336,0.2441406,-1.0986328,1.2207031
10209363,-249,1788,985,3,-19,20,-0.1215820,0.8730469,0.4809570,0.1831055,-1.1596680,1.2207031
10211362,-253,1784,988,3,-18,20,-0.1235352,0.8710938,0.4824219,0.1831055,-1.0986328,1.2207031
10213361,-255,1784,986,4,-18,20,-0.1245117,0.8710938,0.4814453,0.2441406,-1.0986328,1.2207031
10215361,-252,1786,988,3,-17,20,-0.1230469,0.8720703,0.4824219,0.1831055,-1.0375977,1.2207031
10217360,-253,1784,984,4,-18,20,-0.1235352,0.8710938,0.4804688,0.2441406,-1.0986328,1.2207031
10219359,-251,1783,988,4,-18,20,-0.1225586,0.8706055,0.4824219,0.2441406,-1.0986328,1.2207031
10221358,-252,1784,986,4,-19,20,-0.1230469,0.8710938,0.4814453,0.2441406,-1.1596680,1.2207031
10223358,-255,1784,986,3,-18,19,-0.1245117,0.8710938,0.4814453,0.1831055,-1.0986328,1.1596680
10225357,-254,1786,985,3,-17,20,-0.1240234,0.8720703,0.4809570,0.1831055,-1.0375977,1.2207031
10227356,-252,1785,984,3,-17,18,-0.1230469,0.8715820,0.4804688,0.1831055,-1.0375977,1.0986328
10229356,-253,1786,986,3,-18,19,-0.1235352,0.8720703,0.4814453,0.1831055,-1.0986328,1.1596680
10231355,-253,1787,986,4,-19,18,-0.1235352,0.8725586,0.4814453,0.2441406,-1.1596680,1.0986328
10233354,-252,1786,989,4,-19,20,-0.1230469,0.8720703,0.4829102,0.2441406,-1.1596680,1.2207031
10235354,-252,1786,990,3,-20,19,-0.1230469,0.8720703,0.4833984,0.1831055,-1.2207031,1.1596680
10237353,-254,1786,987,3,-18,19,-0.1240234,0.8720703,0.4819336,0.1831055,-1.0986328,1.1596680
10239352,-253,1785,988,3,-19,18,-0.1235352,0.8715820,0.4824219,0.1831055,-1.1596680,1.0986328
10241352,-248,1787,985,3,-18,19,-0.1210938,0.8725586,0.4809570,0.1831055,-1.0986328,1.1596680
10243351,-253,1785,988,3,-18,20,-0.1235352,0.8715820,0.4824219,0.1831055,-1.0986328,1.2207031
10245350,-253,1788,988,3,-16,20,-0.1235352,0.8730469,0.4824219,0.1831055,-0.9765625,1.2207031
10247350,-252,1785,989,3,-17,21,-0.1230469,0.8715820,0.4829102,0.1831055,-1.0375977,1.2817383
10249349,-252,1786,986,3,-18,19,-0.1230469,0.8720703,0.4814453,0.1831055,-1.0986328,1.1596680
10251348,-254,1782,989,3,-19,20,-0.1240234,0.8701172,0.4829102,0.1831055,-1.1596680,1.2207031
10253347,-253,1786,985,3,-19,20,-0.1235352,0.8720703,0.4809570,0.1831055,-1.1596680,1.2207031
10255347,-254,1785,988,4,-17,20,-0.1240234,0.8715820,0.4824219,0.2441406,-1.0375977,1.2207031
10257346,-254,1786,986,3,-19,20,-0.1240234,0.8720703,0.4814453,0.1831055,-1.1596680,1.2207031
10259345,-253,1788,988,4,-18,20,-0.1235352,0.8730469,0.4824219,0.2441406,-1.0986328,1.2207031
10261345,-251,1787,987,3,-18,20,-0.1225586,0.8725586,0.4819336,0.1831055,-1.0986328,1.2207031
10263344,-252,1784,985,3,-18,19,-0.1230469,0.8710938,0.4809570,0.1831055,-1.0986328,1.1596680
10265343,-251,1784,989,3,-17,19,-0.1225586,0.8710938,0.4829102,0.1831055,-1.0375977,1.1596680
10267343,-252,1786,989,2,-18,19,-0.1230469,0.8720703,0.4829102,0.1220703,-1.0986328,1.1596680
10269342,-253,1786,986,4,-18,20,-0.1235352,0.8720703,0.4814453,0.2441406,-1.0986328,1.2207031
10271341,-252,1785,988,3,-18,19,-0.1230469,0.8715820,0.4824219,0.1831055,-1.0986328,1.1596680
10273341,-250,1784,986,4,-18,19,-0.1220703,0.8710938,0.4814453,0.2441406,-1.0986328,1.1596680
10275340,-254,1785,983,4,-17,19,-0.1240234,0.8715820,0.4799805,0.2441406,-1.0375977,1.1596680
10277339,-253,1787,988,3,-19,18,-0.1235352,0.8725586,0.4824219,0.1831055,-1.1596680,1.0986328
10279339,-251,1786,989,2,-18,19,-0.1225586,0.8720703,0.4829102,0.1220703,-1.0986328,1.1596680
10281338,-252,1785,985,2,-18,18,-0.1230469,0.8715820,0.4809570,0.1220703,-1.0986328,1.0986328
10283337,-251,1786,987,4,-17,19,-0.1225586,0.8720703,0.4819336,0.2441406,-1.0375977,1.1596680
10285336,-251,1789,988,4,-18,19,-0.1225586,0.8735352,0.4824219,0.2441406,-1.0986328,1.1596680
10287336,-256,1788,987,3,-17,19,-0.1250000,0.8730469,0.4819336,0.1831055,-1.0375977,1.1596680
10289335,-252,1787,987,4,-18,19,-0.1230469,0.8725586,0.4819336,0.2441406,-1.0986328,1.1596680
10291334,-255,1787,987,4,-18,19,-0.1245117,0.8725586,0.4819336,0.2441406,-1.0986328,1.1596680
10293334,-252,1786,989,4,-19,20,-0.1230469,0.8720703,0.4829102,0.2441406,-1.1596680,1.2207031
10295333,-252,1786,990,4,-18,20,-0.1230469,0.8720703,0.4833984,0.2441406,-1.0986328,1.2207031
10297332,-254,1784,985,4,-17,19,-0.1240234,0.8710938,0.4809570,0.2441406,-1.0375977,1.1596680
10299332,-254,1791,993,4,-18,19,-0.1240234,0.8745117,0.4848633,0.2441406,-1.0986328,1.1596680
10301331,-252,1784,988,4,-17,21,-0.1230469,0.8710938,0.4824219,0.2441406,-1.0375977,1.2817383
10303330,-251,1786,986,4,-18,19,-0.1225586,0.8720703,0.4814453,0.2441406,-1.0986328,1.1596680
10305330,-255,1785,989,4,-17,20,-0.1245117,0.8715820,0.4829102,0.2441406,-1.0375977,1.2207031
10307329,-254,1786,985,4,-18,19,-0.1240234,0.8720703,0.4809570,0.2441406,-1.0986328,1.1596680
10309328,-254,1783,986,3,-17,20,-0.1240234,0.8706055,0.4814453,0.1831055,-1.0375977,1.2207031
10311328,-250,1785,983,3,-19,21,-0.1220703,0.8715820,0.4799805,0.1831055,-1.1596680,1.2817383
10313327,-250,1787,986,2,-18,20,-0.1220703,0.8725586,0.4814453,0.1220703,-1.0986328,1.2207031
10315326,-254,1783,984,3,-19,20,-0.1240234,0.8706055,0.4804688,0.1831055,-1.1596680,1.2207031
10317325,-250,1784,985,3,-18,19,-0.1220703,0.8710938,0.4809570,0.1831055,-1.0986328,1.1596680
10319325,-250,1789,985,3,-19,20,-0.1220703,0.8735352,0.4809570,0.1831055,-1.1596680,1.2207031
10321324,-250,1789,986,3,-18,19,-0.1220703,0.8735352,0.4814453,0.1831055,-1.0986328,1.1596680
10323323,-252,1786,987,4,-17,19,-0.1230469,0.8720703,0.4819336,0.2441406,-1.0375977,1.1596680
10325323,-255,1786,988,4,-18,18,-0.1245117,0.8720703,0.4824219,0.2441406,-1.0986328,1.0986328
10327322,-251,1786,986,4,-18,18,-0.1225586,0.8720703,0.4814453,0.2441406,-1.0986328,1.0986328
10329321,-253,1787,989,3,-17,19,-0.1235352,0.8725586,0.4829102,0.1831055,-1.0375977,1.1596680
10331321,-248,1787,985,3,-17,18,-0.1210938,0.8725586,0.4809570,0.1831055,-1.0375977,1.0986328
10333320,-250,1786,988,3,-18,18,-0.1220703,0.8720703,0.4824219,0.1831055,-1.0986328,1.0986328
10335319,-255,1789,989,3,-18,19,-0.1245117,0.8735352,0.4829102,0.1831055,-1.0986328,1.1596680
10337319,-253,1787,984,4,-18,19,-0.1235352,0.8725586,0.4804688,0.2441406,-1.0986328,1.1596680
10339318,-248,1790,989,2,-18,20,-0.1210938,0.8740234,0.4829102,0.1220703,-1.0986328,1.2207031
10341317,-251,1787,988,3,-18,19,-0.1225586,0.8725586,0.4824219,0.1831055,-1.0986328,1.1596680
10343317,-256,1787,986,3,-17,19,-0.1250000,0.8725586,0.4814453,0.1831055,-1.0375977,1.1596680
10345316,-253,1784,988,4,-17,20,-0.1235352,0.8710938,0.4824219,0.2441406,-1.0375977,1.2207031
10347315,-250,1787,987,4,-18,20,-0.1220703,0.8725586,0.4819336,0.2441406,-1.0986328,1.2207031
10349314,-254,1786,984,3,-17,20,-0.1240234,0.8720703,0.4804688,0.1831055,-1.0375977,1.2207031
10351314,-255,1783,989,3,-18,20,-0.1245117,0.8706055,0.4829102,0.1831055,-1.0986328,1.2207031
10353313,-252,1782,984,4,-19,19,-0.1230469,0.8701172,0.4804688,0.2441406,-1.1596680,1.1596680
10355312,-250,1783,987,4,-18,20,-0.1220703,0.8706055,0.4819336,0.2441406,-1.0986328,1.2207031
10357312,-253,1788,985,3,-18,18,-0.1235352,0.8730469,0.4809570,0.1831055,-1.0986328,1.0986328
10359311,-250,1785,983,2,-18,20,-0.1220703,0.8715820,0.4799805,0.1220703,-1.0986328,1.2207031
10361310,-253,1787,982,2,-19,19,-0.1235352,0.8725586,0.4794922,0.1220703,-1.1596680,1.1596680
10363310,-253,1785,987,4,-17,20,-0.1235352,0.8715820,0.4819336,0.2441406,-1.0375977,1.2207031
10365309,-251,1782,989,3,-18,18,-0.1225586,0.8701172,0.4829102,0.1831055,-1.0986328,1.0986328
10367308,-250,1785,985,2,-19,18,-0.1220703,0.8715820,0.4809570,0.1220703,-1.1596680,1.0986328
10369308,-252,1785,987,2,-18,20,-0.1230469,0.8715820,0.4819336,0.1220703,-1.0986328,1.2207031
10371307,-252,1787,988,4,-18,19,-0.1230469,0.8725586,0.4824219,0.2441406,-1.0986328,1.1596680
10373306,-254,1787,985,3,-17,18,-0.1240234,0.8725586,0.4809570,0.1831055,-1.0375977,1.0986328
10375306,-254,1788,987,4,-17,19,-0.1240234,0.8730469,0.4819336,0.2441406,-1.0375977,1.1596680
10377305,-254,1787,990,3,-18,19,-0.1240234,0.8725586,0.4833984,0.1831055,-1.0986328,1.1596680
10379304,-253,1790,988,4,-18,20,-0.1235352,0.8740234,0.4824219,0.2441406,-1.0986328,1.2207031
10381303,-256,1786,987,3,-17,19,-0.1250000,0.8720703,0.4819336,0.1831055,-1.0375977,1.1596680
10383303,-254,1786,988,3,-18,19,-0.1240234,0.8720703,0.4824219,0.1831055,-1.0986328,1.1596680
10385302,-256,1787,989,5,-17,20,-0.1250000,0.8725586,0.4829102,0.3051758,-1.0375977,1.2207031
10387301,-250,1789,989,3,-18,20,-0.1220703,0.8735352,0.4829102,0.1831055,-1.0986328,1.2207031
10389301,-253,1786,988,3,-18,20,-0.1235352,0.8720703,0.4824219,0.1831055,-1.0986328,1.2207031
10391300,-254,1787,986,5,-18,19,-0.1240234,0.8725586,0.4814453,0.3051758,-1.0986328,1.1596680
10393299,-253,1785,987,4,-18,21,-0.1235352,0.8715820,0.4819336,0.2441406,-1.0986328,1.2817383
10395299,-255,1785,985,4,-18,20,-0.1245117,0.8715820,0.4809570,0.2441406,-1.0986328,1.2207031
10397298,-253,1782,984,4,-19,20,-0.1235352,0.8701172,0.4804688,0.2441406,-1.1596680,1.2207031
10399297,-255,1786,984,3,-18,18,-0.1245117,0.8720703,0.4804688,0.1831055,-1.0986328,1.0986328
10401297,-253,1786,985,4,-18,20,-0.1235352,0.8720703,0.4809570,0.2441406,-1.0986328,1.2207031
10403296,-252,1784,982,3,-18,19,-0.1230469,0.8710938,0.4794922,0.1831055,-1.0986328,1.1596680
10405295,-252,1785,987,2,-18,19,-0.1230469,0.8715820,0.4819336,0.1220703,-1.0986328,1.1596680
10407295,-254,1785,987,3,-18,18,-0.1240234,0.8715820,0.4819336,0.1831055,-1.0986328,1.0986328
10409294,-254,1784,988,2,-18,19,-0.1240234,0.8710938,0.4824219,0.1220703,-1.0986328,1.1596680
10411293,-253,1781,988,4,-18,18,-0.1235352,0.8696289,0.4824219,0.2441406,-1.0986328,1.0986328
10413292,-255,1786,987,4,-18,18,-0.1245117,0.8720703,0.4819336,0.2441406,-1.0986328,1.0986328
10415292,-253,1789,988,4,-18,19,-0.1235352,0.8735352,0.4824219,0.2441406,-1.0986328,1.1596680
10417291,-256,1786,987,3,-19,18,-0.1250000,0.8720703,0.4819336,0.1831055,-1.1596680,1.0986328
10419290,-254,1786,988,3,-19,18,-0.1240234,0.8720703,0.4824219,0.1831055,-1.1596680,1.0986328
10421290,-252,1789,992,4,-18,18,-0.1230469,0.8735352,0.4843750,0.2441406,-1.0986328,1.0986328
10423289,-252,1788,990,3,-19,19,-0.1230469,0.8730469,0.4833984,0.1831055,-1.1596680,1.1596680
10425288,-253,1789,987,2,-18,20,-0.1235352,0.8735352,0.4819336,0.1220703,-1.0986328,1.2207031
10427288,-253,1790,992,4,-18,20,-0.1235352,0.8740234,0.4843750,0.2441406,-1.0986328,1.2207031
10429287,-254,1790,990,4,-17,19,-0.1240234,0.8740234,0.4833984,0.2441406,-1.0375977,1.1596680
10431286,-253,1785,990,4,-18,19,-0.1235352,0.8715820,0.4833984,0.2441406,-1.0986328,1.1596680
10433286,-250,1784,991,4,-17,20,-0.1220703,0.8710938,0.4838867,0.2441406,-1.0375977,1.2207031
10435285,-254,1786,988,3,-17,20,-0.1240234,0.8720703,0.4824219,0.1831055,-1.0375977,1.2207031
10437284,-250,1789,984,4,-18,21,-0.1220703,0.8735352,0.4804688,0.2441406,-1.0986328,1.2817383
10439284,-252,1782,984,4,-19,21,-0.1230469,0.8701172,0.4804688,0.2441406,-1.1596680,1.2817383
10441283,-255,1778,983,4,-18,20,-0.1245117,0.8681641,0.4799805,0.2441406,-1.0986328,1.2207031
10443282,-253,1784,985,4,-19,20,-0.1235352,0.8710938,0.4809570,0.2441406,-1.1596680,1.2207031
10445281,-251,1783,986,3,-19,20,-0.1225586,0.8706055,0.4814453,0.1831055,-1.1596680,1.2207031
10447281,-251,1780,986,4,-18,19,-0.1225586,0.8691406,0.4814453,0.2441406,-1.0986328,1.1596680
10449280,-254,1786,985,3,-18,19,-0.1240234,0.8720703,0.4809570,0.1831055,-1.0986328,1.1596680
10451279,-252,1786,985,3,-18,18,-0.1230469,0.8720703,0.4809570,0.1831055,-1.0986328,1.0986328
10453279,-252,1787,986,5,-19,18,-0.1230469,0.8725586,0.4814453,0.3051758,-1.1596680,1.0986328
10455278,-253,1787,983,3,-19,19,-0.1235352,0.8725586,0.4799805,0.1831055,-1.1596680,1.1596680
10457277,-253,1786,985,3,-18,19,-0.1235352,0.8720703,0.4809570,0.1831055,-1.0986328,1.1596680
10459277,-252,1786,984,3,-18,18,-0.1230469,0.8720703,0.4804688,0.1831055,-1.0986328,1.0986328
10461276,-254,1786,989,3,-17,18,-0.1240234,0.8720703,0.4829102,0.1831055,-1.0375977,1.0986328
10463275,-253,1785,988,3,-18,18,-0.1235352,0.8715820,0.4824219,0.1831055,-1.0986328,1.0986328
10465275,-253,1788,988,2,-17,18,-0.1235352,0.8730469,0.4824219,0.1220703,-1.0375977,1.0986328
10467274,-255,1788,988,2,-18,18,-0.1245117,0.8730469,0.4824219,0.1220703,-1.0986328,1.0986328
10469273,-254,1788,988,3,-17,19,-0.1240234,0.8730469,0.4824219,0.1831055,-1.0375977,1.1596680
10471273,-254,1791,989,3,-17,19,-0.1240234,0.8745117,0.4829102,0.1831055,-1.0375977,1.1596680
10473272,-252,1789,986,4,-18,19,-0.1230469,0.8735352,0.4814453,0.2441406,-1.0986328,1.1596680
10475271,-254,1787,988,4,-18,20,-0.1240234,0.8725586,0.4824219,0.2441406,-1.0986328,1.2207031
10477270,-254,1786,989,5,-17,20,-0.1240234,0.8720703,0.4829102,0.3051758,-1.0375977,1.2207031
10479270,-252,1787,985,4,-17,20,-0.1230469,0.8725586,0.4809570,0.2441406,-1.0375977,1.2207031
10481269,-250,1784,986,3,-16,20,-0.1220703,0.8710938,0.4814453,0.1831055,-0.9765625,1.2207031
10483268,-253,1782,986,4,-18,19,-0.1235352,0.8701172,0.4814453,0.2441406,-1.0986328,1.1596680
10485268,-252,1785,986,3,-18,20,-0.1230469,0.8715820,0.4814453,0.1831055,-1.0986328,1.2207031
10487267,-252,1783,986,2,-19,20,-0.1230469,0.8706055,0.4814453,0.1220703,-1.1596680,1.2207031
10489266,-251,1785,985,3,-19,20,-0.1225586,0.8715820,0.4809570,0.1831055,-1.1596680,1.2207031
10491266,-252,1782,985,3,-19,19,-0.1230469,0.8701172,0.4809570,0.1831055,-1.1596680,1.1596680
10493265,-251,1783,983,3,-18,18,-0.1225586,0.8706055,0.4799805,0.1831055,-1.0986328,1.0986328
10495264,-252,1784,987,3,-18,19,-0.1230469,0.8710938,0.4819336,0.1831055,-1.0986328,1.1596680
10497264,-252,1786,987,3,-18,19,-0.1230469,0.8720703,0.4819336,0.1831055,-1.0986328,1.1596680
10499263,-250,1786,984,3,-19,19,-0.1220703,0.8720703,0.4804688,0.1831055,-1.1596680,1.1596680
10501262,-251,1787,989,3,-19,18,-0.1225586,0.8725586,0.4829102,0.1831055,-1.1596680,1.0986328
10503262,-253,1784,988,2,-18,18,-0.1235352,0.8710938,0.4824219,0.1220703,-1.0986328,1.0986328
10505261,-252,1787,987,2,-19,19,-0.1230469,0.8725586,0.4819336,0.1220703,-1.1596680,1.1596680
10507260,-252,1789,991,3,-18,19,-0.1230469,0.8735352,0.4838867,0.1831055,-1.0986328,1.1596680
10509259,-252,1791,991,3,-17,19,-0.1230469,0.8745117,0.4838867,0.1831055,-1.0375977,1.1596680
10511259,-251,1788,990,4,-17,19,-0.1225586,0.8730469,0.4833984,0.2441406,-1.0375977,1.1596680
10513258,-254,1790,989,3,-18,19,-0.1240234,0.8740234,0.4829102,0.1831055,-1.0986328,1.1596680
10515257,-254,1784,987,4,-17,20,-0.1240234,0.8710938,0.4819336,0.2441406,-1.0375977,1.2207031
10517257,-253,1790,989,4,-17,19,-0.1235352,0.8740234,0.4829102,0.2441406,-1.0375977,1.1596680
10519256,-253,1788,987,4,-17,20,-0.1235352,0.8730469,0.4819336,0.2441406,-1.0375977,1.2207031
10521255,-252,1784,983,3,-17,21,-0.1230469,0.8710938,0.4799805,0.1831055,-1.0375977,1.2817383
10523255,-253,1786,987,3,-18,20,-0.1235352,0.8720703,0.4819336,0.1831055,-1.0986328,1.2207031
10525254,-251,1783,986,4,-19,20,-0.1225586,0.8706055,0.4814453,0.2441406,-1.1596680,1.2207031
10527253,-252,1784,985,4,-19,19,-0.1230469,0.8710938,0.4809570,0.2441406,-1.1596680,1.1596680
10529253,-252,1784,985,4,-19,20,-0.1230469,0.8710938,0.4809570,0.2441406,-1.1596680,1.2207031
10531252,-254,1785,981,3,-18,20,-0.1240234,0.8715820,0.4790039,0.1831055,-1.0986328,1.2207031
10533251,-250,1783,986,4,-19,19,-0.1220703,0.8706055,0.4814453,0.2441406,-1.1596680,1.1596680
10535251,-248,1784,985,3,-18,19,-0.1210938,0.8710938,0.4809570,0.1831055,-1.0986328,1.1596680
10537250,-252,1784,987,3,-19,19,-0.1230469,0.8710938,0.4819336,0.1831055,-1.1596680,1.1596680
10539249,-253,1785,985,3,-18,18,-0.1235352,0.8715820,0.4809570,0.1831055,-1.0986328,1.0986328
10541248,-249,1788,986,4,-17,19,-0.1215820,0.8730469,0.4814453,0.2441406,-1.0375977,1.1596680
10543248,-250,1787,989,2,-18,18,-0.1220703,0.8725586,0.4829102,0.1220703,-1.0986328,1.0986328
10545247,-254,1787,988,3,-18,19,-0.1240234,0.8725586,0.4824219,0.1831055,-1.0986328,1.1596680
10547246,-251,1790,985,3,-18,18,-0.1225586,0.8740234,0.4809570,0.1831055,-1.0986328,1.0986328
10549246,-254,1789,987,2,-18,18,-0.1240234,0.8735352,0.4819336,0.1220703,-1.0986328,1.0986328
10551245,-252,1788,992,3,-17,18,-0.1230469,0.8730469,0.4843750,0.1831055,-1.0375977,1.0986328
10553244,-254,1789,988,3,-18,20,-0.1240234,0.8735352,0.4824219,0.1831055,-1.0986328,1.2207031
10555244,-255,1787,988,2,-18,19,-0.1245117,0.8725586,0.4824219,0.1220703,-1.0986328,1.1596680
10557243,-254,1787,989,3,-17,19,-0.1240234,0.8725586,0.4829102,0.1831055,-1.0375977,1.1596680
10559242,-253,1786,988,4,-18,20,-0.1235352,0.8720703,0.4824219,0.2441406,-1.0986328,1.2207031
10561242,-254,1785,987,4,-18,20,-0.1240234,0.8715820,0.4819336,0.2441406,-1.0986328,1.2207031
10563241,-249,1787,989,4,-17,20,-0.1215820,0.8725586,0.4829102,0.2441406,-1.0375977,1.2207031
10565240,-252,1786,986,5,-18,20,-0.1230469,0.8720703,0.4814453,0.3051758,-1.0986328,1.2207031
10567240,-250,1786,985,3,-17,20,-0.1220703,0.8720703,0.4809570,0.1831055,-1.0375977,1.2207031
10569239,-253,1784,985,4,-18,20,-0.1235352,0.8710938,0.4809570,0.2441406,-1.0986328,1.2207031
10571238,-249,1783,983,2,-19,21,-0.1215820,0.8706055,0.4799805,0.1220703,-1.1596680,1.2817383
10573237,-251,1784,984,3,-18,20,-0.1225586,0.8710938,0.4804688,0.1831055,-1.0986328,1.2207031
10575237,-250,1784,986,3,-18,20,-0.1220703,0.8710938,0.4814453,0.1831055,-1.0986328,1.2207031
10577236,-253,1786,983,4,-18,19,-0.1235352,0.8720703,0.4799805,0.2441406,-1.0986328,1.1596680
10579235,-253,1782,984,2,-19,19,-0.1235352,0.8701172,0.4804688,0.1220703,-1.1596680,1.1596680
10581235,-252,1784,983,2,-18,19,-0.1230469,0.8710938,0.4799805,0.1220703,-1.0986328,1.1596680
10583234,-250,1783,987,3,-18,19,-0.1220703,0.8706055,0.4819336,0.1831055,-1.0986328,1.1596680
10585233,-253,1788,986,1,-18,20,-0.1235352,0.8730469,0.4814453,0.0610352,-1.0986328,1.2207031
10587233,-253,1787,986,4,-18,18,-0.1235352,0.8725586,0.4814453,0.2441406,-1.0986328,1.0986328
10589232,-254,1787,988,3,-18,19,-0.1240234,0.8725586,0.4824219,0.1831055,-1.0986328,1.1596680
10591231,-253,1789,991,3,-18,18,-0.1235352,0.8735352,0.4838867,0.1831055,-1.0986328,1.0986328
10593231,-253,1789,988,4,-18,19,-0.1235352,0.8735352,0.4824219,0.2441406,-1.0986328,1.1596680
10595230,-252,1790,988,2,-17,18,-0.1230469,0.8740234,0.4824219,0.1220703,-1.0375977,1.0986328
10597229,-255,1788,991,4,-16,20,-0.1245117,0.8730469,0.4838867,0.2441406,-0.9765625,1.2207031
10599229,-251,1787,989,2,-17,19,-0.1225586,0.8725586,0.4829102,0.1220703,-1.0375977,1.1596680
10601228,-251,1788,992,3,-19,20,-0.1225586,0.8730469,0.4843750,0.1831055,-1.1596680,1.2207031
10603227,-252,1787,989,3,-17,19,-0.1230469,0.8725586,0.4829102,0.1831055,-1.0375977,1.1596680
10605226,-254,1785,988,4,-18,21,-0.1240234,0.8715820,0.4824219,0.2441406,-1.0986328,1.2817383
10607226,-251,1785,989,4,-19,20,-0.1225586,0.8715820,0.4829102,0.2441406,-1.1596680,1.2207031
10609225,-250,1783,986,3,-17,21,-0.1220703,0.8706055,0.4814453,0.1831055,-1.0375977,1.2817383
10611224,-251,1783,986,4,-18,21,-0.1225586,0.8706055,0.4814453,0.2441406,-1.0986328,1.2817383
10613224,-251,1786,984,4,-18,20,-0.1225586,0.8720703,0.4804688,0.2441406,-1.0986328,1.2207031
10615223,-254,1782,985,4,-18,20,-0.1240234,0.8701172,0.4809570,0.2441406,-1.0986328,1.2207031
10617222,-250,1782,982,3,-18,19,-0.1220703,0.8701172,0.4794922,0.1831055,-1.0986328,1.1596680
10619222,-249,1782,988,4,-18,19,-0.1215820,0.8701172,0.4824219,0.2441406,-1.0986328,1.1596680
10621221,-253,1786,986,3,-19,19,-0.1235352,0.8720703,0.4814453,0.1831055,-1.1596680,1.1596680
10623220,-253,1784,986,3,-18,19,-0.1235352,0.8710938,0.4814453,0.1831055,-1.0986328,1.1596680
10625220,-252,1785,988,2,-18,19,-0.1230469,0.8715820,0.4824219,0.1220703,-1.0986328,1.1596680
10627219,-251,1788,987,4,-18,19,-0.1225586,0.8730469,0.4819336,0.2441406,-1.0986328,1.1596680
10629218,-253,1787,986,2,-18,18,-0.1235352,0.8725586,0.4814453,0.1220703,-1.0986328,1.0986328
10631218,-254,1787,987,3,-19,18,-0.1240234,0.8725586,0.4819336,0.1831055,-1.1596680,1.0986328
10633217,-254,1787,987,2,-18,17,-0.1240234,0.8725586,0.4819336,0.1220703,-1.0986328,1.0375977
10635216,-253,1786,988,4,-19,18,-0.1235352,0.8720703,0.4824219,0.2441406,-1.1596680,1.0986328
10637215,-256,1789,989,4,-18,19,-0.1250000,0.8735352,0.4829102,0.2441406,-1.0986328,1.1596680
10639215,-256,1787,988,3,-17,18,-0.1250000,0.8725586,0.4824219,0.1831055,-1.0375977,1.0986328
10641214,-252,1790,986,4,-17,19,-0.1230469,0.8740234,0.4814453,0.2441406,-1.0375977,1.1596680
10643213,-254,1788,990,4,-18,20,-0.1240234,0.8730469,0.4833984,0.2441406,-1.0986328,1.2207031
10645213,-254,1788,991,3,-17,20,-0.1240234,0.8730469,0.4838867,0.1831055,-1.0375977,1.2207031
10647212,-252,1785,990,4,-17,20,-0.1230469,0.8715820,0.4833984,0.2441406,-1.0375977,1.2207031
10649211,-253,1787,987,4,-17,20,-0.1235352,0.8725586,0.4819336,0.2441406,-1.0375977,1.2207031
10651211,-254,1784,986,4,-17,20,-0.1240234,0.8710938,0.4814453,0.2441406,-1.0375977,1.2207031
10653210,-252,1786,988,3,-18,21,-0.1230469,0.8720703,0.4824219,0.1831055,-1.0986328,1.2817383
10655209,-248,1784,985,4,-18,21,-0.1210938,0.8710938,0.4809570,0.2441406,-1.0986328,1.2817383
10657209,-252,1784,979,4,-18,20,-0.1230469,0.8710938,0.4780273,0.2441406,-1.0986328,1.2207031
10659208,-250,1783,983,4,-19,20,-0.1220703,0.8706055,0.4799805,0.2441406,-1.1596680,1.2207031
10661207,-252,1783,986,2,-17,19,-0.1230469,0.8706055,0.4814453,0.1220703,-1.0375977,1.1596680
10663207,-252,1783,985,3,-19,20,-0.1230469,0.8706055,0.4809570,0.1831055,-1.1596680,1.2207031
10665206,-249,1784,984,3,-19,19,-0.1215820,0.8710938,0.4804688,0.1831055,-1.1596680,1.1596680
10667205,-254,1783,986,3,-18,18,-0.1240234,0.8706055,0.4814453,0.1831055,-1.0986328,1.0986328
10669204,-251,1787,988,3,-19,18,-0.1225586,0.8725586,0.4824219,0.1831055,-1.1596680,1.0986328
10671204,-253,1788,986,2,-18,18,-0.1235352,0.8730469,0.4814453,0.1220703,-1.0986328,1.0986328
10673203,-254,1788,988,3,-18,19,-0.1240234,0.8730469,0.4824219,0.1831055,-1.0986328,1.1596680
10675202,-256,1786,990,3,-19,17,-0.1250000,0.8720703,0.4833984,0.1831055,-1.1596680,1.0375977
10677202,-253,1786,988,2,-18,18,-0.1235352,0.8720703,0.4824219,0.1220703,-1.0986328,1.0986328
10679201,-255,1789,988,2,-18,18,-0.1245117,0.8735352,0.4824219,0.1220703,-1.0986328,1.0986328
10681200,-254,1789,988,3,-18,19,-0.1240234,0.8735352,0.4824219,0.1831055,-1.0986328,1.1596680
10683200,-254,1788,989,3,-17,19,-0.1240234,0.8730469,0.4829102,0.1831055,-1.0375977,1.1596680
10685199,-252,1788,989,3,-18,20,-0.1230469,0.8730469,0.4829102,0.1831055,-1.0986328,1.2207031
10687198,-254,1788,988,4,-17,20,-0.1240234,0.8730469,0.4824219,0.2441406,-1.0375977,1.2207031
10689198,-252,1785,986,4,-18,20,-0.1230469,0.8715820,0.4814453,0.2441406,-1.0986328,1.2207031
10691197,-255,1787,987,4,-18,19,-0.1245117,0.8725586,0.4819336,0.2441406,-1.0986328,1.1596680
10693196,-252,1786,984,3,-17,20,-0.1230469,0.8720703,0.4804688,0.1831055,-1.0375977,1.2207031
10695196,-252,1783,985,4,-18,20,-0.1230469,0.8706055,0.4809570,0.2441406,-1.0986328,1.2207031
10697195,-251,1781,986,5,-17,20,-0.1225586,0.8696289,0.4814453,0.3051758,-1.0375977,1.2207031
10699194,-251,1781,983,3,-17,20,-0.1225586,0.8696289,0.4799805,0.1831055,-1.0375977,1.2207031
10701193,-254,1786,984,3,-19,20,-0.1240234,0.8720703,0.4804688,0.1831055,-1.1596680,1.2207031
10703193,-250,1787,981,4,-18,19,-0.1220703,0.8725586,0.4790039,0.2441406,-1.0986328,1.1596680
10705192,-247,1783,986,4,-19,20,-0.1206055,0.8706055,0.4814453,0.2441406,-1.1596680,1.2207031
10707191,-251,1784,984,3,-19,18,-0.1225586,0.8710938,0.4804688,0.1831055,-1.1596680,1.0986328
10709191,-254,1787,987,3,-18,20,-0.1240234,0.8725586,0.4819336,0.1831055,-1.0986328,1.2207031
10711190,-251,1785,983,2,-18,19,-0.1225586,0.8715820,0.4799805,0.1220703,-1.0986328,1.1596680
10713189,-253,1786,987,2,-18,18,-0.1235352,0.8720703,0.4819336,0.1220703,-1.0986328,1.0986328
10715189,-254,1787,988,3,-18,19,-0.1240234,0.8725586,0.4824219,0.1831055,-1.0986328,1.1596680
10717188,-253,1788,988,3,-18,17,-0.1235352,0.8730469,0.4824219,0.1831055,-1.0986328,1.0375977
10719187,-254,1783,991,3,-18,19,-0.1240234,0.8706055,0.4838867,0.1831055,-1.0986328,1.1596680
10721187,-253,1787,991,3,-18,19,-0.1235352,0.8725586,0.4838867,0.1831055,-1.0986328,1.1596680
10723186,-254,1786,988,3,-19,19,-0.1240234,0.8720703,0.4824219,0.1831055,-1.1596680,1.1596680
10725185,-250,1788,990,2,-17,19,-0.1220703,0.8730469,0.4833984,0.1220703,-1.0375977,1.1596680
10727185,-251,1785,990,2,-17,19,-0.1225586,0.8715820,0.4833984,0.1220703,-1.0375977,1.1596680
10729184,-254,1784,989,4,-18,19,-0.1240234,0.8710938,0.4829102,0.2441406,-1.0986328,1.1596680
10731183,-254,1785,984,4,-17,20,-0.1240234,0.8715820,0.4804688,0.2441406,-1.0375977,1.2207031
10733182,-254,1786,985,3,-18,20,-0.1240234,0.8720703,0.4809570,0.1831055,-1.0986328,1.2207031
10735182,-249,1785,986,5,-18,19,-0.1215820,0.8715820,0.4814453,0.3051758,-1.0986328,1.1596680
10737181,-250,1786,988,3,-17,20,-0.1220703,0.8720703,0.4824219,0.1831055,-1.0375977,1.2207031
10739180,-254,1785,985,4,-19,20,-0.1240234,0.8715820,0.4809570,0.2441406,-1.1596680,1.2207031
10741180,-251,1785,983,4,-19,20,-0.1225586,0.8715820,0.4799805,0.2441406,-1.1596680,1.2207031
10743179,-252,1783,988,4,-18,19,-0.1230469,0.8706055,0.4824219,0.2441406,-1.0986328,1.1596680
10745178,-251,1782,985,4,-17,20,-0.1225586,0.8701172,0.4809570,0.2441406,-1.0375977,1.2207031
10747178,-252,1787,986,3,-18,18,-0.1230469,0.8725586,0.4814453,0.1831055,-1.0986328,1.0986328
10749177,-255,1784,985,3,-18,19,-0.1245117,0.8710938,0.4809570,0.1831055,-1.0986328,1.1596680
10751176,-250,1789,987,2,-19,19,-0.1220703,0.8735352,0.4819336,0.1220703,-1.1596680,1.1596680
10753176,-254,1787,985,3,-19,18,-0.1240234,0.8725586,0.4809570,0.1831055,-1.1596680,1.0986328
10755175,-253,1785,987,2,-19,19,-0.1235352,0.8715820,0.4819336,0.1220703,-1.1596680,1.1596680
10757174,-253,1789,985,2,-18,19,-0.1235352,0.8735352,0.4809570,0.1220703,-1.0986328,1.1596680
10759174,-252,1787,988,3,-18,20,-0.1230469,0.8725586,0.4824219,0.1831055,-1.0986328,1.2207031
10761173,-254,1789,990,2,-19,18,-0.1240234,0.8735352,0.4833984,0.1220703,-1.1596680,1.0986328
10763172,-252,1786,989,3,-18,18,-0.1230469,0.8720703,0.4829102,0.1831055,-1.0986328,1.0986328
10765171,-253,1787,988,3,-19,19,-0.1235352,0.8725586,0.4824219,0.1831055,-1.1596680,1.1596680
10767171,-255,1788,990,3,-18,20,-0.1245117,0.8730469,0.4833984,0.1831055,-1.0986328,1.2207031
10769170,-255,1789,987,4,-18,19,-0.1245117,0.8735352,0.4819336,0.2441406,-1.0986328,1.1596680
10771169,-256,1784,987,4,-18,20,-0.1250000,0.8710938,0.4819336,0.2441406,-1.0986328,1.2207031
10773169,-253,1785,987,4,-17,20,-0.1235352,0.8715820,0.4819336,0.2441406,-1.0375977,1.2207031
10775168,-252,1788,988,4,-19,20,-0.1230469,0.8730469,0.4824219,0.2441406,-1.1596680,1.2207031
10777167,-254,1783,985,4,-18,20,-0.1240234,0.8706055,0.4809570,0.2441406,-1.0986328,1.2207031
10779167,-255,1784,985,4,-18,20,-0.1245117,0.8710938,0.4809570,0.2441406,-1.0986328,1.2207031
10781166,-252,1782,984,4,-18,19,-0.1230469,0.8701172,0.4804688,0.2441406,-1.0986328,1.1596680
10783165,-250,1784,985,3,-19,21,-0.1220703,0.8710938,0.4809570,0.1831055,-1.1596680,1.2817383
10785165,-254,1782,983,2,-19,19,-0.1240234,0.8701172,0.4799805,0.1220703,-1.1596680,1.1596680
10787164,-250,1782,986,2,-18,20,-0.1220703,0.8701172,0.4814453,0.1220703,-1.0986328,1.2207031
10789163,-250,1786,986,3,-19,20,-0.1220703,0.8720703,0.4814453,0.1831055,-1.1596680,1.2207031
10791163,-251,1783,985,3,-18,20,-0.1225586,0.8706055,0.4809570,0.1831055,-1.0986328,1.2207031
10793162,-254,1787,988,3,-18,19,-0.1240234,0.8725586,0.4824219,0.1831055,-1.0986328,1.1596680
10795161,-254,1785,989,3,-18,19,-0.1240234,0.8715820,0.4829102,0.1831055,-1.0986328,1.1596680
10797160,-254,1790,984,3,-18,18,-0.1240234,0.8740234,0.4804688,0.1831055,-1.0986328,1.0986328
10799160,-250,1783,989,3,-18,19,-0.1220703,0.8706055,0.4829102,0.1831055,-1.0986328,1.1596680
10801159,-255,1786,989,2,-18,18,-0.1245117,0.8720703,0.4829102,0.1220703,-1.0986328,1.0986328
10803158,-253,1787,988,2,-19,18,-0.1235352,0.8725586,0.4824219,0.1220703,-1.1596680,1.0986328
10805158,-253,1788,987,4,-18,18,-0.1235352,0.8730469,0.4819336,0.2441406,-1.0986328,1.0986328
10807157,-253,1787,991,3,-17,19,-0.1235352,0.8725586,0.4838867,0.1831055,-1.0375977,1.1596680
10809156,-253,1787,987,3,-18,19,-0.1235352,0.8725586,0.4819336,0.1831055,-1.0986328,1.1596680
10811156,-251,1787,986,3,-17,19,-0.1225586,0.8725586,0.4814453,0.1831055,-1.0375977,1.1596680
10813155,-255,1786,991,4,-17,20,-0.1245117,0.8720703,0.4838867,0.2441406,-1.0375977,1.2207031
10815154,-254,1783,985,4,-18,20,-0.1240234,0.8706055,0.4809570,0.2441406,-1.0986328,1.2207031
10817154,-251,1790,985,3,-17,20,-0.1225586,0.8740234,0.4809570,0.1831055,-1.0375977,1.2207031
10819153,-255,1786,985,2,-18,20,-0.1245117,0.8720703,0.4809570,0.1220703,-1.0986328,1.2207031
10821152,-253,1789,986,3,-17,20,-0.1235352,0.8735352,0.4814453,0.1831055,-1.0375977,1.2207031
10823152,-252,1785,986,4,-18,20,-0.1230469,0.8715820,0.4814453,0.2441406,-1.0986328,1.2207031
10825151,-250,1785,985,4,-18,20,-0.1220703,0.8715820,0.4809570,0.2441406,-1.0986328,1.2207031
10827150,-254,1782,984,3,-18,19,-0.1240234,0.8701172,0.4804688,0.1831055,-1.0986328,1.1596680
10829149,-250,1785,986,5,-18,19,-0.1220703,0.8715820,0.4814453,0.3051758,-1.0986328,1.1596680
10831149,-252,1786,984,3,-18,19,-0.1230469,0.8720703,0.4804688,0.1831055,-1.0986328,1.1596680
10833148,-255,1785,986,3,-18,19,-0.1245117,0.8715820,0.4814453,0.1831055,-1.0986328,1.1596680
10835147,-252,1785,987,2,-18,19,-0.1230469,0.8715820,0.4819336,0.1220703,-1.0986328,1.1596680
10837147,-253,1785,986,2,-18,18,-0.1235352,0.8715820,0.4814453,0.1220703,-1.0986328,1.0986328
10839146,-253,1786,986,3,-19,19,-0.1235352,0.8720703,0.4814453,0.1831055,-1.1596680,1.1596680
10841145,-252,1787,991,3,-19,19,-0.1230469,0.8725586,0.4838867,0.1831055,-1.1596680,1.1596680
10843145,-250,1785,989,3,-18,19,-0.1220703,0.8715820,0.4829102,0.1831055,-1.0986328,1.1596680
10845144,-251,1788,988,3,-18,18,-0.1225586,0.8730469,0.4824219,0.1831055,-1.0986328,1.0986328
10847143,-255,1787,988,4,-18,19,-0.1245117,0.8725586,0.4824219,0.2441406,-1.0986328,1.1596680
10849143,-253,1788,985,2,-18,19,-0.1235352,0.8730469,0.4809570,0.1220703,-1.0986328,1.1596680
10851142,-255,1787,989,4,-17,19,-0.1245117,0.8725586,0.4829102,0.2441406,-1.0375977,1.1596680
10853141,-251,1788,988,4,-17,19,-0.1225586,0.8730469,0.4824219,0.2441406,-1.0375977,1.1596680
10855141,-252,1787,991,3,-18,18,-0.1230469,0.8725586,0.4838867,0.1831055,-1.0986328,1.0986328
10857140,-253,1784,988,3,-17,20,-0.1235352,0.8710938,0.4824219,0.1831055,-1.0375977,1.2207031
10859139,-251,1785,986,5,-18,19,-0.1225586,0.8715820,0.4814453,0.3051758,-1.0986328,1.1596680
10861138,-252,1785,987,3,-19,20,-0.1230469,0.8715820,0.4819336,0.1831055,-1.1596680,1.2207031
10863138,-253,1786,988,4,-18,20,-0.1235352,0.8720703,0.4824219,0.2441406,-1.0986328,1.2207031
10865137,-252,1784,986,4,-18,20,-0.1230469,0.8710938,0.4814453,0.2441406,-1.0986328,1.2207031
10867136,-249,1787,985,4,-18,20,-0.1215820,0.8725586,0.4809570,0.2441406,-1.0986328,1.2207031
10869136,-250,1782,985,3,-19,20,-0.1220703,0.8701172,0.4809570,0.1831055,-1.1596680,1.2207031
10871135,-251,1786,983,3,-18,20,-0.1225586,0.8720703,0.4799805,0.1831055,-1.0986328,1.2207031
10873134,-251,1783,984,4,-18,20,-0.1225586,0.8706055,0.4804688,0.2441406,-1.0986328,1.2207031
10875134,-252,1783,985,1,-19,19,-0.1230469,0.8706055,0.4809570,0.0610352,-1.1596680,1.1596680
10877133,-251,1783,985,2,-19,20,-0.1225586,0.8706055,0.4809570,0.1220703,-1.1596680,1.2207031
10879132,-252,1784,984,2,-18,19,-0.1230469,0.8710938,0.4804688,0.1220703,-1.0986328,1.1596680
10881132,-252,1786,985,4,-19,19,-0.1230469,0.8720703,0.4809570,0.2441406,-1.1596680,1.1596680
10883131,-252,1786,984,4,-18,19,-0.1230469,0.8720703,0.4804688,0.2441406,-1.0986328,1.1596680
10885130,-253,1788,986,3,-17,18,-0.1235352,0.8730469,0.4814453,0.1831055,-1.0375977,1.0986328
10887130,-252,1788,987,2,-19,18,-0.1230469,0.8730469,0.4819336,0.1220703,-1.1596680,1.0986328
10889129,-251,1789,985,2,-18,19,-0.1225586,0.8735352,0.4809570,0.1220703,-1.0986328,1.1596680
10891128,-252,1790,989,3,-18,18,-0.1230469,0.8740234,0.4829102,0.1831055,-1.0986328,1.0986328
10893127,-253,1788,986,4,-18,19,-0.1235352,0.8730469,0.4814453,0.2441406,-1.0986328,1.1596680
10895127,-254,1789,990,3,-17,19,-0.1240234,0.8735352,0.4833984,0.1831055,-1.0375977,1.1596680
10897126,-251,1788,993,3,-18,20,-0.1225586,0.8730469,0.4848633,0.1831055,-1.0986328,1.2207031
10899125,-251,1785,988,3,-16,19,-0.1225586,0.8715820,0.4824219,0.1831055,-0.9765625,1.1596680
10901125,-256,1790,990,4,-17,19,-0.1250000,0.8740234,0.4833984,0.2441406,-1.0375977,1.1596680
10903124,-255,1786,986,4,-18,20,-0.1245117,0.8720703,0.4814453,0.2441406,-1.0986328,1.2207031
10905123,-252,1783,986,4,-17,20,-0.1230469,0.8706055,0.4814453,0.2441406,-1.0375977,1.2207031
10907123,-253,1784,986,4,-17,20,-0.1235352,0.8710938,0.4814453,0.2441406,-1.0375977,1.2207031
10909122,-252,1783,985,3,-18,20,-0.1230469,0.8706055,0.4809570,0.1831055,-1.0986328,1.2207031
10911121,-251,1782,986,4,-17,21,-0.1225586,0.8701172,0.4814453,0.2441406,-1.0375977,1.2817383
10913121,-253,1786,989,3,-19,19,-0.1235352,0.8720703,0.4829102,0.1831055,-1.1596680,1.1596680
10915120,-254,1787,986,4,-18,20,-0.1240234,0.8725586,0.4814453,0.2441406,-1.0986328,1.2207031
10917119,-253,1783,984,2,-18,20,-0.1235352,0.8706055,0.4804688,0.1220703,-1.0986328,1.2207031
10919119,-252,1782,985,3,-18,19,-0.1230469,0.8701172,0.4809570,0.1831055,-1.0986328,1.1596680
10921118,-253,1785,985,3,-19,19,-0.1235352,0.8715820,0.4809570,0.1831055,-1.1596680,1.1596680
10923117,-251,1789,985,3,-19,17,-0.1225586,0.8735352,0.4809570,0.1831055,-1.1596680,1.0375977
10925116,-249,1788,988,2,-19,19,-0.1215820,0.8730469,0.4824219,0.1220703,-1.1596680,1.1596680
10927116,-253,1784,987,3,-18,19,-0.1235352,0.8710938,0.4819336,0.1831055,-1.0986328,1.1596680
10929115,-255,1787,987,1,-18,20,-0.1245117,0.8725586,0.4819336,0.0610352,-1.0986328,1.2207031
10931114,-253,1787,984,2,-17,17,-0.1235352,0.8725586,0.4804688,0.1220703,-1.0375977,1.0375977
10933114,-252,1790,988,3,-19,20,-0.1230469,0.8740234,0.4824219,0.1831055,-1.1596680,1.2207031
10935113,-253,1789,987,3,-18,19,-0.1235352,0.8735352,0.4819336,0.1831055,-1.0986328,1.1596680
10937112,-253,1790,988,3,-18,19,-0.1235352,0.8740234,0.4824219,0.1831055,-1.0986328,1.1596680
10939112,-256,1790,987,2,-18,18,-0.1250000,0.8740234,0.4819336,0.1220703,-1.0986328,1.0986328
10941111,-254,1790,988,3,-17,19,-0.1240234,0.8740234,0.4824219,0.1831055,-1.0375977,1.1596680
10943110,-252,1787,989,3,-17,19,-0.1230469,0.8725586,0.4829102,0.1831055,-1.0375977,1.1596680
10945110,-254,1787,988,4,-18,21,-0.1240234,0.8725586,0.4824219,0.2441406,-1.0986328,1.2817383
10947109,-251,1787,983,3,-17,19,-0.1225586,0.8725586,0.4799805,0.1831055,-1.0375977,1.1596680
10949108,-251,1786,984,4,-18,20,-0.1225586,0.8720703,0.4804688,0.2441406,-1.0986328,1.2207031
10951108,-251,1783,985,3,-18,21,-0.1225586,0.8706055,0.4809570,0.1831055,-1.0986328,1.2817383
10953107,-251,1784,985,4,-17,20,-0.1225586,0.8710938,0.4809570,0.2441406,-1.0375977,1.2207031
10955106,-252,1783,985,2,-17,21,-0.1230469,0.8706055,0.4809570,0.1220703,-1.0375977,1.2817383
10957105,-250,1786,983,3,-18,20,-0.1220703,0.8720703,0.4799805,0.1831055,-1.0986328,1.2207031
10959105,-252,1784,986,3,-18,18,-0.1230469,0.8710938,0.4814453,0.1831055,-1.0986328,1.0986328
10961104,-249,1785,986,3,-18,19,-0.1215820,0.8715820,0.4814453,0.1831055,-1.0986328,1.1596680
10963103,-252,1786,985,3,-18,20,-0.1230469,0.8720703,0.4809570,0.1831055,-1.0986328,1.2207031
10965103,-253,1783,985,2,-18,19,-0.1235352,0.8706055,0.4809570,0.1220703,-1.0986328,1.1596680
10967102,-252,1787,985,1,-18,19,-0.1230469,0.8725586,0.4809570,0.0610352,-1.0986328,1.1596680
10969101,-253,1789,988,3,-17,18,-0.1235352,0.8735352,0.4824219,0.1831055,-1.0375977,1.0986328
10971101,-254,1788,986,4,-18,19,-0.1240234,0.8730469,0.4814453,0.2441406,-1.0986328,1.1596680
10973100,-254,1784,989,3,-18,18,-0.1240234,0.8710938,0.4829102,0.1831055,-1.0986328,1.0986328
10975099,-253,1791,991,3,-18,18,-0.1235352,0.8745117,0.4838867,0.1831055,-1.0986328,1.0986328
10977099,-252,1787,987,3,-19,19,-0.1230469,0.8725586,0.4819336,0.1831055,-1.1596680,1.1596680
10979098,-253,1786,985,3,-18,19,-0.1235352,0.8720703,0.4809570,0.1831055,-1.0986328,1.1596680
10981097,-253,1786,984,2,-18,20,-0.1235352,0.8720703,0.4804688,0.1220703,-1.0986328,1.2207031
10983097,-252,1787,987,2,-17,19,-0.1230469,0.8725586,0.4819336,0.1220703,-1.0375977,1.1596680
10985096,-251,1786,986,3,-18,20,-0.1225586,0.8720703,0.4814453,0.1831055,-1.0986328,1.2207031
10987095,-251,1781,988,4,-18,19,-0.1225586,0.8696289,0.4824219,0.2441406,-1.0986328,1.1596680
10989094,-256,1785,987,4,-18,21,-0.1250000,0.8715820,0.4819336,0.2441406,-1.0986328,1.2817383
10991094,-251,1785,986,4,-18,19,-0.1225586,0.8715820,0.4814453,0.2441406,-1.0986328,1.1596680
10993093,-252,1788,986,3,-17,21,-0.1230469,0.8730469,0.4814453,0.1831055,-1.0375977,1.2817383
10995092,-251,1787,987,4,-18,20,-0.1225586,0.8725586,0.4819336,0.2441406,-1.0986328,1.2207031
10997092,-254,1783,985,4,-18,19,-0.1240234,0.8706055,0.4809570,0.2441406,-1.0986328,1.1596680
10999091,-253,1779,984,4,-18,19,-0.1235352,0.8686523,0.4804688,0.2441406,-1.0986328,1.1596680
11001090,-254,1785,986,3,-18,20,-0.1240234,0.8715820,0.4814453,0.1831055,-1.0986328,1.2207031
11003090,-250,1783,985,3,-17,19,-0.1220703,0.8706055,0.4809570,0.1831055,-1.0375977,1.1596680
11005089,-248,1785,986,4,-18,18,-0.1210938,0.8715820,0.4814453,0.2441406,-1.0986328,1.0986328
11007088,-253,1783,987,3,-17,18,-0.1235352,0.8706055,0.4819336,0.1831055,-1.0375977,1.0986328
11009088,-251,1786,985,4,-17,19,-0.1225586,0.8720703,0.4809570,0.2441406,-1.0375977,1.1596680
11011087,-251,1788,987,2,-18,18,-0.1225586,0.8730469,0.4819336,0.1220703,-1.0986328,1.0986328
11013086,-254,1786,990,3,-19,19,-0.1240234,0.8720703,0.4833984,0.1831055,-1.1596680,1.1596680
11015086,-253,1786,990,2,-18,19,-0.1235352,0.8720703,0.4833984,0.1220703,-1.0986328,1.1596680
11017085,-254,1791,984,3,-18,18,-0.1240234,0.8745117,0.4804688,0.1831055,-1.0986328,1.0986328
11019084,-250,1791,990,3,-18,19,-0.1220703,0.8745117,0.4833984,0.1831055,-1.0986328,1.1596680
11021083,-250,1789,992,3,-17,19,-0.1220703,0.8735352,0.4843750,0.1831055,-1.0375977,1.1596680
11023083,-253,1790,987,3,-18,19,-0.1235352,0.8740234,0.4819336,0.1831055,-1.0986328,1.1596680
11025082,-254,1789,987,3,-18,19,-0.1240234,0.8735352,0.4819336,0.1831055,-1.0986328,1.1596680
11027081,-253,1789,987,4,-17,20,-0.1235352,0.8735352,0.4819336,0.2441406,-1.0375977,1.2207031
11029081,-252,1786,985,4,-18,20,-0.1230469,0.8720703,0.4809570,0.2441406,-1.0986328,1.2207031
11031080,-251,1783,985,4,-17,20,-0.1225586,0.8706055,0.4809570,0.2441406,-1.0375977,1.2207031
11033079,-253,1783,984,3,-18,20,-0.1235352,0.8706055,0.4804688,0.1831055,-1.0986328,1.2207031
11035079,-253,1783,984,4,-18,19,-0.1235352,0.8706055,0.4804688,0.2441406,-1.0986328,1.1596680
11037078,-253,1780,983,3,-17,20,-0.1235352,0.8691406,0.4799805,0.1831055,-1.0375977,1.2207031
11039077,-251,1783,984,2,-19,19,-0.1225586,0.8706055,0.4804688,0.1220703,-1.1596680,1.1596680
11041077,-249,1785,984,3,-18,19,-0.1215820,0.8715820,0.4804688,0.1831055,-1.0986328,1.1596680
11043076,-252,1785,985,4,-18,19,-0.1230469,0.8715820,0.4809570,0.2441406,-1.0986328,1.1596680
11045075,-252,1785,985,3,-18,19,-0.1230469,0.8715820,0.4809570,0.1831055,-1.0986328,1.1596680
11047075,-252,1785,989,4,-19,18,-0.1230469,0.8715820,0.4829102,0.2441406,-1.1596680,1.0986328
11049074,-252,1787,986,3,-18,18,-0.1230469,0.8725586,0.4814453,0.1831055,-1.0986328,1.0986328
11051073,-251,1788,986,2,-17,18,-0.1225586,0.8730469,0.4814453,0.1220703,-1.0375977,1.0986328
11053072,-249,1788,986,4,-18,17,-0.1215820,0.8730469,0.4814453,0.2441406,-1.0986328,1.0375977
11055072,-256,1787,987,2,-18,19,-0.1250000,0.8725586,0.4819336,0.1220703,-1.0986328,1.1596680
11057071,-255,1787,987,2,-18,19,-0.1245117,0.8725586,0.4819336,0.1220703,-1.0986328,1.1596680
11059070,-255,1789,989,4,-18,19,-0.1245117,0.8735352,0.4829102,0.2441406,-1.0986328,1.1596680
11061070,-256,1786,987,4,-18,18,-0.1250000,0.8720703,0.4819336,0.2441406,-1.0986328,1.0986328
11063069,-253,1790,985,3,-18,20,-0.1235352,0.8740234,0.4809570,0.1831055,-1.0986328,1.2207031
11065068,-253,1786,988,2,-17,20,-0.1235352,0.8720703,0.4824219,0.1220703,-1.0375977,1.2207031
11067068,-254,1787,987,4,-17,20,-0.1240234,0.8725586,0.4819336,0.2441406,-1.0375977,1.2207031
11069067,-251,1787,985,3,-18,21,-0.1225586,0.8725586,0.4809570,0.1831055,-1.0986328,1.2817383
11071066,-253,1785,987,4,-17,21,-0.1235352,0.8715820,0.4819336,0.2441406,-1.0375977,1.2817383
11073066,-251,1785,986,3,-19,20,-0.1225586,0.8715820,0.4814453,0.1831055,-1.1596680,1.2207031
11075065,-252,1786,989,4,-18,20,-0.1230469,0.8720703,0.4829102,0.2441406,-1.0986328,1.2207031
11077064,-251,1784,986,4,-18,20,-0.1225586,0.8710938,0.4814453,0.2441406,-1.0986328,1.2207031
11079064,-251,1785,983,3,-17,20,-0.1225586,0.8715820,0.4799805,0.1831055,-1.0375977,1.2207031
11081063,-251,1785,986,3,-19,18,-0.1225586,0.8715820,0.4814453,0.1831055,-1.1596680,1.0986328
11083062,-253,1782,984,4,-19,19,-0.1235352,0.8701172,0.4804688,0.2441406,-1.1596680,1.1596680
11085061,-254,1783,984,3,-19,19,-0.1240234,0.8706055,0.4804688,0.1831055,-1.1596680,1.1596680
11087061,-252,1785,985,3,-19,19,-0.1230469,0.8715820,0.4809570,0.1831055,-1.1596680,1.1596680
11089060,-255,1783,985,2,-18,19,-0.1245117,0.8706055,0.4809570,0.1220703,-1.0986328,1.1596680
11091059,-253,1783,987,2,-18,19,-0.1235352,0.8706055,0.4819336,0.1220703,-1.0986328,1.1596680
11093059,-249,1784,984,3,-19,19,-0.1215820,0.8710938,0.4804688,0.1831055,-1.1596680,1.1596680
11095058,-251,1784,988,3,-18,18,-0.1225586,0.8710938,0.4824219,0.1831055,-1.0986328,1.0986328
11097057,-253,1786,989,4,-19,18,-0.1235352,0.8720703,0.4829102,0.2441406,-1.1596680,1.0986328
11099057,-253,1788,989,3,-18,18,-0.1235352,0.8730469,0.4829102,0.1831055,-1.0986328,1.0986328
11101056,-253,1785,989,4,-17,19,-0.1235352,0.8715820,0.4829102,0.2441406,-1.0375977,1.1596680
11103055,-253,1790,987,2,-17,19,-0.1235352,0.8740234,0.4819336,0.1220703,-1.0375977,1.1596680
11105055,-256,1790,991,3,-18,19,-0.1250000,0.8740234,0.4838867,0.1831055,-1.0986328,1.1596680
11107054,-254,1789,991,3,-17,19,-0.1240234,0.8735352,0.4838867,0.1831055,-1.0375977,1.1596680
11109053,-249,1786,990,3,-17,19,-0.1215820,0.8720703,0.4833984,0.1831055,-1.0375977,1.1596680
11111053,-253,1787,989,4,-18,20,-0.1235352,0.8725586,0.4829102,0.2441406,-1.0986328,1.2207031
11113052,-253,1785,989,3,-19,19,-0.1235352,0.8715820,0.4829102,0.1831055,-1.1596680,1.1596680
11115051,-254,1787,986,4,-18,20,-0.1240234,0.8725586,0.4814453,0.2441406,-1.0986328,1.2207031
11117050,-251,1783,986,4,-17,20,-0.1225586,0.8706055,0.4814453,0.2441406,-1.0375977,1.2207031
11119050,-251,1785,986,3,-17,20,-0.1225586,0.8715820,0.4814453,0.1831055,-1.0375977,1.2207031
11121049,-254,1784,983,3,-20,21,-0.1240234,0.8710938,0.4799805,0.1831055,-1.2207031,1.2817383
11123048,-255,1786,984,3,-17,20,-0.1245117,0.8720703,0.4804688,0.1831055,-1.0375977,1.2207031
11125048,-251,1785,984,3,-18,20,-0.1225586,0.8715820,0.4804688,0.1831055,-1.0986328,1.2207031
11127047,-250,1781,987,3,-17,19,-0.1220703,0.8696289,0.4819336,0.1831055,-1.0375977,1.1596680
11129046,-251,1783,986,4,-17,18,-0.1225586,0.8706055,0.4814453,0.2441406,-1.0375977,1.0986328
11131046,-253,1782,987,3,-18,19,-0.1235352,0.8701172,0.4819336,0.1831055,-1.0986328,1.1596680
11133045,-252,1784,989,3,-18,19,-0.1230469,0.8710938,0.4829102,0.1831055,-1.0986328,1.1596680
11135044,-250,1787,987,2,-18,18,-0.1220703,0.8725586,0.4819336,0.1220703,-1.0986328,1.0986328
11137044,-256,1789,986,2,-18,18,-0.1250000,0.8735352,0.4814453,0.1220703,-1.0986328,1.0986328
11139043,-253,1786,990,3,-17,18,-0.1235352,0.8720703,0.4833984,0.1831055,-1.0375977,1.0986328
11141042,-253,1789,986,3,-18,17,-0.1235352,0.8735352,0.4814453,0.1831055,-1.0986328,1.0375977
11143042,-251,1786,988,3,-18,18,-0.1225586,0.8720703,0.4824219,0.1831055,-1.0986328,1.0986328
11145041,-254,1788,988,2,-19,19,-0.1240234,0.8730469,0.4824219,0.1220703,-1.1596680,1.1596680
11147040,-254,1788,987,4,-17,18,-0.1240234,0.8730469,0.4819336,0.2441406,-1.0375977,1.0986328
11149039,-252,1789,990,4,-17,19,-0.1230469,0.8735352,0.4833984,0.2441406,-1.0375977,1.1596680
11151039,-253,1790,987,2,-17,20,-0.1235352,0.8740234,0.4819336,0.1220703,-1.0375977,1.2207031
11153038,-253,1788,987,5,-17,19,-0.1235352,0.8730469,0.4819336,0.3051758,-1.0375977,1.1596680
11155037,-252,1785,987,5,-18,20,-0.1230469,0.8715820,0.4819336,0.3051758,-1.0986328,1.2207031
11157037,-254,1786,987,3,-18,20,-0.1240234,0.8720703,0.4819336,0.1831055,-1.0986328,1.2207031
11159036,-250,1786,989,6,-18,19,-0.1220703,0.8720703,0.4829102,0.3662109,-1.0986328,1.1596680
11161035,-249,1786,986,4,-18,20,-0.1215820,0.8720703,0.4814453,0.2441406,-1.0986328,1.2207031
11163035,-255,1784,985,3,-17,20,-0.1245117,0.8710938,0.4809570,0.1831055,-1.0375977,1.2207031
11165034,-252,1783,985,4,-17,18,-0.1230469,0.8706055,0.4809570,0.2441406,-1.0375977,1.0986328
11167033,-249,1785,986,3,-17,19,-0.1215820,0.8715820,0.4814453,0.1831055,-1.0375977,1.1596680
11169033,-252,1784,987,3,-19,19,-0.1230469,0.8710938,0.4819336,0.1831055,-1.1596680,1.1596680
11171032,-251,1785,984,3,-19,20,-0.1225586,0.8715820,0.4804688,0.1831055,-1.1596680,1.2207031
11173031,-252,1787,981,3,-19,19,-0.1230469,0.8725586,0.4790039,0.1831055,-1.1596680,1.1596680
11175031,-253,1786,985,4,-19,19,-0.1235352,0.8720703,0.4809570,0.2441406,-1.1596680,1.1596680
11177030,-251,1788,986,3,-18,18,-0.1225586,0.8730469,0.4814453,0.1831055,-1.0986328,1.0986328
11179029,-252,1787,987,3,-19,19,-0.1230469,0.8725586,0.4819336,0.1831055,-1.1596680,1.1596680
11181028,-250,1787,985,3,-18,19,-0.1220703,0.8725586,0.4809570,0.1831055,-1.0986328,1.1596680
11183028,-252,1786,988,2,-19,18,-0.1230469,0.8720703,0.4824219,0.1220703,-1.1596680,1.0986328
11185027,-256,1786,985,4,-18,17,-0.1250000,0.8720703,0.4809570,0.2441406,-1.0986328,1.0375977
11187026,-256,1788,988,3,-18,18,-0.1250000,0.8730469,0.4824219,0.1831055,-1.0986328,1.0986328
11189026,-254,1786,987,2,-17,19,-0.1240234,0.8720703,0.4819336,0.1220703,-1.0375977,1.1596680
11191025,-252,1788,989,3,-18,20,-0.1230469,0.8730469,0.4829102,0.1831055,-1.0986328,1.2207031
11193024,-253,1788,990,4,-18,20,-0.1235352,0.8730469,0.4833984,0.2441406,-1.0986328,1.2207031
11195024,-254,1788,986,4,-18,21,-0.1240234,0.8730469,0.4814453,0.2441406,-1.0986328,1.2817383
11197023,-253,1788,984,4,-18,19,-0.1235352,0.8730469,0.4804688,0.2441406,-1.0986328,1.1596680
11199022,-255,1785,988,4,-18,20,-0.1245117,0.8715820,0.4824219,0.2441406,-1.0986328,1.2207031
11201022,-255,1787,987,4,-19,21,-0.1245117,0.8725586,0.4819336,0.2441406,-1.1596680,1.2817383
11203021,-251,1785,983,3,-17,19,-0.1225586,0.8715820,0.4799805,0.1831055,-1.0375977,1.1596680
11205020,-255,1782,986,3,-18,19,-0.1245117,0.8701172,0.4814453,0.1831055,-1.0986328,1.1596680
11207020,-252,1783,985,3,-17,19,-0.1230469,0.8706055,0.4809570,0.1831055,-1.0375977,1.1596680
11209019,-253,1785,986,4,-18,20,-0.1235352,0.8715820,0.4814453,0.2441406,-1.0986328,1.2207031
11211018,-250,1787,985,4,-19,19,-0.1220703,0.8725586,0.4809570,0.2441406,-1.1596680,1.1596680
11213017,-252,1782,985,4,-18,19,-0.1230469,0.8701172,0.4809570,0.2441406,-1.0986328,1.1596680
11215017,-252,1782,985,3,-18,18,-0.1230469,0.8701172,0.4809570,0.1831055,-1.0986328,1.0986328
11217016,-251,1785,988,3,-19,18,-0.1225586,0.8715820,0.4824219,0.1831055,-1.1596680,1.0986328
11219015,-253,1788,986,2,-18,18,-0.1235352,0.8730469,0.4814453,0.1220703,-1.0986328,1.0986328
11221015,-256,1785,986,3,-19,17,-0.1250000,0.8715820,0.4814453,0.1831055,-1.1596680,1.0375977
11223014,-257,1787,990,2,-19,19,-0.1254883,0.8725586,0.4833984,0.1220703,-1.1596680,1.1596680
11225013,-254,1787,988,2,-18,18,-0.1240234,0.8725586,0.4824219,0.1220703,-1.0986328,1.0986328
11227013,-251,1790,987,3,-18,18,-0.1225586,0.8740234,0.4819336,0.1831055,-1.0986328,1.0986328
11229012,-252,1788,992,2,-19,18,-0.1230469,0.8730469,0.4843750,0.1220703,-1.1596680,1.0986328
11231011,-256,1788,987,3,-17,19,-0.1250000,0.8730469,0.4819336,0.1831055,-1.0375977,1.1596680
11233011,-254,1787,988,2,-17,19,-0.1240234,0.8725586,0.4824219,0.1220703,-1.0375977,1.1596680
11235010,-252,1785,990,2,-16,19,-0.1230469,0.8715820,0.4833984,0.1220703,-0.9765625,1.1596680
11237009,-251,1789,988,4,-18,20,-0.1225586,0.8735352,0.4824219,0.2441406,-1.0986328,1.2207031
11239009,-256,1786,987,5,-18,19,-0.1250000,0.8720703,0.4819336,0.3051758,-1.0986328,1.1596680
11241008,-252,1784,988,4,-17,19,-0.1230469,0.8710938,0.4824219,0.2441406,-1.0375977,1.1596680
11243007,-252,1783,988,4,-18,20,-0.1230469,0.8706055,0.4824219,0.2441406,-1.0986328,1.2207031
11245006,-250,1783,987,4,-19,20,-0.1220703,0.8706055,0.4819336,0.2441406,-1.1596680,1.2207031
11247006,-254,1783,984,5,-18,19,-0.1240234,0.8706055,0.4804688,0.3051758,-1.0986328,1.1596680
11249005,-252,1782,988,4,-18,19,-0.1230469,0.8701172,0.4824219,0.2441406,-1.0986328,1.1596680
11251004,-253,1784,986,4,-18,19,-0.1235352,0.8710938,0.4814453,0.2441406,-1.0986328,1.1596680
11253004,-249,1784,983,3,-18,19,-0.1215820,0.8710938,0.4799805,0.1831055,-1.0986328,1.1596680
11255003,-253,1785,987,3,-18,21,-0.1235352,0.8715820,0.4819336,0.1831055,-1.0986328,1.2817383
11257002,-252,1783,988,4,-18,19,-0.1230469,0.8706055,0.4824219,0.2441406,-1.0986328,1.1596680
11259002,-252,1788,988,4,-18,18,-0.1230469,0.8730469,0.4824219,0.2441406,-1.0986328,1.0986328
11261001,-253,1786,988,3,-19,19,-0.1235352,0.8720703,0.4824219,0.1831055,-1.1596680,1.1596680
11263000,-252,1789,988,3,-18,18,-0.1230469,0.8735352,0.4824219,0.1831055,-1.0986328,1.0986328
11265000,-253,1790,990,3,-18,19,-0.1235352,0.8740234,0.4833984,0.1831055,-1.0986328,1.1596680
11266999,-251,1787,989,3,-18,18,-0.1225586,0.8725586,0.4829102,0.1831055,-1.0986328,1.0986328
11268998,-253,1792,987,3,-17,18,-0.1235352,0.8750000,0.4819336,0.1831055,-1.0375977,1.0986328
11270998,-254,1789,989,3,-18,18,-0.1240234,0.8735352,0.4829102,0.1831055,-1.0986328,1.0986328
11272997,-251,1790,990,3,-18,20,-0.1225586,0.8740234,0.4833984,0.1831055,-1.0986328,1.2207031
11274996,-254,1788,989,4,-18,20,-0.1240234,0.8730469,0.4829102,0.2441406,-1.0986328,1.2207031
11276995,-255,1785,989,4,-17,19,-0.1245117,0.8715820,0.4829102,0.2441406,-1.0375977,1.1596680
11278995,-252,1786,987,4,-17,20,-0.1230469,0.8720703,0.4819336,0.2441406,-1.0375977,1.2207031
11280994,-252,1786,989,4,-18,19,-0.1230469,0.8720703,0.4829102,0.2441406,-1.0986328,1.1596680
11282993,-252,1787,985,4,-18,19,-0.1230469,0.8725586,0.4809570,0.2441406,-1.0986328,1.1596680
11284993,-251,1787,986,5,-18,20,-0.1225586,0.8725586,0.4814453,0.3051758,-1.0986328,1.2207031
11286992,-246,1783,980,5,-17,20,-0.1201172,0.8706055,0.4785156,0.3051758,-1.0375977,1.2207031
11288991,-252,1785,983,4,-18,20,-0.1230469,0.8715820,0.4799805,0.2441406,-1.0986328,1.2207031
11290991,-250,1781,984,3,-17,20,-0.1220703,0.8696289,0.4804688,0.1831055,-1.0375977,1.2207031
11292990,-255,1784,985,3,-17,19,-0.1245117,0.8710938,0.4809570,0.1831055,-1.0375977,1.1596680
11294989,-249,1781,987,3,-18,19,-0.1215820,0.8696289,0.4819336,0.1831055,-1.0986328,1.1596680
11296989,-250,1783,984,4,-19,19,-0.1220703,0.8706055,0.4804688,0.2441406,-1.1596680,1.1596680
11298988,-251,1786,986,3,-19,19,-0.1225586,0.8720703,0.4814453,0.1831055,-1.1596680,1.1596680
11300987,-253,1784,987,3,-18,19,-0.1235352,0.8710938,0.4819336,0.1831055,-1.0986328,1.1596680
11302987,-253,1782,984,2,-18,19,-0.1235352,0.8701172,0.4804688,0.1220703,-1.0986328,1.1596680
11304986,-254,1787,988,2,-18,17,-0.1240234,0.8725586,0.4824219,0.1220703,-1.0986328,1.0375977
11306985,-252,1789,989,2,-19,18,-0.1230469,0.8735352,0.4829102,0.1220703,-1.1596680,1.0986328
11308984,-253,1789,988,1,-19,18,-0.1235352,0.8735352,0.4824219,0.0610352,-1.1596680,1.0986328
11310984,-255,1785,985,4,-17,19,-0.1245117,0.8715820,0.4809570,0.2441406,-1.0375977,1.1596680
11312983,-254,1786,989,2,-18,18,-0.1240234,0.8720703,0.4829102,0.1220703,-1.0986328,1.0986328
11314982,-253,1789,990,3,-17,18,-0.1235352,0.8735352,0.4833984,0.1831055,-1.0375977,1.0986328
11316982,-254,1791,987,4,-17,19,-0.1240234,0.8745117,0.4819336,0.2441406,-1.0375977,1.1596680
11318981,-255,1790,988,5,-18,19,-0.1245117,0.8740234,0.4824219,0.3051758,-1.0986328,1.1596680
11320980,-255,1788,990,3,-17,19,-0.1245117,0.8730469,0.4833984,0.1831055,-1.0375977,1.1596680
11322980,-254,1787,992,4,-16,18,-0.1240234,0.8725586,0.4843750,0.2441406,-0.9765625,1.0986328
11324979,-254,1790,990,5,-18,20,-0.1240234,0.8740234,0.4833984,0.3051758,-1.0986328,1.2207031
11326978,-250,1785,985,3,-17,20,-0.1220703,0.8715820,0.4809570,0.1831055,-1.0375977,1.2207031
11328978,-251,1783,985,5,-18,21,-0.1225586,0.8706055,0.4809570,0.3051758,-1.0986328,1.2817383
11330977,-253,1787,985,4,-18,21,-0.1235352,0.8725586,0.4809570,0.2441406,-1.0986328,1.2817383
11332976,-252,1781,984,3,-17,20,-0.1230469,0.8696289,0.4804688,0.1831055,-1.0375977,1.2207031
11334976,-250,1780,983,3,-17,20,-0.1220703,0.8691406,0.4799805,0.1831055,-1.0375977,1.2207031
11336975,-250,1781,984,3,-18,21,-0.1220703,0.8696289,0.4804688,0.1831055,-1.0986328,1.2817383
11338974,-251,1783,983,3,-19,21,-0.1225586,0.8706055,0.4799805,0.1831055,-1.1596680,1.2817383
11340973,-252,1783,983,3,-18,20,-0.1230469,0.8706055,0.4799805,0.1831055,-1.0986328,1.2207031
11342973,-250,1782,984,3,-17,19,-0.1220703,0.8701172,0.4804688,0.1831055,-1.0375977,1.1596680
11344972,-248,1786,985,4,-19,18,-0.1210938,0.8720703,0.4809570,0.2441406,-1.1596680,1.0986328
11346971,-252,1785,984,3,-19,19,-0.1230469,0.8715820,0.4804688,0.1831055,-1.1596680,1.1596680
11348971,-253,1787,989,3,-19,18,-0.1235352,0.8725586,0.4829102,0.1831055,-1.1596680,1.0986328
11350970,-252,1786,986,1,-18,18,-0.1230469,0.8720703,0.4814453,0.0610352,-1.0986328,1.0986328
11352969,-255,1787,990,2,-17,18,-0.1245117,0.8725586,0.4833984,0.1220703,-1.0375977,1.0986328
11354969,-253,1789,990,1,-18,17,-0.1235352,0.8735352,0.4833984,0.0610352,-1.0986328,1.0375977
11356968,-255,1789,989,2,-18,18,-0.1245117,0.8735352,0.4829102,0.1220703,-1.0986328,1.0986328
11358967,-258,1789,990,4,-17,18,-0.1259766,0.8735352,0.4833984,0.2441406,-1.0375977,1.0986328
11360967,-254,1788,990,2,-17,19,-0.1240234,0.8730469,0.4833984,0.1220703,-1.0375977,1.1596680
11362966,-253,1788,991,3,-17,19,-0.1235352,0.8730469,0.4838867,0.1831055,-1.0375977,1.1596680
11364965,-251,1790,987,4,-17,19,-0.1225586,0.8740234,0.4819336,0.2441406,-1.0375977,1.1596680
11366965,-254,1786,986,4,-17,20,-0.1240234,0.8720703,0.4814453,0.2441406,-1.0375977,1.2207031
11368964,-253,1785,987,5,-17,20,-0.1235352,0.8715820,0.4819336,0.3051758,-1.0375977,1.2207031
11370963,-256,1784,985,4,-19,20,-0.1250000,0.8710938,0.4809570,0.2441406,-1.1596680,1.2207031
11372962,-251,1787,990,5,-17,20,-0.1225586,0.8725586,0.4833984,0.3051758,-1.0375977,1.2207031
11374962,-251,1784,984,4,-17,22,-0.1225586,0.8710938,0.4804688,0.2441406,-1.0375977,1.3427734
11376961,-251,1785,986,4,-17,20,-0.1225586,0.8715820,0.4814453,0.2441406,-1.0375977,1.2207031
11378960,-251,1780,985,4,-18,21,-0.1225586,0.8691406,0.4809570,0.2441406,-1.0986328,1.2817383
11380960,-251,1787,985,3,-19,20,-0.1225586,0.8725586,0.4809570,0.1831055,-1.1596680,1.2207031
11382959,-251,1781,985,4,-19,20,-0.1225586,0.8696289,0.4809570,0.2441406,-1.1596680,1.2207031
11384958,-253,1781,984,2,-19,19,-0.1235352,0.8696289,0.4804688,0.1220703,-1.1596680,1.1596680
11386958,-255,1786,983,4,-18,20,-0.1245117,0.8720703,0.4799805,0.2441406,-1.0986328,1.2207031
11388957,-251,1788,991,4,-19,19,-0.1225586,0.8730469,0.4838867,0.2441406,-1.1596680,1.1596680
11390956,-250,1784,985,3,-19,18,-0.1220703,0.8710938,0.4809570,0.1831055,-1.1596680,1.0986328
11392956,-250,1787,988,4,-17,18,-0.1220703,0.8725586,0.4824219,0.2441406,-1.0375977,1.0986328
11394955,-253,1786,989,1,-17,18,-0.1235352,0.8720703,0.4829102,0.0610352,-1.0375977,1.0986328
11396954,-254,1785,987,3,-18,17,-0.1240234,0.8715820,0.4819336,0.1831055,-1.0986328,1.0375977
11398954,-253,1789,989,2,-17,19,-0.1235352,0.8735352,0.4829102,0.1220703,-1.0375977,1.1596680
11400953,-257,1790,992,2,-17,18,-0.1254883,0.8740234,0.4843750,0.1220703,-1.0375977,1.0986328
11402952,-254,1787,990,4,-18,19,-0.1240234,0.8725586,0.4833984,0.2441406,-1.0986328,1.1596680
11404951,-253,1785,987,3,-17,18,-0.1235352,0.8715820,0.4819336,0.1831055,-1.0375977,1.0986328
11406951,-252,1785,985,3,-17,19,-0.1230469,0.8715820,0.4809570,0.1831055,-1.0375977,1.1596680
11408950,-251,1786,987,5,-17,21,-0.1225586,0.8720703,0.4819336,0.3051758,-1.0375977,1.2817383
11410949,-252,1790,984,4,-17,20,-0.1230469,0.8740234,0.4804688,0.2441406,-1.0375977,1.2207031
11412949,-252,1787,986,5,-17,19,-0.1230469,0.8725586,0.4814453,0.3051758,-1.0375977,1.1596680
11414948,-252,1783,986,4,-19,19,-0.1230469,0.8706055,0.4814453,0.2441406,-1.1596680,1.1596680
11416947,-250,1784,984,3,-18,20,-0.1220703,0.8710938,0.4804688,0.1831055,-1.0986328,1.2207031
11418947,-251,1785,985,4,-18,21,-0.1225586,0.8715820,0.4809570,0.2441406,-1.0986328,1.2817383
11420946,-254,1783,985,3,-18,20,-0.1240234,0.8706055,0.4809570,0.1831055,-1.0986328,1.2207031
11422945,-250,1783,986,2,-17,21,-0.1220703,0.8706055,0.4814453,0.1220703,-1.0375977,1.2817383
11424945,-251,1784,981,3,-18,19,-0.1225586,0.8710938,0.4790039,0.1831055,-1.0986328,1.1596680
11426944,-251,1785,985,3,-17,20,-0.1225586,0.8715820,0.4809570,0.1831055,-1.0375977,1.2207031
11428943,-251,1782,986,2,-17,20,-0.1225586,0.8701172,0.4814453,0.1220703,-1.0375977,1.2207031
11430943,-253,1786,984,2,-18,18,-0.1235352,0.8720703,0.4804688,0.1220703,-1.0986328,1.0986328
11432942,-255,1785,984,2,-19,19,-0.1245117,0.8715820,0.4804688,0.1220703,-1.1596680,1.1596680
11434941,-254,1787,987,4,-18,17,-0.1240234,0.8725586,0.4819336,0.2441406,-1.0986328,1.0375977
11436940,-254,1786,987,2,-19,18,-0.1240234,0.8720703,0.4819336,0.1220703,-1.1596680,1.0986328
11438940,-254,1789,986,3,-17,18,-0.1240234,0.8735352,0.4814453,0.1831055,-1.0375977,1.0986328
11440939,-253,1791,990,3,-18,19,-0.1235352,0.8745117,0.4833984,0.1831055,-1.0986328,1.1596680
11442938,-254,1786,988,3,-18,20,-0.1240234,0.8720703,0.4824219,0.1831055,-1.0986328,1.2207031
11444938,-251,1790,991,2,-18,19,-0.1225586,0.8740234,0.4838867,0.1220703,-1.0986328,1.1596680
11446937,-254,1787,988,4,-17,19,-0.1240234,0.8725586,0.4824219,0.2441406,-1.0375977,1.1596680
11448936,-251,1789,986,3,-18,20,-0.1225586,0.8735352,0.4814453,0.1831055,-1.0986328,1.2207031
11450936,-253,1784,991,3,-19,19,-0.1235352,0.8710938,0.4838867,0.1831055,-1.1596680,1.1596680
11452935,-253,1786,988,4,-17,20,-0.1235352,0.8720703,0.4824219,0.2441406,-1.0375977,1.2207031
11454934,-253,1786,987,2,-16,21,-0.1235352,0.8720703,0.4819336,0.1220703,-0.9765625,1.2817383
11456934,-251,1785,987,4,-18,21,-0.1225586,0.8715820,0.4819336,0.2441406,-1.0986328,1.2817383
11458933,-253,1786,985,4,-17,21,-0.1235352,0.8720703,0.4809570,0.2441406,-1.0375977,1.2817383
11460932,-254,1783,984,4,-17,21,-0.1240234,0.8706055,0.4804688,0.2441406,-1.0375977,1.2817383
11462932,-251,1784,985,2,-17,19,-0.1225586,0.8710938,0.4809570,0.1220703,-1.0375977,1.1596680
11464931,-252,1783,985,3,-17,20,-0.1230469,0.8706055,0.4809570,0.1831055,-1.0375977,1.2207031
11466930,-251,1784,986,4,-18,19,-0.1225586,0.8710938,0.4814453,0.2441406,-1.0986328,1.1596680
11468929,-253,1787,986,4,-18,20,-0.1235352,0.8725586,0.4814453,0.2441406,-1.0986328,1.2207031
11470929,-252,1784,982,3,-18,18,-0.1230469,0.8710938,0.4794922,0.1831055,-1.0986328,1.0986328
11472928,-250,1784,987,3,-18,18,-0.1220703,0.8710938,0.4819336,0.1831055,-1.0986328,1.0986328
11474927,-250,1782,988,3,-18,18,-0.1220703,0.8701172,0.4824219,0.1831055,-1.0986328,1.0986328
11476927,-253,1788,990,3,-17,18,-0.1235352,0.8730469,0.4833984,0.1831055,-1.0375977,1.0986328
11478926,-252,1784,988,3,-18,18,-0.1230469,0.8710938,0.4824219,0.1831055,-1.0986328,1.0986328
11480925,-255,1788,988,2,-18,16,-0.1245117,0.8730469,0.4824219,0.1220703,-1.0986328,0.9765625
11482925,-253,1789,989,1,-18,19,-0.1235352,0.8735352,0.4829102,0.0610352,-1.0986328,1.1596680
11484924,-253,1789,988,2,-18,18,-0.1235352,0.8735352,0.4824219,0.1220703,-1.0986328,1.0986328
11486923,-258,1785,990,3,-18,19,-0.1259766,0.8715820,0.4833984,0.1831055,-1.0986328,1.1596680
11488923,-254,1786,989,2,-18,20,-0.1240234,0.8720703,0.4829102,0.1220703,-1.0986328,1.2207031
11490922,-253,1788,987,4,-18,19,-0.1235352,0.8730469,0.4819336,0.2441406,-1.0986328,1.1596680
11492921,-250,1784,988,3,-17,20,-0.1220703,0.8710938,0.4824219,0.1831055,-1.0375977,1.2207031
11494921,-256,1788,990,4,-17,19,-0.1250000,0.8730469,0.4833984,0.2441406,-1.0375977,1.1596680
11496920,-253,1785,989,4,-18,19,-0.1235352,0.8715820,0.4829102,0.2441406,-1.0986328,1.1596680
11498919,-251,1785,986,4,-18,20,-0.1225586,0.8715820,0.4814453,0.2441406,-1.0986328,1.2207031
11500918,-251,1783,985,3,-17,19,-0.1225586,0.8706055,0.4809570,0.1831055,-1.0375977,1.1596680
11502918,-250,1787,983,4,-18,19,-0.1220703,0.8725586,0.4799805,0.2441406,-1.0986328,1.1596680
11504917,-253,1784,984,3,-18,20,-0.1235352,0.8710938,0.4804688,0.1831055,-1.0986328,1.2207031
11506916,-256,1783,987,3,-18,19,-0.1250000,0.8706055,0.4819336,0.1831055,-1.0986328,1.1596680
11508916,-252,1785,989,3,-18,20,-0.1230469,0.8715820,0.4829102,0.1831055,-1.0986328,1.2207031
11510915,-253,1785,987,3,-19,19,-0.1235352,0.8715820,0.4819336,0.1831055,-1.1596680,1.1596680
11512914,-253,1785,987,4,-19,17,-0.1235352,0.8715820,0.4819336,0.2441406,-1.1596680,1.0375977
11514914,-253,1786,986,3,-18,18,-0.1235352,0.8720703,0.4814453,0.1831055,-1.0986328,1.0986328
11516913,-255,1787,986,1,-19,17,-0.1245117,0.8725586,0.4814453,0.0610352,-1.1596680,1.0375977
11518912,-255,1790,984,3,-19,18,-0.1245117,0.8740234,0.4804688,0.1831055,-1.1596680,1.0986328
11520912,-253,1785,986,2,-18,18,-0.1235352,0.8715820,0.4814453,0.1220703,-1.0986328,1.0986328
11522911,-253,1786,987,3,-18,19,-0.1235352,0.8720703,0.4819336,0.1831055,-1.0986328,1.1596680
11524910,-255,1786,990,3,-19,19,-0.1245117,0.8720703,0.4833984,0.1831055,-1.1596680,1.1596680
11526910,-256,1788,986,3,-18,19,-0.1250000,0.8730469,0.4814453,0.1831055,-1.0986328,1.1596680
11528909,-252,1786,987,3,-18,19,-0.1230469,0.8720703,0.4819336,0.1831055,-1.0986328,1.1596680
11530908,-252,1788,988,4,-17,19,-0.1230469,0.8730469,0.4824219,0.2441406,-1.0375977,1.1596680
11532907,-254,1786,985,3,-18,20,-0.1240234,0.8720703,0.4809570,0.1831055,-1.0986328,1.2207031
11534907,-252,1787,991,4,-17,20,-0.1230469,0.8725586,0.4838867,0.2441406,-1.0375977,1.2207031
11536906,-252,1788,987,4,-17,19,-0.1230469,0.8730469,0.4819336,0.2441406,-1.0375977,1.1596680
11538905,-256,1789,989,4,-17,20,-0.1250000,0.8735352,0.4829102,0.2441406,-1.0375977,1.2207031
11540905,-251,1786,984,4,-18,21,-0.1225586,0.8720703,0.4804688,0.2441406,-1.0986328,1.2817383
11542904,-251,1784,983,4,-17,19,-0.1225586,0.8710938,0.4799805,0.2441406,-1.0375977,1.1596680
11544903,-255,1785,986,3,-17,20,-0.1245117,0.8715820,0.4814453,0.1831055,-1.0375977,1.2207031
11546903,-251,1786,985,3,-18,19,-0.1225586,0.8720703,0.4809570,0.1831055,-1.0986328,1.1596680
11548902,-253,1783,984,2,-18,20,-0.1235352,0.8706055,0.4804688,0.1220703,-1.0986328,1.2207031
11550901,-252,1787,986,3,-18,20,-0.1230469,0.8725586,0.4814453,0.1831055,-1.0986328,1.2207031
11552901,-254,1785,984,3,-17,19,-0.1240234,0.8715820,0.4804688,0.1831055,-1.0375977,1.1596680
11554900,-252,1783,985,4,-17,19,-0.1230469,0.8706055,0.4809570,0.2441406,-1.0375977,1.1596680
11556899,-251,1785,985,3,-17,19,-0.1225586,0.8715820,0.4809570,0.1831055,-1.0375977,1.1596680
11558899,-249,1786,986,3,-19,18,-0.1215820,0.8720703,0.4814453,0.1831055,-1.1596680,1.0986328
11560898,-250,1785,987,3,-18,18,-0.1220703,0.8715820,0.4819336,0.1831055,-1.0986328,1.0986328
11562897,-251,1788,987,3,-18,20,-0.1225586,0.8730469,0.4819336,0.1831055,-1.0986328,1.2207031
11564896,-253,1789,989,3,-19,19,-0.1235352,0.8735352,0.4829102,0.1831055,-1.1596680,1.1596680
11566896,-253,1788,985,3,-17,19,-0.1235352,0.8730469,0.4809570,0.1831055,-1.0375977,1.1596680
11568895,-254,1787,988,4,-18,19,-0.1240234,0.8725586,0.4824219,0.2441406,-1.0986328,1.1596680
11570894,-255,1789,988,4,-18,18,-0.1245117,0.8735352,0.4824219,0.2441406,-1.0986328,1.0986328
11572894,-254,1786,988,4,-18,18,-0.1240234,0.8720703,0.4824219,0.2441406,-1.0986328,1.0986328
11574893,-249,1786,987,3,-18,19,-0.1215820,0.8720703,0.4819336,0.1831055,-1.0986328,1.1596680
11576892,-250,1784,985,5,-18,20,-0.1220703,0.8710938,0.4809570,0.3051758,-1.0986328,1.2207031
11578892,-255,1784,982,4,-18,19,-0.1245117,0.8710938,0.4794922,0.2441406,-1.0986328,1.1596680
11580891,-251,1787,988,4,-18,20,-0.1225586,0.8725586,0.4824219,0.2441406,-1.0986328,1.2207031
11582890,-252,1785,987,3,-18,20,-0.1230469,0.8715820,0.4819336,0.1831055,-1.0986328,1.2207031
11584890,-251,1783,987,4,-18,20,-0.1225586,0.8706055,0.4819336,0.2441406,-1.0986328,1.2207031
11586889,-251,1782,985,4,-18,18,-0.1225586,0.8701172,0.4809570,0.2441406,-1.0986328,1.0986328
11588888,-254,1784,986,4,-18,19,-0.1240234,0.8710938,0.4814453,0.2441406,-1.0986328,1.1596680
11590888,-253,1784,986,4,-17,20,-0.1235352,0.8710938,0.4814453,0.2441406,-1.0375977,1.2207031
11592887,-251,1787,989,4,-18,19,-0.1225586,0.8725586,0.4829102,0.2441406,-1.0986328,1.1596680
11594886,-249,1786,984,3,-17,18,-0.1215820,0.8720703,0.4804688,0.1831055,-1.0375977,1.0986328
11596885,-252,1788,987,2,-19,19,-0.1230469,0.8730469,0.4819336,0.1220703,-1.1596680,1.1596680
11598885,-254,1786,988,2,-17,18,-0.1240234,0.8720703,0.4824219,0.1220703,-1.0375977,1.0986328
11600884,-250,1785,990,2,-18,18,-0.1220703,0.8715820,0.4833984,0.1220703,-1.0986328,1.0986328
11602883,-252,1789,988,3,-19,19,-0.1230469,0.8735352,0.4824219,0.1831055,-1.1596680,1.1596680
11604883,-250,1788,989,4,-18,19,-0.1220703,0.8730469,0.4829102,0.2441406,-1.0986328,1.1596680
11606882,-254,1789,988,2,-18,19,-0.1240234,0.8735352,0.4824219,0.1220703,-1.0986328,1.1596680
11608881,-252,1786,987,2,-17,19,-0.1230469,0.8720703,0.4819336,0.1220703,-1.0375977,1.1596680
11610881,-252,1788,990,3,-18,19,-0.1230469,0.8730469,0.4833984,0.1831055,-1.0986328,1.1596680
11612880,-253,1788,989,2,-18,19,-0.1235352,0.8730469,0.4829102,0.1220703,-1.0986328,1.1596680
11614879,-250,1786,987,2,-18,19,-0.1220703,0.8720703,0.4819336,0.1220703,-1.0986328,1.1596680
11616879,-253,1783,985,2,-19,19,-0.1235352,0.8706055,0.4809570,0.1220703,-1.1596680,1.1596680
11618878,-252,1787,986,3,-18,19,-0.1230469,0.8725586,0.4814453,0.1831055,-1.0986328,1.1596680
11620877,-251,1785,989,3,-17,20,-0.1225586,0.8715820,0.4829102,0.1831055,-1.0375977,1.2207031
11622877,-251,1785,985,4,-18,20,-0.1225586,0.8715820,0.4809570,0.2441406,-1.0986328,1.2207031
11624876,-254,1786,987,3,-18,20,-0.1240234,0.8720703,0.4819336,0.1831055,-1.0986328,1.2207031
11626875,-251,1784,985,2,-17,19,-0.1225586,0.8710938,0.4809570,0.1220703,-1.0375977,1.1596680
11628874,-252,1788,985,4,-18,19,-0.1230469,0.8730469,0.4809570,0.2441406,-1.0986328,1.1596680
11630874,-252,1781,985,2,-17,19,-0.1230469,0.8696289,0.4809570,0.1220703,-1.0375977,1.1596680
11632873,-253,1787,988,4,-17,18,-0.1235352,0.8725586,0.4824219,0.2441406,-1.0375977,1.0986328
11634872,-252,1788,989,4,-18,19,-0.1230469,0.8730469,0.4829102,0.2441406,-1.0986328,1.1596680
11636872,-251,1788,989,4,-18,19,-0.1225586,0.8730469,0.4829102,0.2441406,-1.0986328,1.1596680
11638871,-253,1786,988,3,-18,19,-0.1235352,0.8720703,0.4824219,0.1831055,-1.0986328,1.1596680
11640870,-250,1785,987,4,-17,17,-0.1220703,0.8715820,0.4819336,0.2441406,-1.0375977,1.0375977
11642870,-253,1787,988,4,-18,19,-0.1235352,0.8725586,0.4824219,0.2441406,-1.0986328,1.1596680
11644869,-251,1789,988,3,-18,18,-0.1225586,0.8735352,0.4824219,0.1831055,-1.0986328,1.0986328
11646868,-254,1787,989,3,-18,18,-0.1240234,0.8725586,0.4829102,0.1831055,-1.0986328,1.0986328
11648868,-253,1787,984,1,-18,20,-0.1235352,0.8725586,0.4804688,0.0610352,-1.0986328,1.2207031
11650867,-250,1787,988,3,-17,20,-0.1220703,0.8725586,0.4824219,0.1831055,-1.0375977,1.2207031
11652866,-255,1784,988,3,-18,20,-0.1245117,0.8710938,0.4824219,0.1831055,-1.0986328,1.2207031
11654866,-253,1784,986,4,-17,19,-0.1235352,0.8710938,0.4814453,0.2441406,-1.0375977,1.1596680
11656865,-250,1786,985,4,-19,20,-0.1220703,0.8720703,0.4809570,0.2441406,-1.1596680,1.2207031
11658864,-251,1784,986,4,-19,20,-0.1225586,0.8710938,0.4814453,0.2441406,-1.1596680,1.2207031
11660863,-253,1784,986,4,-19,20,-0.1235352,0.8710938,0.4814453,0.2441406,-1.1596680,1.2207031
11662863,-253,1786,982,3,-18,20,-0.1235352,0.8720703,0.4794922,0.1831055,-1.0986328,1.2207031
11664862,-253,1784,984,3,-18,20,-0.1235352,0.8710938,0.4804688,0.1831055,-1.0986328,1.2207031
11666861,-251,1784,988,3,-19,18,-0.1225586,0.8710938,0.4824219,0.1831055,-1.1596680,1.0986328
11668861,-252,1785,984,4,-19,19,-0.1230469,0.8715820,0.4804688,0.2441406,-1.1596680,1.1596680
11670860,-253,1785,984,3,-18,19,-0.1235352,0.8715820,0.4804688,0.1831055,-1.0986328,1.1596680
11672859,-253,1784,985,4,-19,19,-0.1235352,0.8710938,0.4809570,0.2441406,-1.1596680,1.1596680
11674859,-252,1787,985,3,-17,19,-0.1230469,0.8725586,0.4809570,0.1831055,-1.0375977,1.1596680
11676858,-253,1783,988,4,-19,19,-0.1235352,0.8706055,0.4824219,0.2441406,-1.1596680,1.1596680
11678857,-252,1788,984,3,-19,19,-0.1230469,0.8730469,0.4804688,0.1831055,-1.1596680,1.1596680
11680857,-254,1787,985,4,-18,18,-0.1240234,0.8725586,0.4809570,0.2441406,-1.0986328,1.0986328
11682856,-252,1787,987,2,-18,19,-0.1230469,0.8725586,0.4819336,0.1220703,-1.0986328,1.1596680
11684855,-252,1790,989,3,-18,18,-0.1230469,0.8740234,0.4829102,0.1831055,-1.0986328,1.0986328
11686855,-252,1789,988,3,-17,18,-0.1230469,0.8735352,0.4824219,0.1831055,-1.0375977,1.0986328
11688854,-253,1788,987,4,-18,19,-0.1235352,0.8730469,0.4819336,0.2441406,-1.0986328,1.1596680
11690853,-251,1789,989,3,-18,18,-0.1225586,0.8735352,0.4829102,0.1831055,-1.0986328,1.0986328
11692852,-255,1787,986,4,-18,20,-0.1245117,0.8725586,0.4814453,0.2441406,-1.0986328,1.2207031
11694852,-251,1787,991,3,-17,18,-0.1225586,0.8725586,0.4838867,0.1831055,-1.0375977,1.0986328
11696851,-254,1786,988,4,-18,19,-0.1240234,0.8720703,0.4824219,0.2441406,-1.0986328,1.1596680
11698850,-254,1787,989,4,-18,19,-0.1240234,0.8725586,0.4829102,0.2441406,-1.0986328,1.1596680
11700850,-251,1788,985,3,-18,21,-0.1225586,0.8730469,0.4809570,0.1831055,-1.0986328,1.2817383
11702849,-251,1782,987,3,-17,20,-0.1225586,0.8701172,0.4819336,0.1831055,-1.0375977,1.2207031
11704848,-250,1784,986,3,-18,20,-0.1220703,0.8710938,0.4814453,0.1831055,-1.0986328,1.2207031
11706848,-251,1783,985,3,-18,20,-0.1225586,0.8706055,0.4809570,0.1831055,-1.0986328,1.2207031
11708847,-250,1783,984,3,-17,18,-0.1220703,0.8706055,0.4804688,0.1831055,-1.0375977,1.0986328
11710846,-252,1783,987,2,-17,19,-0.1230469,0.8706055,0.4819336,0.1220703,-1.0375977,1.1596680
11712846,-251,1782,987,3,-18,18,-0.1225586,0.8701172,0.4819336,0.1831055,-1.0986328,1.0986328
11714845,-255,1784,987,3,-18,19,-0.1245117,0.8710938,0.4819336,0.1831055,-1.0986328,1.1596680
11716844,-251,1784,986,1,-17,19,-0.1225586,0.8710938,0.4814453,0.0610352,-1.0375977,1.1596680
11718844,-250,1785,987,4,-17,18,-0.1220703,0.8715820,0.4819336,0.2441406,-1.0375977,1.0986328
11720843,-254,1787,986,2,-18,18,-0.1240234,0.8725586,0.4814453,0.1220703,-1.0986328,1.0986328
11722842,-251,1786,986,2,-18,18,-0.1225586,0.8720703,0.4814453,0.1220703,-1.0986328,1.0986328
11724841,-252,1788,988,3,-18,18,-0.1230469,0.8730469,0.4824219,0.1831055,-1.0986328,1.0986328
11726841,-254,1789,988,3,-18,18,-0.1240234,0.8735352,0.4824219,0.1831055,-1.0986328,1.0986328
11728840,-253,1789,987,3,-18,20,-0.1235352,0.8735352,0.4819336,0.1831055,-1.0986328,1.2207031
11730839,-252,1788,990,3,-18,19,-0.1230469,0.8730469,0.4833984,0.1831055,-1.0986328,1.1596680
11732839,-254,1789,988,3,-18,18,-0.1240234,0.8735352,0.4824219,0.1831055,-1.0986328,1.0986328
11734838,-256,1787,988,4,-17,19,-0.1250000,0.8725586,0.4824219,0.2441406,-1.0375977,1.1596680
11736837,-258,1788,989,3,-17,18,-0.1259766,0.8730469,0.4829102,0.1831055,-1.0375977,1.0986328
11738837,-252,1787,990,4,-18,20,-0.1230469,0.8725586,0.4833984,0.2441406,-1.0986328,1.2207031
11740836,-250,1788,991,3,-18,19,-0.1220703,0.8730469,0.4838867,0.1831055,-1.0986328,1.1596680
11742835,-255,1788,985,4,-17,20,-0.1245117,0.8730469,0.4809570,0.2441406,-1.0375977,1.2207031
11744835,-254,1785,984,5,-18,21,-0.1240234,0.8715820,0.4804688,0.3051758,-1.0986328,1.2817383
11746834,-255,1783,986,4,-17,20,-0.1245117,0.8706055,0.4814453,0.2441406,-1.0375977,1.2207031
11748833,-250,1784,987,4,-18,21,-0.1220703,0.8710938,0.4819336,0.2441406,-1.0986328,1.2817383
11750833,-249,1784,984,3,-19,21,-0.1215820,0.8710938,0.4804688,0.1831055,-1.1596680,1.2817383
11752832,-248,1784,984,3,-20,20,-0.1210938,0.8710938,0.4804688,0.1831055,-1.2207031,1.2207031
11754831,-252,1786,987,3,-19,19,-0.1230469,0.8720703,0.4819336,0.1831055,-1.1596680,1.1596680
11756830,-252,1783,983,3,-18,20,-0.1230469,0.8706055,0.4799805,0.1831055,-1.0986328,1.2207031
11758830,-250,1784,987,3,-20,20,-0.1220703,0.8710938,0.4819336,0.1831055,-1.2207031,1.2207031
11760829,-253,1782,985,2,-18,19,-0.1235352,0.8701172,0.4809570,0.1220703,-1.0986328,1.1596680
11762828,-254,1783,988,3,-19,18,-0.1240234,0.8706055,0.4824219,0.1831055,-1.1596680,1.0986328
11764828,-255,1787,988,4,-18,17,-0.1245117,0.8725586,0.4824219,0.2441406,-1.0986328,1.0375977
11766827,-251,1788,985,4,-19,19,-0.1225586,0.8730469,0.4809570,0.2441406,-1.1596680,1.1596680
11768826,-253,1786,986,4,-17,18,-0.1235352,0.8720703,0.4814453,0.2441406,-1.0375977,1.0986328
11770826,-252,1791,988,4,-18,18,-0.1230469,0.8745117,0.4824219,0.2441406,-1.0986328,1.0986328
11772825,-256,1791,991,3,-18,17,-0.1250000,0.8745117,0.4838867,0.1831055,-1.0986328,1.0375977
11774824,-252,1791,992,5,-16,18,-0.1230469,0.8745117,0.4843750,0.3051758,-0.9765625,1.0986328
11776824,-250,1789,988,4,-17,18,-0.1220703,0.8735352,0.4824219,0.2441406,-1.0375977,1.0986328
11778823,-251,1788,989,4,-18,19,-0.1225586,0.8730469,0.4829102,0.2441406,-1.0986328,1.1596680
11780822,-254,1786,987,4,-17,20,-0.1240234,0.8720703,0.4819336,0.2441406,-1.0375977,1.2207031
11782822,-257,1787,986,3,-17,19,-0.1254883,0.8725586,0.4814453,0.1831055,-1.0375977,1.1596680
11784821,-252,1788,988,3,-17,21,-0.1230469,0.8730469,0.4824219,0.1831055,-1.0375977,1.2817383
11786820,-252,1790,989,4,-18,20,-0.1230469,0.8740234,0.4829102,0.2441406,-1.0986328,1.2207031
11788819,-250,1789,988,4,-18,20,-0.1220703,0.8735352,0.4824219,0.2441406,-1.0986328,1.2207031
11790819,-251,1782,987,4,-18,20,-0.1225586,0.8701172,0.4819336,0.2441406,-1.0986328,1.2207031
11792818,-252,1786,985,3,-17,20,-0.1230469,0.8720703,0.4809570,0.1831055,-1.0375977,1.2207031
11794817,-251,1782,985,2,-18,19,-0.1225586,0.8701172,0.4809570,0.1220703,-1.0986328,1.1596680
11796817,-250,1784,986,3,-18,21,-0.1220703,0.8710938,0.4814453,0.1831055,-1.0986328,1.2817383
11798816,-253,1782,985,3,-19,20,-0.1235352,0.8701172,0.4809570,0.1831055,-1.1596680,1.2207031
11800815,-249,1783,985,3,-18,20,-0.1215820,0.8706055,0.4809570,0.1831055,-1.0986328,1.2207031
11802815,-251,1783,983,3,-18,19,-0.1225586,0.8706055,0.4799805,0.1831055,-1.0986328,1.1596680
11804814,-251,1786,986,2,-19,18,-0.1225586,0.8720703,0.4814453,0.1220703,-1.1596680,1.0986328
11806813,-251,1785,987,2,-18,19,-0.1225586,0.8715820,0.4819336,0.1220703,-1.0986328,1.1596680
11808813,-251,1785,984,1,-17,18,-0.1225586,0.8715820,0.4804688,0.0610352,-1.0375977,1.0986328
11810812,-251,1782,984,1,-18,18,-0.1225586,0.8701172,0.4804688,0.0610352,-1.0986328,1.0986328
11812811,-254,1786,988,2,-18,17,-0.1240234,0.8720703,0.4824219,0.1220703,-1.0986328,1.0375977
11814811,-253,1788,990,2,-18,17,-0.1235352,0.8730469,0.4833984,0.1220703,-1.0986328,1.0375977
11816810,-253,1786,987,1,-18,17,-0.1235352,0.8720703,0.4819336,0.0610352,-1.0986328,1.0375977
11818809,-254,1788,988,1,-18,19,-0.1240234,0.8730469,0.4824219,0.0610352,-1.0986328,1.1596680
11820808,-253,1789,987,4,-18,18,-0.1235352,0.8735352,0.4819336,0.2441406,-1.0986328,1.0986328
11822808,-252,1790,991,4,-16,19,-0.1230469,0.8740234,0.4838867,0.2441406,-0.9765625,1.1596680
11824807,-253,1787,990,4,-16,18,-0.1235352,0.8725586,0.4833984,0.2441406,-0.9765625,1.0986328
11826806,-256,1786,989,4,-18,19,-0.1250000,0.8720703,0.4829102,0.2441406,-1.0986328,1.1596680
11828806,-255,1788,987,4,-18,20,-0.1245117,0.8730469,0.4819336,0.2441406,-1.0986328,1.2207031
11830805,-254,1785,986,4,-18,21,-0.1240234,0.8715820,0.4814453,0.2441406,-1.0986328,1.2817383
11832804,-252,1785,990,4,-18,21,-0.1230469,0.8715820,0.4833984,0.2441406,-1.0986328,1.2817383
11834804,-251,1784,984,6,-17,20,-0.1225586,0.8710938,0.4804688,0.3662109,-1.0375977,1.2207031
11836803,-251,1785,986,3,-18,20,-0.1225586,0.8715820,0.4814453,0.1831055,-1.0986328,1.2207031
11838802,-252,1784,985,4,-17,20,-0.1230469,0.8710938,0.4809570,0.2441406,-1.0375977,1.2207031
11840802,-251,1784,983,4,-17,20,-0.1225586,0.8710938,0.4799805,0.2441406,-1.0375977,1.2207031
11842801,-250,1787,987,5,-19,21,-0.1220703,0.8725586,0.4819336,0.3051758,-1.1596680,1.2817383
11844800,-250,1783,985,4,-20,20,-0.1220703,0.8706055,0.4809570,0.2441406,-1.2207031,1.2207031
11846800,-250,1786,984,2,-18,18,-0.1220703,0.8720703,0.4804688,0.1220703,-1.0986328,1.0986328
11848799,-250,1783,983,3,-19,19,-0.1220703,0.8706055,0.4799805,0.1831055,-1.1596680,1.1596680
11850798,-252,1785,991,3,-18,19,-0.1230469,0.8715820,0.4838867,0.1831055,-1.0986328,1.1596680
11852797,-254,1785,986,3,-19,18,-0.1240234,0.8715820,0.4814453,0.1831055,-1.1596680,1.0986328
11854797,-256,1786,985,2,-19,19,-0.1250000,0.8720703,0.4809570,0.1220703,-1.1596680,1.1596680
11856796,-252,1789,986,2,-19,18,-0.1230469,0.8735352,0.4814453,0.1220703,-1.1596680,1.0986328
11858795,-255,1784,988,3,-18,18,-0.1245117,0.8710938,0.4824219,0.1831055,-1.0986328,1.0986328
11860795,-255,1789,988,3,-18,18,-0.1245117,0.8735352,0.4824219,0.1831055,-1.0986328,1.0986328
11862794,-253,1789,990,3,-19,19,-0.1235352,0.8735352,0.4833984,0.1831055,-1.1596680,1.1596680
11864793,-255,1791,989,4,-18,19,-0.1245117,0.8745117,0.4829102,0.2441406,-1.0986328,1.1596680
11866793,-255,1785,987,3,-17,19,-0.1245117,0.8715820,0.4819336,0.1831055,-1.0375977,1.1596680
11868792,-258,1788,987,4,-17,20,-0.1259766,0.8730469,0.4819336,0.2441406,-1.0375977,1.2207031
11870791,-251,1789,989,3,-19,19,-0.1225586,0.8735352,0.4829102,0.1831055,-1.1596680,1.1596680
11872791,-251,1788,988,2,-17,21,-0.1225586,0.8730469,0.4824219,0.1220703,-1.0375977,1.2817383
11874790,-257,1789,985,3,-18,20,-0.1254883,0.8735352,0.4809570,0.1831055,-1.0986328,1.2207031
11876789,-253,1781,987,5,-17,19,-0.1235352,0.8696289,0.4819336,0.3051758,-1.0375977,1.1596680
11878789,-253,1787,988,5,-18,20,-0.1235352,0.8725586,0.4824219,0.3051758,-1.0986328,1.2207031
11880788,-253,1784,983,4,-18,20,-0.1235352,0.8710938,0.4799805,0.2441406,-1.0986328,1.2207031
11882787,-250,1783,987,3,-18,21,-0.1220703,0.8706055,0.4819336,0.1831055,-1.0986328,1.2817383
11884786,-251,1783,983,3,-18,20,-0.1225586,0.8706055,0.4799805,0.1831055,-1.0986328,1.2207031
11886786,-253,1780,983,3,-18,19,-0.1235352,0.8691406,0.4799805,0.1831055,-1.0986328,1.1596680
11888785,-254,1781,985,2,-18,19,-0.1240234,0.8696289,0.4809570,0.1220703,-1.0986328,1.1596680
11890784,-252,1781,986,3,-18,20,-0.1230469,0.8696289,0.4814453,0.1831055,-1.0986328,1.2207031
11892784,-252,1785,990,3,-18,20,-0.1230469,0.8715820,0.4833984,0.1831055,-1.0986328,1.2207031
11894783,-254,1785,983,2,-18,19,-0.1240234,0.8715820,0.4799805,0.1220703,-1.0986328,1.1596680
11896782,-253,1786,984,2,-18,18,-0.1235352,0.8720703,0.4804688,0.1220703,-1.0986328,1.0986328
11898782,-252,1789,986,2,-19,19,-0.1230469,0.8735352,0.4814453,0.1220703,-1.1596680,1.1596680
11900781,-253,1786,989,2,-18,19,-0.1235352,0.8720703,0.4829102,0.1220703,-1.0986328,1.1596680
11902780,-254,1787,989,2,-18,19,-0.1240234,0.8725586,0.4829102,0.1220703,-1.0986328,1.1596680
11904780,-249,1785,986,2,-17,19,-0.1215820,0.8715820,0.4814453,0.1220703,-1.0375977,1.1596680
11906779,-253,1788,988,3,-18,18,-0.1235352,0.8730469,0.4824219,0.1831055,-1.0986328,1.0986328
11908778,-251,1791,991,2,-18,18,-0.1225586,0.8745117,0.4838867,0.1220703,-1.0986328,1.0986328
11910778,-252,1787,990,3,-17,19,-0.1230469,0.8725586,0.4833984,0.1831055,-1.0375977,1.1596680
11912777,-251,1789,988,3,-18,19,-0.1225586,0.8735352,0.4824219,0.1831055,-1.0986328,1.1596680
11914776,-251,1790,991,4,-18,19,-0.1225586,0.8740234,0.4838867,0.2441406,-1.0986328,1.1596680
11916775,-251,1791,985,4,-18,18,-0.1225586,0.8745117,0.4809570,0.2441406,-1.0986328,1.0986328
11918775,-255,1786,988,4,-17,20,-0.1245117,0.8720703,0.4824219,0.2441406,-1.0375977,1.2207031
11920774,-252,1787,990,5,-17,20,-0.1230469,0.8725586,0.4833984,0.3051758,-1.0375977,1.2207031
11922773,-252,1784,987,4,-17,20,-0.1230469,0.8710938,0.4819336,0.2441406,-1.0375977,1.2207031
11924773,-254,1787,988,5,-18,20,-0.1240234,0.8725586,0.4824219,0.3051758,-1.0986328,1.2207031
11926772,-254,1784,984,3,-18,19,-0.1240234,0.8710938,0.4804688,0.1831055,-1.0986328,1.1596680
11928771,-248,1783,986,3,-17,19,-0.1210938,0.8706055,0.4814453,0.1831055,-1.0375977,1.1596680
11930771,-252,1783,984,3,-19,21,-0.1230469,0.8706055,0.4804688,0.1831055,-1.1596680,1.2817383
11932770,-252,1786,988,3,-17,20,-0.1230469,0.8720703,0.4824219,0.1831055,-1.0375977,1.2207031
11934769,-251,1784,987,3,-19,20,-0.1225586,0.8710938,0.4819336,0.1831055,-1.1596680,1.2207031
11936769,-251,1785,984,3,-18,20,-0.1225586,0.8715820,0.4804688,0.1831055,-1.0986328,1.2207031
11938768,-254,1784,987,2,-18,19,-0.1240234,0.8710938,0.4819336,0.1220703,-1.0986328,1.1596680
11940767,-251,1787,988,2,-18,19,-0.1225586,0.8725586,0.4824219,0.1220703,-1.0986328,1.1596680
11942767,-251,1785,989,3,-17,19,-0.1225586,0.8715820,0.4829102,0.1831055,-1.0375977,1.1596680
11944766,-250,1787,987,3,-18,19,-0.1220703,0.8725586,0.4819336,0.1831055,-1.0986328,1.1596680
11946765,-252,1786,988,2,-17,19,-0.1230469,0.8720703,0.4824219,0.1220703,-1.0375977,1.1596680
11948764,-254,1788,989,2,-18,19,-0.1240234,0.8730469,0.4829102,0.1220703,-1.0986328,1.1596680
11950764,-254,1785,991,3,-17,19,-0.1240234,0.8715820,0.4838867,0.1831055,-1.0375977,1.1596680
11952763,-253,1788,990,3,-18,19,-0.1235352,0.8730469,0.4833984,0.1831055,-1.0986328,1.1596680
11954762,-253,1787,991,4,-18,19,-0.1235352,0.8725586,0.4838867,0.2441406,-1.0986328,1.1596680
11956762,-252,1787,987,4,-18,20,-0.1230469,0.8725586,0.4819336,0.2441406,-1.0986328,1.2207031
11958761,-255,1789,987,4,-18,19,-0.1245117,0.8735352,0.4819336,0.2441406,-1.0986328,1.1596680
11960760,-256,1784,990,2,-17,19,-0.1250000,0.8710938,0.4833984,0.1220703,-1.0375977,1.1596680
11962760,-256,1788,989,2,-18,20,-0.1250000,0.8730469,0.4829102,0.1220703,-1.0986328,1.2207031
11964759,-252,1788,986,4,-18,20,-0.1230469,0.8730469,0.4814453,0.2441406,-1.0986328,1.2207031
11966758,-254,1785,990,3,-18,20,-0.1240234,0.8715820,0.4833984,0.1831055,-1.0986328,1.2207031
11968758,-253,1782,988,4,-19,21,-0.1235352,0.8701172,0.4824219,0.2441406,-1.1596680,1.2817383
11970757,-249,1785,989,4,-17,20,-0.1215820,0.8715820,0.4829102,0.2441406,-1.0375977,1.2207031
11972756,-252,1784,988,4,-18,21,-0.1230469,0.8710938,0.4824219,0.2441406,-1.0986328,1.2817383
11974756,-251,1784,985,4,-19,20,-0.1225586,0.8710938,0.4809570,0.2441406,-1.1596680,1.2207031
11976755,-251,1783,985,4,-18,20,-0.1225586,0.8706055,0.4809570,0.2441406,-1.0986328,1.2207031
11978754,-251,1788,985,3,-19,20,-0.1225586,0.8730469,0.4809570,0.1831055,-1.1596680,1.2207031
11980753,-254,1782,983,3,-19,19,-0.1240234,0.8701172,0.4799805,0.1831055,-1.1596680,1.1596680
11982753,-250,1787,985,2,-18,20,-0.1220703,0.8725586,0.4809570,0.1220703,-1.0986328,1.2207031
11984752,-252,1788,985,3,-19,19,-0.1230469,0.8730469,0.4809570,0.1831055,-1.1596680,1.1596680
11986751,-254,1787,985,4,-18,20,-0.1240234,0.8725586,0.4809570,0.2441406,-1.0986328,1.2207031
11988751,-255,1786,987,3,-19,19,-0.1245117,0.8720703,0.4819336,0.1831055,-1.1596680,1.1596680
11990750,-254,1789,989,3,-18,18,-0.1240234,0.8735352,0.4829102,0.1831055,-1.0986328,1.0986328
11992749,-253,1788,989,3,-19,18,-0.1235352,0.8730469,0.4829102,0.1831055,-1.1596680,1.0986328
11994749,-252,1787,986,3,-18,19,-0.1230469,0.8725586,0.4814453,0.1831055,-1.0986328,1.1596680
11996748,-252,1787,990,3,-18,17,-0.1230469,0.8725586,0.4833984,0.1831055,-1.0986328,1.0375977
11998747,-253,1787,988,3,-18,18,-0.1235352,0.8725586,0.4824219,0.1831055,-1.0986328,1.0986328
12000747,-253,1788,988,3,-18,18,-0.1235352,0.8730469,0.4824219,0.1831055,-1.0986328,1.0986328
12002746,-255,1787,988,3,-17,20,-0.1245117,0.8725586,0.4824219,0.1831055,-1.0375977,1.2207031
12004745,-251,1787,987,4,-17,19,-0.1225586,0.8725586,0.4819336,0.2441406,-1.0375977,1.1596680
12006745,-253,1789,988,3,-17,20,-0.1235352,0.8735352,0.4824219,0.1831055,-1.0375977,1.2207031
12008744,-249,1785,989,4,-18,19,-0.1215820,0.8715820,0.4829102,0.2441406,-1.0986328,1.1596680
12010743,-255,1788,987,3,-18,20,-0.1245117,0.8730469,0.4819336,0.1831055,-1.0986328,1.2207031
12012742,-251,1785,987,3,-17,19,-0.1225586,0.8715820,0.4819336,0.1831055,-1.0375977,1.1596680
12014742,-251,1785,985,4,-17,20,-0.1225586,0.8715820,0.4809570,0.2441406,-1.0375977,1.2207031
12016741,-252,1786,984,4,-19,21,-0.1230469,0.8720703,0.4804688,0.2441406,-1.1596680,1.2817383
12018740,-250,1784,986,3,-19,20,-0.1220703,0.8710938,0.4814453,0.1831055,-1.1596680,1.2207031
12020740,-252,1783,985,3,-18,20,-0.1230469,0.8706055,0.4809570,0.1831055,-1.0986328,1.2207031
12022739,-255,1783,987,2,-18,19,-0.1245117,0.8706055,0.4819336,0.1220703,-1.0986328,1.1596680
12024738,-252,1786,987,3,-18,19,-0.1230469,0.8720703,0.4819336,0.1831055,-1.0986328,1.1596680
12026738,-250,1787,988,3,-18,19,-0.1220703,0.8725586,0.4824219,0.1831055,-1.0986328,1.1596680
12028737,-254,1786,987,3,-19,19,-0.1240234,0.8720703,0.4819336,0.1831055,-1.1596680,1.1596680
12030736,-253,1784,990,2,-19,19,-0.1235352,0.8710938,0.4833984,0.1220703,-1.1596680,1.1596680
12032736,-250,1786,986,3,-18,18,-0.1220703,0.8720703,0.4814453,0.1831055,-1.0986328,1.0986328
12034735,-253,1787,990,4,-18,18,-0.1235352,0.8725586,0.4833984,0.2441406,-1.0986328,1.0986328
12036734,-252,1786,990,2,-19,18,-0.1230469,0.8720703,0.4833984,0.1220703,-1.1596680,1.0986328
12038734,-250,1785,987,4,-18,19,-0.1220703,0.8715820,0.4819336,0.2441406,-1.0986328,1.1596680
12040733,-253,1787,988,4,-18,19,-0.1235352,0.8725586,0.4824219,0.2441406,-1.0986328,1.1596680
12042732,-253,1787,989,3,-18,19,-0.1235352,0.8725586,0.4829102,0.1831055,-1.0986328,1.1596680
12044731,-251,1786,986,3,-17,21,-0.1225586,0.8720703,0.4814453,0.1831055,-1.0375977,1.2817383
12046731,-253,1784,984,3,-18,20,-0.1235352,0.8710938,0.4804688,0.1831055,-1.0986328,1.2207031
12048730,-252,1787,987,3,-17,20,-0.1230469,0.8725586,0.4819336,0.1831055,-1.0375977,1.2207031
12050729,-253,1785,985,4,-19,20,-0.1235352,0.8715820,0.4809570,0.2441406,-1.1596680,1.2207031
12052729,-252,1783,985,3,-19,20,-0.1230469,0.8706055,0.4809570,0.1831055,-1.1596680,1.2207031
12054728,-250,1783,988,3,-17,20,-0.1220703,0.8706055,0.4824219,0.1831055,-1.0375977,1.2207031
12056727,-252,1784,986,4,-18,19,-0.1230469,0.8710938,0.4814453,0.2441406,-1.0986328,1.1596680
12058727,-251,1787,984,4,-17,19,-0.1225586,0.8725586,0.4804688,0.2441406,-1.0375977,1.1596680
12060726,-252,1788,984,4,-18,18,-0.1230469,0.8730469,0.4804688,0.2441406,-1.0986328,1.0986328
12062725,-253,1788,989,3,-17,19,-0.1235352,0.8730469,0.4829102,0.1831055,-1.0375977,1.1596680
12064725,-251,1786,985,4,-18,20,-0.1225586,0.8720703,0.4809570,0.2441406,-1.0986328,1.2207031
12066724,-251,1789,988,4,-19,19,-0.1225586,0.8735352,0.4824219,0.2441406,-1.1596680,1.1596680
12068723,-253,1786,985,2,-17,19,-0.1235352,0.8720703,0.4809570,0.1220703,-1.0375977,1.1596680
12070723,-254,1785,984,4,-17,19,-0.1240234,0.8715820,0.4804688,0.2441406,-1.0375977,1.1596680
12072722,-251,1789,988,2,-18,19,-0.1225586,0.8735352,0.4824219,0.1220703,-1.0986328,1.1596680
12074721,-254,1790,989,2,-18,19,-0.1240234,0.8740234,0.4829102,0.1220703,-1.0986328,1.1596680
12076720,-252,1789,985,2,-17,20,-0.1230469,0.8735352,0.4809570,0.1220703,-1.0375977,1.2207031
12078720,-254,1789,989,2,-19,20,-0.1240234,0.8735352,0.4829102,0.1220703,-1.1596680,1.2207031
12080719,-256,1787,989,4,-18,20,-0.1250000,0.8725586,0.4829102,0.2441406,-1.0986328,1.2207031
12082718,-252,1789,988,3,-17,20,-0.1230469,0.8735352,0.4824219,0.1831055,-1.0375977,1.2207031
12084718,-253,1787,990,4,-18,20,-0.1235352,0.8725586,0.4833984,0.2441406,-1.0986328,1.2207031
12086717,-252,1785,989,2,-18,20,-0.1230469,0.8715820,0.4829102,0.1220703,-1.0986328,1.2207031
12088716,-253,1785,986,3,-17,20,-0.1235352,0.8715820,0.4814453,0.1831055,-1.0375977,1.2207031
12090716,-251,1785,986,3,-18,20,-0.1225586,0.8715820,0.4814453,0.1831055,-1.0986328,1.2207031
12092715,-249,1786,986,4,-17,19,-0.1215820,0.8720703,0.4814453,0.2441406,-1.0375977,1.1596680
12094714,-251,1787,986,3,-18,20,-0.1225586,0.8725586,0.4814453,0.1831055,-1.0986328,1.2207031
12096714,-253,1785,985,3,-17,19,-0.1235352,0.8715820,0.4809570,0.1831055,-1.0375977,1.1596680
12098713,-252,1785,985,4,-18,18,-0.1230469,0.8715820,0.4809570,0.2441406,-1.0986328,1.0986328
12100712,-252,1783,982,4,-18,19,-0.1230469,0.8706055,0.4794922,0.2441406,-1.0986328,1.1596680
12102712,-254,1786,991,4,-18,19,-0.1240234,0.8720703,0.4838867,0.2441406,-1.0986328,1.1596680
12104711,-253,1785,985,3,-17,18,-0.1235352,0.8715820,0.4809570,0.1831055,-1.0375977,1.0986328
12106710,-252,1786,984,3,-17,18,-0.1230469,0.8720703,0.4804688,0.1831055,-1.0375977,1.0986328
12108709,-253,1784,986,2,-19,19,-0.1235352,0.8710938,0.4814453,0.1220703,-1.1596680,1.1596680
12110709,-254,1788,988,1,-17,19,-0.1240234,0.8730469,0.4824219,0.0610352,-1.0375977,1.1596680
12112708,-252,1788,987,3,-17,18,-0.1230469,0.8730469,0.4819336,0.1831055,-1.0375977,1.0986328
12114707,-254,1787,986,2,-18,20,-0.1240234,0.8725586,0.4814453,0.1220703,-1.0986328,1.2207031
12116707,-253,1791,989,2,-19,19,-0.1235352,0.8745117,0.4829102,0.1220703,-1.1596680,1.1596680
12118706,-254,1789,987,4,-17,19,-0.1240234,0.8735352,0.4819336,0.2441406,-1.0375977,1.1596680
12120705,-251,1788,989,3,-17,19,-0.1225586,0.8730469,0.4829102,0.1831055,-1.0375977,1.1596680
12122705,-250,1786,988,3,-18,19,-0.1220703,0.8720703,0.4824219,0.1831055,-1.0986328,1.1596680
12124704,-252,1787,989,3,-18,19,-0.1230469,0.8725586,0.4829102,0.1831055,-1.0986328,1.1596680
12126703,-253,1787,988,3,-17,19,-0.1235352,0.8725586,0.4824219,0.1831055,-1.0375977,1.1596680
12128703,-253,1786,989,3,-17,20,-0.1235352,0.8720703,0.4829102,0.1831055,-1.0375977,1.2207031
12130702,-254,1787,989,3,-16,20,-0.1240234,0.8725586,0.4829102,0.1831055,-0.9765625,1.2207031
12132701,-253,1786,987,4,-18,20,-0.1235352,0.8720703,0.4819336,0.2441406,-1.0986328,1.2207031
12134701,-254,1785,990,4,-19,20,-0.1240234,0.8715820,0.4833984,0.2441406,-1.1596680,1.2207031
12136700,-252,1785,987,3,-18,20,-0.1230469,0.8715820,0.4819336,0.1831055,-1.0986328,1.2207031
12138699,-251,1786,985,4,-18,20,-0.1225586,0.8720703,0.4809570,0.2441406,-1.0986328,1.2207031
12140698,-251,1787,985,4,-17,19,-0.1225586,0.8725586,0.4809570,0.2441406,-1.0375977,1.1596680
12142698,-251,1785,983,3,-18,19,-0.1225586,0.8715820,0.4799805,0.1831055,-1.0986328,1.1596680
12144697,-255,1784,987,3,-17,19,-0.1245117,0.8710938,0.4819336,0.1831055,-1.0375977,1.1596680
12146696,-252,1786,986,2,-17,18,-0.1230469,0.8720703,0.4814453,0.1220703,-1.0375977,1.0986328
12148696,-254,1784,989,3,-18,19,-0.1240234,0.8710938,0.4829102,0.1831055,-1.0986328,1.1596680
12150695,-250,1786,990,3,-18,19,-0.1220703,0.8720703,0.4833984,0.1831055,-1.0986328,1.1596680
12152694,-252,1790,990,3,-18,18,-0.1230469,0.8740234,0.4833984,0.1831055,-1.0986328,1.0986328
12154694,-252,1784,989,3,-18,19,-0.1230469,0.8710938,0.4829102,0.1831055,-1.0986328,1.1596680
12156693,-254,1786,987,4,-18,19,-0.1240234,0.8720703,0.4819336,0.2441406,-1.0986328,1.1596680
12158692,-254,1786,988,3,-17,19,-0.1240234,0.8720703,0.4824219,0.1831055,-1.0375977,1.1596680
12160692,-252,1790,987,3,-17,20,-0.1230469,0.8740234,0.4819336,0.1831055,-1.0375977,1.2207031
12162691,-254,1790,984,3,-18,20,-0.1240234,0.8740234,0.4804688,0.1831055,-1.0986328,1.2207031
12164690,-256,1786,990,4,-19,19,-0.1250000,0.8720703,0.4833984,0.2441406,-1.1596680,1.1596680
12166690,-254,1788,986,4,-18,19,-0.1240234,0.8730469,0.4814453,0.2441406,-1.0986328,1.1596680
12168689,-257,1785,988,4,-17,19,-0.1254883,0.8715820,0.4824219,0.2441406,-1.0375977,1.1596680
12170688,-253,1783,988,4,-18,19,-0.1235352,0.8706055,0.4824219,0.2441406,-1.0986328,1.1596680
12172687,-250,1787,988,4,-18,19,-0.1220703,0.8725586,0.4824219,0.2441406,-1.0986328,1.1596680
12174687,-248,1783,988,4,-19,21,-0.1210938,0.8706055,0.4824219,0.2441406,-1.1596680,1.2817383
12176686,-249,1784,986,4,-18,20,-0.1215820,0.8710938,0.4814453,0.2441406,-1.0986328,1.2207031
12178685,-252,1784,987,4,-19,19,-0.1230469,0.8710938,0.4819336,0.2441406,-1.1596680,1.1596680
12180685,-251,1783,986,3,-17,20,-0.1225586,0.8706055,0.4814453,0.1831055,-1.0375977,1.2207031
12182684,-251,1787,984,2,-18,19,-0.1225586,0.8725586,0.4804688,0.1220703,-1.0986328,1.1596680
12184683,-256,1786,984,2,-19,19,-0.1250000,0.8720703,0.4804688,0.1220703,-1.1596680,1.1596680
12186683,-252,1787,989,3,-18,18,-0.1230469,0.8725586,0.4829102,0.1831055,-1.0986328,1.0986328
12188682,-253,1784,986,3,-17,19,-0.1235352,0.8710938,0.4814453,0.1831055,-1.0375977,1.1596680
12190681,-253,1786,987,3,-18,17,-0.1235352,0.8720703,0.4819336,0.1831055,-1.0986328,1.0375977
12192681,-253,1784,986,3,-18,18,-0.1235352,0.8710938,0.4814453,0.1831055,-1.0986328,1.0986328
12194680,-251,1787,990,3,-18,19,-0.1225586,0.8725586,0.4833984,0.1831055,-1.0986328,1.1596680
12196679,-255,1788,987,4,-17,19,-0.1245117,0.8730469,0.4819336,0.2441406,-1.0375977,1.1596680
12198679,-255,1790,988,3,-17,19,-0.1245117,0.8740234,0.4824219,0.1831055,-1.0375977,1.1596680
12200678,-254,1792,987,3,-18,18,-0.1240234,0.8750000,0.4819336,0.1831055,-1.0986328,1.0986328
12202677,-252,1791,987,3,-18,19,-0.1230469,0.8745117,0.4819336,0.1831055,-1.0986328,1.1596680
12204676,-253,1788,991,2,-18,21,-0.1235352,0.8730469,0.4838867,0.1220703,-1.0986328,1.2817383
12206676,-256,1786,986,5,-18,19,-0.1250000,0.8720703,0.4814453,0.3051758,-1.0986328,1.1596680
12208675,-254,1787,988,2,-17,19,-0.1240234,0.8725586,0.4824219,0.1220703,-1.0375977,1.1596680
12210674,-253,1785,987,4,-17,20,-0.1235352,0.8715820,0.4819336,0.2441406,-1.0375977,1.2207031
12212674,-252,1784,987,3,-17,20,-0.1230469,0.8710938,0.4819336,0.1831055,-1.0375977,1.2207031
12214673,-251,1785,985,4,-18,21,-0.1225586,0.8715820,0.4809570,0.2441406,-1.0986328,1.2817383
12216672,-251,1784,985,2,-18,19,-0.1225586,0.8710938,0.4809570,0.1220703,-1.0986328,1.1596680
12218672,-253,1785,986,3,-19,20,-0.1235352,0.8715820,0.4814453,0.1831055,-1.1596680,1.2207031
12220671,-252,1783,985,1,-17,20,-0.1230469,0.8706055,0.4809570,0.0610352,-1.0375977,1.2207031
12222670,-252,1786,986,3,-18,19,-0.1230469,0.8720703,0.4814453,0.1831055,-1.0986328,1.1596680
12224670,-249,1782,984,3,-19,20,-0.1215820,0.8701172,0.4804688,0.1831055,-1.1596680,1.2207031
12226669,-250,1784,985,4,-18,18,-0.1220703,0.8710938,0.4809570,0.2441406,-1.0986328,1.0986328
12228668,-252,1786,983,3,-18,18,-0.1230469,0.8720703,0.4799805,0.1831055,-1.0986328,1.0986328
12230668,-254,1785,983,3,-18,19,-0.1240234,0.8715820,0.4799805,0.1831055,-1.0986328,1.1596680
12232667,-252,1787,986,4,-17,19,-0.1230469,0.8725586,0.4814453,0.2441406,-1.0375977,1.1596680
12234666,-253,1787,988,1,-18,19,-0.1235352,0.8725586,0.4824219,0.0610352,-1.0986328,1.1596680
12236665,-255,1786,989,3,-18,18,-0.1245117,0.8720703,0.4829102,0.1831055,-1.0986328,1.0986328
12238665,-254,1788,988,2,-17,19,-0.1240234,0.8730469,0.4824219,0.1220703,-1.0375977,1.1596680
12240664,-253,1786,990,4,-18,19,-0.1235352,0.8720703,0.4833984,0.2441406,-1.0986328,1.1596680
12242663,-251,1788,990,3,-18,18,-0.1225586,0.8730469,0.4833984,0.1831055,-1.0986328,1.0986328
12244663,-255,1787,991,2,-18,19,-0.1245117,0.8725586,0.4838867,0.1220703,-1.0986328,1.1596680
12246662,-253,1790,991,2,-17,18,-0.1235352,0.8740234,0.4838867,0.1220703,-1.0375977,1.0986328
12248661,-254,1789,989,4,-18,19,-0.1240234,0.8735352,0.4829102,0.2441406,-1.0986328,1.1596680
12250661,-253,1787,990,3,-18,19,-0.1235352,0.8725586,0.4833984,0.1831055,-1.0986328,1.1596680
12252660,-253,1785,989,3,-17,20,-0.1235352,0.8715820,0.4829102,0.1831055,-1.0375977,1.2207031
12254659,-252,1784,988,3,-18,21,-0.1230469,0.8710938,0.4824219,0.1831055,-1.0986328,1.2817383
12256659,-253,1784,989,4,-16,20,-0.1235352,0.8710938,0.4829102,0.2441406,-0.9765625,1.2207031
12258658,-250,1782,986,2,-17,20,-0.1220703,0.8701172,0.4814453,0.1220703,-1.0375977,1.2207031
12260657,-250,1783,988,3,-18,19,-0.1220703,0.8706055,0.4824219,0.1831055,-1.0986328,1.1596680
12262657,-256,1785,988,3,-18,20,-0.1250000,0.8715820,0.4824219,0.1831055,-1.0986328,1.2207031
12264656,-251,1786,983,3,-18,20,-0.1225586,0.8720703,0.4799805,0.1831055,-1.0986328,1.2207031
12266655,-249,1783,987,4,-18,21,-0.1215820,0.8706055,0.4819336,0.2441406,-1.0986328,1.2817383
12268654,-247,1783,986,3,-18,20,-0.1206055,0.8706055,0.4814453,0.1831055,-1.0986328,1.2207031
12270654,-254,1786,985,3,-19,19,-0.1240234,0.8720703,0.4809570,0.1831055,-1.1596680,1.1596680
12272653,-251,1785,982,4,-18,18,-0.1225586,0.8715820,0.4794922,0.2441406,-1.0986328,1.0986328
12274652,-250,1784,983,4,-17,19,-0.1220703,0.8710938,0.4799805,0.2441406,-1.0375977,1.1596680
12276652,-252,1785,988,4,-19,19,-0.1230469,0.8715820,0.4824219,0.2441406,-1.1596680,1.1596680
12278651,-252,1785,983,2,-18,17,-0.1230469,0.8715820,0.4799805,0.1220703,-1.0986328,1.0375977
12280650,-255,1789,988,3,-19,18,-0.1245117,0.8735352,0.4824219,0.1831055,-1.1596680,1.0986328
12282650,-255,1789,988,3,-17,18,-0.1245117,0.8735352,0.4824219,0.1831055,-1.0375977,1.0986328
12284649,-252,1788,986,2,-18,19,-0.1230469,0.8730469,0.4814453,0.1220703,-1.0986328,1.1596680
12286648,-256,1789,992,3,-17,19,-0.1250000,0.8735352,0.4843750,0.1831055,-1.0375977,1.1596680
12288648,-256,1789,988,3,-17,18,-0.1250000,0.8735352,0.4824219,0.1831055,-1.0375977,1.0986328
12290647,-254,1788,988,4,-17,19,-0.1240234,0.8730469,0.4824219,0.2441406,-1.0375977,1.1596680
12292646,-254,1787,990,3,-18,20,-0.1240234,0.8725586,0.4833984,0.1831055,-1.0986328,1.2207031
12294646,-251,1790,990,4,-17,19,-0.1225586,0.8740234,0.4833984,0.2441406,-1.0375977,1.1596680
12296645,-253,1784,987,3,-18,21,-0.1235352,0.8710938,0.4819336,0.1831055,-1.0986328,1.2817383
12298644,-250,1783,985,3,-17,20,-0.1220703,0.8706055,0.4809570,0.1831055,-1.0375977,1.2207031
12300643,-254,1786,989,4,-18,19,-0.1240234,0.8720703,0.4829102,0.2441406,-1.0986328,1.1596680
12302643,-252,1785,991,4,-18,20,-0.1230469,0.8715820,0.4838867,0.2441406,-1.0986328,1.2207031
12304642,-250,1783,987,4,-18,20,-0.1220703,0.8706055,0.4819336,0.2441406,-1.0986328,1.2207031
12306641,-252,1784,985,5,-19,20,-0.1230469,0.8710938,0.4809570,0.3051758,-1.1596680,1.2207031
12308641,-251,1782,987,3,-18,20,-0.1225586,0.8701172,0.4819336,0.1831055,-1.0986328,1.2207031
12310640,-251,1784,986,2,-17,19,-0.1225586,0.8710938,0.4814453,0.1220703,-1.0375977,1.1596680
12312639,-251,1785,985,4,-18,19,-0.1225586,0.8715820,0.4809570,0.2441406,-1.0986328,1.1596680
12314639,-250,1786,989,3,-17,19,-0.1220703,0.8720703,0.4829102,0.1831055,-1.0375977,1.1596680
12316638,-253,1783,987,2,-19,19,-0.1235352,0.8706055,0.4819336,0.1220703,-1.1596680,1.1596680
12318637,-255,1787,985,3,-19,18,-0.1245117,0.8725586,0.4809570,0.1831055,-1.1596680,1.0986328
12320637,-257,1787,987,4,-17,19,-0.1254883,0.8725586,0.4819336,0.2441406,-1.0375977,1.1596680
12322636,-254,1785,991,2,-18,19,-0.1240234,0.8715820,0.4838867,0.1220703,-1.0986328,1.1596680
12324635,-253,1787,988,2,-19,18,-0.1235352,0.8725586,0.4824219,0.1220703,-1.1596680,1.0986328
12326635,-255,1788,989,3,-17,17,-0.1245117,0.8730469,0.4829102,0.1831055,-1.0375977,1.0375977
12328634,-255,1788,985,3,-17,18,-0.1245117,0.8730469,0.4809570,0.1831055,-1.0375977,1.0986328
12330633,-256,1790,989,3,-18,20,-0.1250000,0.8740234,0.4829102,0.1831055,-1.0986328,1.2207031
12332632,-254,1786,990,3,-18,19,-0.1240234,0.8720703,0.4833984,0.1831055,-1.0986328,1.1596680
12334632,-252,1789,988,3,-18,19,-0.1230469,0.8735352,0.4824219,0.1831055,-1.0986328,1.1596680
12336631,-254,1788,989,3,-18,20,-0.1240234,0.8730469,0.4829102,0.1831055,-1.0986328,1.2207031
12338630,-252,1787,988,4,-18,19,-0.1230469,0.8725586,0.4824219,0.2441406,-1.0986328,1.1596680
12340630,-251,1787,988,5,-18,20,-0.1225586,0.8725586,0.4824219,0.3051758,-1.0986328,1.2207031
12342629,-253,1782,986,4,-19,19,-0.1235352,0.8701172,0.4814453,0.2441406,-1.1596680,1.1596680
12344628,-252,1786,988,3,-18,19,-0.1230469,0.8720703,0.4824219,0.1831055,-1.0986328,1.1596680
12346628,-252,1786,985,3,-19,20,-0.1230469,0.8720703,0.4809570,0.1831055,-1.1596680,1.2207031
12348627,-250,1785,984,3,-18,20,-0.1220703,0.8715820,0.4804688,0.1831055,-1.0986328,1.2207031
12350626,-254,1781,987,4,-18,20,-0.1240234,0.8696289,0.4819336,0.2441406,-1.0986328,1.2207031
12352626,-249,1784,985,3,-18,19,-0.1215820,0.8710938,0.4809570,0.1831055,-1.0986328,1.1596680
12354625,-251,1785,985,3,-18,19,-0.1225586,0.8715820,0.4809570,0.1831055,-1.0986328,1.1596680
12356624,-255,1783,984,3,-17,19,-0.1245117,0.8706055,0.4804688,0.1831055,-1.0375977,1.1596680
12358624,-252,1782,987,3,-18,18,-0.1230469,0.8701172,0.4819336,0.1831055,-1.0986328,1.0986328
12360623,-254,1785,986,3,-18,18,-0.1240234,0.8715820,0.4814453,0.1831055,-1.0986328,1.0986328
12362622,-254,1784,987,3,-19,19,-0.1240234,0.8710938,0.4819336,0.1831055,-1.1596680,1.1596680
12364621,-251,1788,989,3,-18,19,-0.1225586,0.8730469,0.4829102,0.1831055,-1.0986328,1.1596680
12366621,-254,1786,987,2,-18,18,-0.1240234,0.8720703,0.4819336,0.1220703,-1.0986328,1.0986328
12368620,-253,1785,990,3,-18,19,-0.1235352,0.8715820,0.4833984,0.1831055,-1.0986328,1.1596680
12370619,-252,1783,987,3,-18,20,-0.1230469,0.8706055,0.4819336,0.1831055,-1.0986328,1.2207031
12372619,-255,1787,989,4,-18,18,-0.1245117,0.8725586,0.4829102,0.2441406,-1.0986328,1.0986328
12374618,-253,1787,985,4,-17,19,-0.1235352,0.8725586,0.4809570,0.2441406,-1.0375977,1.1596680
12376617,-254,1787,988,3,-18,18,-0.1240234,0.8725586,0.4824219,0.1831055,-1.0986328,1.0986328
12378617,-253,1786,987,4,-18,20,-0.1235352,0.8720703,0.4819336,0.2441406,-1.0986328,1.2207031
12380616,-253,1792,988,3,-18,21,-0.1235352,0.8750000,0.4824219,0.1831055,-1.0986328,1.2817383
12382615,-255,1785,989,4,-18,19,-0.1245117,0.8715820,0.4829102,0.2441406,-1.0986328,1.1596680
12384615,-254,1785,988,4,-18,20,-0.1240234,0.8715820,0.4824219,0.2441406,-1.0986328,1.2207031
12386614,-254,1785,989,4,-18,20,-0.1240234,0.8715820,0.4829102,0.2441406,-1.0986328,1.2207031
12388613,-249,1783,989,4,-18,21,-0.1215820,0.8706055,0.4829102,0.2441406,-1.0986328,1.2817383
12390613,-251,1784,985,3,-18,19,-0.1225586,0.8710938,0.4809570,0.1831055,-1.0986328,1.1596680
12392612,-251,1783,985,3,-18,20,-0.1225586,0.8706055,0.4809570,0.1831055,-1.0986328,1.2207031
12394611,-249,1781,986,3,-17,20,-0.1215820,0.8696289,0.4814453,0.1831055,-1.0375977,1.2207031
12396610,-250,1783,985,4,-18,20,-0.1220703,0.8706055,0.4809570,0.2441406,-1.0986328,1.2207031
12398610,-251,1787,986,2,-18,19,-0.1225586,0.8725586,0.4814453,0.1220703,-1.0986328,1.1596680
12400609,-252,1786,984,2,-19,19,-0.1230469,0.8720703,0.4804688,0.1220703,-1.1596680,1.1596680
12402608,-253,1786,990,2,-20,19,-0.1235352,0.8720703,0.4833984,0.1220703,-1.2207031,1.1596680
12404608,-254,1784,987,3,-18,18,-0.1240234,0.8710938,0.4819336,0.1831055,-1.0986328,1.0986328
12406607,-252,1789,988,3,-18,18,-0.1230469,0.8735352,0.4824219,0.1831055,-1.0986328,1.0986328
12408606,-254,1786,990,2,-19,19,-0.1240234,0.8720703,0.4833984,0.1220703,-1.1596680,1.1596680
12410606,-254,1786,989,3,-18,18,-0.1240234,0.8720703,0.4829102,0.1831055,-1.0986328,1.0986328
12412605,-253,1788,989,2,-18,19,-0.1235352,0.8730469,0.4829102,0.1220703,-1.0986328,1.1596680
12414604,-254,1786,986,3,-18,19,-0.1240234,0.8720703,0.4814453,0.1831055,-1.0986328,1.1596680
12416604,-253,1785,990,3,-18,18,-0.1235352,0.8715820,0.4833984,0.1831055,-1.0986328,1.0986328
12418603,-251,1787,987,3,-19,20,-0.1225586,0.8725586,0.4819336,0.1831055,-1.1596680,1.2207031
12420602,-255,1788,989,4,-18,19,-0.1245117,0.8730469,0.4829102,0.2441406,-1.0986328,1.1596680
12422602,-256,1787,989,4,-17,19,-0.1250000,0.8725586,0.4829102,0.2441406,-1.0375977,1.1596680
12424601,-251,1787,985,3,-18,19,-0.1225586,0.8725586,0.4809570,0.1831055,-1.0986328,1.1596680
12426600,-252,1785,990,2,-18,19,-0.1230469,0.8715820,0.4833984,0.1220703,-1.0986328,1.1596680
12428599,-250,1784,984,3,-18,20,-0.1220703,0.8710938,0.4804688,0.1831055,-1.0986328,1.2207031
12430599,-252,1784,986,4,-18,20,-0.1230469,0.8710938,0.4814453,0.2441406,-1.0986328,1.2207031
12432598,-254,1783,983,4,-18,21,-0.1240234,0.8706055,0.4799805,0.2441406,-1.0986328,1.2817383
12434597,-253,1783,986,3,-17,19,-0.1235352,0.8706055,0.4814453,0.1831055,-1.0375977,1.1596680
12436597,-249,1782,983,4,-18,20,-0.1215820,0.8701172,0.4799805,0.2441406,-1.0986328,1.2207031
12438596,-251,1782,980,3,-18,20,-0.1225586,0.8701172,0.4785156,0.1831055,-1.0986328,1.2207031
12440595,-256,1786,982,4,-18,20,-0.1250000,0.8720703,0.4794922,0.2441406,-1.0986328,1.2207031
12442595,-253,1786,984,4,-18,18,-0.1235352,0.8720703,0.4804688,0.2441406,-1.0986328,1.0986328
12444594,-252,1783,986,3,-18,18,-0.1230469,0.8706055,0.4814453,0.1831055,-1.0986328,1.0986328
12446593,-252,1786,987,3,-19,18,-0.1230469,0.8720703,0.4819336,0.1831055,-1.1596680,1.0986328
12448593,-251,1787,989,3,-19,18,-0.1225586,0.8725586,0.4829102,0.1831055,-1.1596680,1.0986328
12450592,-253,1788,988,3,-19,17,-0.1235352,0.8730469,0.4824219,0.1831055,-1.1596680,1.0375977
12452591,-252,1790,987,2,-19,19,-0.1230469,0.8740234,0.4819336,0.1220703,-1.1596680,1.1596680
12454591,-253,1788,986,3,-18,19,-0.1235352,0.8730469,0.4814453,0.1831055,-1.0986328,1.1596680
12456590,-252,1786,986,4,-18,19,-0.1230469,0.8720703,0.4814453,0.2441406,-1.0986328,1.1596680
12458589,-255,1789,988,3,-18,18,-0.1245117,0.8735352,0.4824219,0.1831055,-1.0986328,1.0986328
12460588,-254,1786,990,4,-18,18,-0.1240234,0.8720703,0.4833984,0.2441406,-1.0986328,1.0986328
12462588,-253,1787,989,3,-17,19,-0.1235352,0.8725586,0.4829102,0.1831055,-1.0375977,1.1596680
12464587,-252,1788,990,3,-17,19,-0.1230469,0.8730469,0.4833984,0.1831055,-1.0375977,1.1596680
12466586,-255,1788,988,2,-19,20,-0.1245117,0.8730469,0.4824219,0.1220703,-1.1596680,1.2207031
12468586,-250,1787,987,4,-18,19,-0.1220703,0.8725586,0.4819336,0.2441406,-1.0986328,1.1596680
12470585,-251,1786,986,4,-18,20,-0.1225586,0.8720703,0.4814453,0.2441406,-1.0986328,1.2207031
12472584,-250,1783,985,4,-17,19,-0.1220703,0.8706055,0.4809570,0.2441406,-1.0375977,1.1596680
12474584,-250,1786,986,4,-18,21,-0.1220703,0.8720703,0.4814453,0.2441406,-1.0986328,1.2817383
12476583,-252,1782,987,4,-17,20,-0.1230469,0.8701172,0.4819336,0.2441406,-1.0375977,1.2207031
12478582,-251,1783,982,3,-19,20,-0.1225586,0.8706055,0.4794922,0.1831055,-1.1596680,1.2207031
12480582,-250,1783,984,3,-19,19,-0.1220703,0.8706055,0.4804688,0.1831055,-1.1596680,1.1596680
12482581,-249,1781,987,3,-18,19,-0.1215820,0.8696289,0.4819336,0.1831055,-1.0986328,1.1596680
12484580,-250,1783,983,3,-19,19,-0.1220703,0.8706055,0.4799805,0.1831055,-1.1596680,1.1596680
12486580,-250,1785,985,2,-18,19,-0.1220703,0.8715820,0.4809570,0.1220703,-1.0986328,1.1596680
12488579,-250,1783,990,3,-19,17,-0.1220703,0.8706055,0.4833984,0.1831055,-1.1596680,1.0375977
12490578,-253,1789,989,2,-17,18,-0.1235352,0.8735352,0.4829102,0.1220703,-1.0375977,1.0986328
12492577,-256,1790,987,3,-17,16,-0.1250000,0.8740234,0.4819336,0.1831055,-1.0375977,0.9765625
12494577,-256,1787,989,3,-18,17,-0.1250000,0.8725586,0.4829102,0.1831055,-1.0986328,1.0375977
12496576,-252,1788,988,4,-18,17,-0.1230469,0.8730469,0.4824219,0.2441406,-1.0986328,1.0375977
12498575,-253,1791,992,4,-18,18,-0.1235352,0.8745117,0.4843750,0.2441406,-1.0986328,1.0986328
12500575,-254,1791,988,5,-16,19,-0.1240234,0.8745117,0.4824219,0.3051758,-0.9765625,1.1596680
12502574,-254,1786,989,4,-17,19,-0.1240234,0.8720703,0.4829102,0.2441406,-1.0375977,1.1596680
12504573,-255,1788,989,3,-18,19,-0.1245117,0.8730469,0.4829102,0.1831055,-1.0986328,1.1596680
12506573,-251,1786,991,4,-18,20,-0.1225586,0.8720703,0.4838867,0.2441406,-1.0986328,1.2207031
12508572,-251,1787,986,3,-17,21,-0.1225586,0.8725586,0.4814453,0.1831055,-1.0375977,1.2817383
12510571,-251,1787,989,4,-17,20,-0.1225586,0.8725586,0.4829102,0.2441406,-1.0375977,1.2207031
12512571,-252,1783,987,3,-18,20,-0.1230469,0.8706055,0.4819336,0.1831055,-1.0986328,1.2207031
12514570,-254,1783,985,4,-18,21,-0.1240234,0.8706055,0.4809570,0.2441406,-1.0986328,1.2817383
12516569,-249,1783,982,4,-17,20,-0.1215820,0.8706055,0.4794922,0.2441406,-1.0375977,1.2207031
12518569,-249,1783,985,4,-17,20,-0.1215820,0.8706055,0.4809570,0.2441406,-1.0375977,1.2207031
12520568,-247,1783,984,3,-18,20,-0.1206055,0.8706055,0.4804688,0.1831055,-1.0986328,1.2207031
12522567,-250,1781,983,4,-18,20,-0.1220703,0.8696289,0.4799805,0.2441406,-1.0986328,1.2207031
12524566,-253,1778,987,4,-17,18,-0.1235352,0.8681641,0.4819336,0.2441406,-1.0375977,1.0986328
12526566,-251,1783,987,3,-18,18,-0.1225586,0.8706055,0.4819336,0.1831055,-1.0986328,1.0986328
12528565,-251,1786,987,4,-18,18,-0.1225586,0.8720703,0.4819336,0.2441406,-1.0986328,1.0986328
12530564,-250,1784,988,2,-19,18,-0.1220703,0.8710938,0.4824219,0.1220703,-1.1596680,1.0986328
12532564,-254,1784,986,3,-19,19,-0.1240234,0.8710938,0.4814453,0.1831055,-1.1596680,1.1596680
12534563,-254,1786,987,3,-19,18,-0.1240234,0.8720703,0.4819336,0.1831055,-1.1596680,1.0986328
12536562,-254,1786,987,1,-18,18,-0.1240234,0.8720703,0.4819336,0.0610352,-1.0986328,1.0986328
12538562,-250,1791,991,2,-18,18,-0.1220703,0.8745117,0.4838867,0.1220703,-1.0986328,1.0986328
12540561,-252,1795,990,4,-18,18,-0.1230469,0.8764648,0.4833984,0.2441406,-1.0986328,1.0986328
12542560,-252,1791,991,4,-18,19,-0.1230469,0.8745117,0.4838867,0.2441406,-1.0986328,1.1596680
12544560,-254,1790,991,3,-17,18,-0.1240234,0.8740234,0.4838867,0.1831055,-1.0375977,1.0986328
12546559,-255,1791,992,3,-16,18,-0.1245117,0.8745117,0.4843750,0.1831055,-0.9765625,1.0986328
12548558,-256,1789,991,4,-17,19,-0.1250000,0.8735352,0.4838867,0.2441406,-1.0375977,1.1596680
12550558,-256,1788,987,3,-17,20,-0.1250000,0.8730469,0.4819336,0.1831055,-1.0375977,1.2207031
12552557,-256,1789,987,4,-17,20,-0.1250000,0.8735352,0.4819336,0.2441406,-1.0375977,1.2207031
12554556,-252,1784,986,5,-18,21,-0.1230469,0.8710938,0.4814453,0.3051758,-1.0986328,1.2817383
12556555,-254,1785,986,4,-18,20,-0.1240234,0.8715820,0.4814453,0.2441406,-1.0986328,1.2207031
12558555,-252,1783,986,3,-18,22,-0.1230469,0.8706055,0.4814453,0.1831055,-1.0986328,1.3427734
12560554,-249,1780,982,3,-18,21,-0.1215820,0.8691406,0.4794922,0.1831055,-1.0986328,1.2817383
12562553,-253,1783,988,3,-18,20,-0.1235352,0.8706055,0.4824219,0.1831055,-1.0986328,1.2207031
12564553,-252,1782,985,2,-18,19,-0.1230469,0.8701172,0.4809570,0.1220703,-1.0986328,1.1596680
12566552,-249,1781,982,3,-18,19,-0.1215820,0.8696289,0.4794922,0.1831055,-1.0986328,1.1596680
12568551,-251,1783,986,3,-17,19,-0.1225586,0.8706055,0.4814453,0.1831055,-1.0375977,1.1596680
12570551,-249,1784,985,3,-19,19,-0.1215820,0.8710938,0.4809570,0.1831055,-1.1596680,1.1596680
12572550,-248,1784,986,3,-18,17,-0.1210938,0.8710938,0.4814453,0.1831055,-1.0986328,1.0375977
12574549,-251,1787,986,3,-18,17,-0.1225586,0.8725586,0.4814453,0.1831055,-1.0986328,1.0375977
12576549,-252,1788,987,3,-18,16,-0.1230469,0.8730469,0.4819336,0.1831055,-1.0986328,0.9765625
12578548,-255,1789,988,3,-17,17,-0.1245117,0.8735352,0.4824219,0.1831055,-1.0375977,1.0375977
12580547,-255,1790,991,1,-18,18,-0.1245117,0.8740234,0.4838867,0.0610352,-1.0986328,1.0986328
12582547,-254,1789,991,1,-18,17,-0.1240234,0.8735352,0.4838867,0.0610352,-1.0986328,1.0375977
12584546,-252,1790,989,2,-18,18,-0.1230469,0.8740234,0.4829102,0.1220703,-1.0986328,1.0986328
12586545,-256,1791,988,4,-18,19,-0.1250000,0.8745117,0.4824219,0.2441406,-1.0986328,1.1596680
12588544,-252,1788,987,3,-18,20,-0.1230469,0.8730469,0.4819336,0.1831055,-1.0986328,1.2207031
12590544,-253,1793,988,4,-18,20,-0.1235352,0.8754883,0.4824219,0.2441406,-1.0986328,1.2207031
12592543,-251,1788,992,4,-18,20,-0.1225586,0.8730469,0.4843750,0.2441406,-1.0986328,1.2207031
12594542,-255,1787,988,4,-17,19,-0.1245117,0.8725586,0.4824219,0.2441406,-1.0375977,1.1596680
12596542,-252,1786,990,5,-18,21,-0.1230469,0.8720703,0.4833984,0.3051758,-1.0986328,1.2817383
12598541,-252,1789,988,5,-18,20,-0.1230469,0.8735352,0.4824219,0.3051758,-1.0986328,1.2207031
12600540,-251,1787,987,4,-19,20,-0.1225586,0.8725586,0.4819336,0.2441406,-1.1596680,1.2207031
12602540,-254,1784,986,5,-18,21,-0.1240234,0.8710938,0.4814453,0.3051758,-1.0986328,1.2817383
12604539,-252,1785,984,6,-18,21,-0.1230469,0.8715820,0.4804688,0.3662109,-1.0986328,1.2817383
12606538,-248,1783,984,4,-20,22,-0.1210938,0.8706055,0.4804688,0.2441406,-1.2207031,1.3427734
12608538,-248,1779,983,4,-19,21,-0.1210938,0.8686523,0.4799805,0.2441406,-1.1596680,1.2817383
12610537,-252,1781,984,3,-19,21,-0.1230469,0.8696289,0.4804688,0.1831055,-1.1596680,1.2817383
12612536,-251,1786,985,3,-19,20,-0.1225586,0.8720703,0.4809570,0.1831055,-1.1596680,1.2207031
12614536,-251,1784,984,3,-18,20,-0.1225586,0.8710938,0.4804688,0.1831055,-1.0986328,1.2207031
12616535,-253,1785,988,3,-18,18,-0.1235352,0.8715820,0.4824219,0.1831055,-1.0986328,1.0986328
12618534,-251,1782,986,2,-19,19,-0.1225586,0.8701172,0.4814453,0.1220703,-1.1596680,1.1596680
12620533,-254,1790,986,3,-18,18,-0.1240234,0.8740234,0.4814453,0.1831055,-1.0986328,1.0986328
12622533,-250,1787,988,2,-17,19,-0.1220703,0.8725586,0.4824219,0.1220703,-1.0375977,1.1596680
12624532,-252,1788,992,3,-18,17,-0.1230469,0.8730469,0.4843750,0.1831055,-1.0986328,1.0375977
12626531,-253,1790,989,3,-17,18,-0.1235352,0.8740234,0.4829102,0.1831055,-1.0375977,1.0986328
12628531,-253,1787,987,3,-18,18,-0.1235352,0.8725586,0.4819336,0.1831055,-1.0986328,1.0986328
12630530,-255,1791,993,2,-18,18,-0.1245117,0.8745117,0.4848633,0.1220703,-1.0986328,1.0986328
12632529,-254,1788,991,2,-17,18,-0.1240234,0.8730469,0.4838867,0.1220703,-1.0375977,1.0986328
12634529,-254,1790,989,4,-17,20,-0.1240234,0.8740234,0.4829102,0.2441406,-1.0375977,1.2207031
12636528,-253,1787,988,4,-17,20,-0.1235352,0.8725586,0.4824219,0.2441406,-1.0375977,1.2207031
12638527,-252,1786,986,4,-16,20,-0.1230469,0.8720703,0.4814453,0.2441406,-0.9765625,1.2207031
12640527,-252,1783,985,3,-17,20,-0.1230469,0.8706055,0.4809570,0.1831055,-1.0375977,1.2207031
12642526,-254,1785,987,3,-17,20,-0.1240234,0.8715820,0.4819336,0.1831055,-1.0375977,1.2207031
12644525,-251,1785,983,2,-17,20,-0.1225586,0.8715820,0.4799805,0.1220703,-1.0375977,1.2207031
12646525,-250,1784,985,3,-18,20,-0.1220703,0.8710938,0.4809570,0.1831055,-1.0986328,1.2207031
12648524,-253,1781,982,1,-18,20,-0.1235352,0.8696289,0.4794922,0.0610352,-1.0986328,1.2207031
12650523,-247,1784,984,4,-17,19,-0.1206055,0.8710938,0.4804688,0.2441406,-1.0375977,1.1596680
12652522,-250,1786,985,2,-18,18,-0.1220703,0.8720703,0.4809570,0.1220703,-1.0986328,1.0986328
12654522,-252,1782,986,4,-18,18,-0.1230469,0.8701172,0.4814453,0.2441406,-1.0986328,1.0986328
12656521,-252,1780,985,3,-18,18,-0.1230469,0.8691406,0.4809570,0.1831055,-1.0986328,1.0986328
12658520,-252,1785,988,3,-18,17,-0.1230469,0.8715820,0.4824219,0.1831055,-1.0986328,1.0375977
12660520,-250,1786,985,2,-18,17,-0.1220703,0.8720703,0.4809570,0.1220703,-1.0986328,1.0375977
12662519,-252,1786,986,3,-18,17,-0.1230469,0.8720703,0.4814453,0.1831055,-1.0986328,1.0375977
12664518,-253,1789,989,1,-18,17,-0.1235352,0.8735352,0.4829102,0.0610352,-1.0986328,1.0375977
12666518,-252,1790,992,2,-18,19,-0.1230469,0.8740234,0.4843750,0.1220703,-1.0986328,1.1596680
12668517,-254,1788,988,3,-18,19,-0.1240234,0.8730469,0.4824219,0.1831055,-1.0986328,1.1596680
12670516,-258,1790,989,2,-18,19,-0.1259766,0.8740234,0.4829102,0.1220703,-1.0986328,1.1596680
12672516,-254,1789,993,4,-18,19,-0.1240234,0.8735352,0.4848633,0.2441406,-1.0986328,1.1596680
12674515,-253,1790,991,3,-18,20,-0.1235352,0.8740234,0.4838867,0.1831055,-1.0986328,1.2207031
12676514,-256,1784,990,4,-18,20,-0.1250000,0.8710938,0.4833984,0.2441406,-1.0986328,1.2207031
12678514,-251,1790,988,5,-17,19,-0.1225586,0.8740234,0.4824219,0.3051758,-1.0375977,1.1596680
12680513,-253,1788,986,6,-17,21,-0.1235352,0.8730469,0.4814453,0.3662109,-1.0375977,1.2817383
12682512,-253,1785,986,5,-19,21,-0.1235352,0.8715820,0.4814453,0.3051758,-1.1596680,1.2817383
12684511,-251,1784,985,4,-19,21,-0.1225586,0.8710938,0.4809570,0.2441406,-1.1596680,1.2817383
12686511,-256,1781,981,4,-18,21,-0.1250000,0.8696289,0.4790039,0.2441406,-1.0986328,1.2817383
12688510,-251,1785,986,4,-17,20,-0.1225586,0.8715820,0.4814453,0.2441406,-1.0375977,1.2207031
12690509,-250,1783,986,5,-19,19,-0.1220703,0.8706055,0.4814453,0.3051758,-1.1596680,1.1596680
12692509,-251,1780,984,3,-18,20,-0.1225586,0.8691406,0.4804688,0.1831055,-1.0986328,1.2207031
12694508,-251,1779,984,4,-18,19,-0.1225586,0.8686523,0.4804688,0.2441406,-1.0986328,1.1596680
12696507,-253,1785,989,3,-17,19,-0.1235352,0.8715820,0.4829102,0.1831055,-1.0375977,1.1596680
12698507,-253,1785,986,3,-18,19,-0.1235352,0.8715820,0.4814453,0.1831055,-1.0986328,1.1596680
12700506,-255,1785,989,2,-18,19,-0.1245117,0.8715820,0.4829102,0.1220703,-1.0986328,1.1596680
12702505,-252,1785,988,2,-19,18,-0.1230469,0.8715820,0.4824219,0.1220703,-1.1596680,1.0986328
12704505,-251,1789,988,3,-18,18,-0.1225586,0.8735352,0.4824219,0.1831055,-1.0986328,1.0986328
12706504,-251,1788,990,2,-18,18,-0.1225586,0.8730469,0.4833984,0.1220703,-1.0986328,1.0986328
12708503,-253,1786,987,2,-19,18,-0.1235352,0.8720703,0.4819336,0.1220703,-1.1596680,1.0986328
12710503,-251,1788,984,3,-17,18,-0.1225586,0.8730469,0.4804688,0.1831055,-1.0375977,1.0986328
12712502,-254,1790,989,3,-17,18,-0.1240234,0.8740234,0.4829102,0.1831055,-1.0375977,1.0986328
12714501,-253,1788,990,2,-18,18,-0.1235352,0.8730469,0.4833984,0.1220703,-1.0986328,1.0986328
12716500,-254,1788,991,3,-18,19,-0.1240234,0.8730469,0.4838867,0.1831055,-1.0986328,1.1596680
12718500,-256,1789,986,3,-18,19,-0.1250000,0.8735352,0.4814453,0.1831055,-1.0986328,1.1596680
12720499,-253,1787,987,4,-16,20,-0.1235352,0.8725586,0.4819336,0.2441406,-0.9765625,1.2207031
12722498,-251,1783,989,3,-17,20,-0.1225586,0.8706055,0.4829102,0.1831055,-1.0375977,1.2207031
12724498,-251,1784,985,3,-17,20,-0.1225586,0.8710938,0.4809570,0.1831055,-1.0375977,1.2207031
12726497,-253,1782,981,4,-18,21,-0.1235352,0.8701172,0.4790039,0.2441406,-1.0986328,1.2817383
12728496,-252,1782,991,5,-18,20,-0.1230469,0.8701172,0.4838867,0.3051758,-1.0986328,1.2207031
12730496,-251,1779,985,4,-18,20,-0.1225586,0.8686523,0.4809570,0.2441406,-1.0986328,1.2207031
12732495,-251,1781,986,3,-18,18,-0.1225586,0.8696289,0.4814453,0.1831055,-1.0986328,1.0986328
12734494,-252,1783,987,2,-19,19,-0.1230469,0.8706055,0.4819336,0.1220703,-1.1596680,1.1596680
12736494,-251,1784,985,3,-17,19,-0.1225586,0.8710938,0.4809570,0.1831055,-1.0375977,1.1596680
12738493,-254,1784,986,3,-18,19,-0.1240234,0.8710938,0.4814453,0.1831055,-1.0986328,1.1596680
12740492,-252,1788,985,2,-19,18,-0.1230469,0.8730469,0.4809570,0.1220703,-1.1596680,1.0986328
12742492,-254,1785,986,3,-18,18,-0.1240234,0.8715820,0.4814453,0.1831055,-1.0986328,1.0986328
12744491,-253,1784,988,3,-18,18,-0.1235352,0.8710938,0.4824219,0.1831055,-1.0986328,1.0986328
12746490,-253,1788,991,2,-18,17,-0.1235352,0.8730469,0.4838867,0.1220703,-1.0986328,1.0375977
12748489,-253,1791,988,3,-18,17,-0.1235352,0.8745117,0.4824219,0.1831055,-1.0986328,1.0375977
12750489,-253,1789,988,4,-18,17,-0.1235352,0.8735352,0.4824219,0.2441406,-1.0986328,1.0375977
12752488,-254,1790,989,2,-17,20,-0.1240234,0.8740234,0.4829102,0.1220703,-1.0375977,1.2207031
12754487,-253,1789,989,3,-18,18,-0.1235352,0.8735352,0.4829102,0.1831055,-1.0986328,1.0986328
12756487,-254,1787,987,4,-18,19,-0.1240234,0.8725586,0.4819336,0.2441406,-1.0986328,1.1596680
12758486,-255,1788,988,3,-16,20,-0.1245117,0.8730469,0.4824219,0.1831055,-0.9765625,1.2207031
12760485,-254,1787,988,4,-17,20,-0.1240234,0.8725586,0.4824219,0.2441406,-1.0375977,1.2207031
12762485,-251,1785,988,5,-17,19,-0.1225586,0.8715820,0.4824219,0.3051758,-1.0375977,1.1596680
12764484,-254,1784,986,3,-18,20,-0.1240234,0.8710938,0.4814453,0.1831055,-1.0986328,1.2207031
12766483,-252,1784,983,4,-18,21,-0.1230469,0.8710938,0.4799805,0.2441406,-1.0986328,1.2817383
12768483,-255,1786,985,4,-17,20,-0.1245117,0.8720703,0.4809570,0.2441406,-1.0375977,1.2207031
12770482,-254,1782,983,3,-17,21,-0.1240234,0.8701172,0.4799805,0.1831055,-1.0375977,1.2817383
12772481,-252,1784,987,2,-17,20,-0.1230469,0.8710938,0.4819336,0.1220703,-1.0375977,1.2207031
12774481,-254,1784,986,5,-17,19,-0.1240234,0.8710938,0.4814453,0.3051758,-1.0375977,1.1596680
12776480,-252,1785,985,3,-18,19,-0.1230469,0.8715820,0.4809570,0.1831055,-1.0986328,1.1596680
12778479,-250,1784,984,3,-18,19,-0.1220703,0.8710938,0.4804688,0.1831055,-1.0986328,1.1596680
12780478,-251,1784,985,3,-18,18,-0.1225586,0.8710938,0.4809570,0.1831055,-1.0986328,1.0986328
12782478,-251,1785,988,2,-18,19,-0.1225586,0.8715820,0.4824219,0.1220703,-1.0986328,1.1596680
12784477,-252,1787,988,2,-18,17,-0.1230469,0.8725586,0.4824219,0.1220703,-1.0986328,1.0375977
12786476,-251,1788,989,2,-18,18,-0.1225586,0.8730469,0.4829102,0.1220703,-1.0986328,1.0986328
12788476,-253,1787,990,3,-18,18,-0.1235352,0.8725586,0.4833984,0.1831055,-1.0986328,1.0986328
12790475,-253,1787,991,3,-18,17,-0.1235352,0.8725586,0.4838867,0.1831055,-1.0986328,1.0375977
12792474,-254,1788,989,3,-18,18,-0.1240234,0.8730469,0.4829102,0.1831055,-1.0986328,1.0986328
12794474,-251,1790,990,3,-17,18,-0.1225586,0.8740234,0.4833984,0.1831055,-1.0375977,1.0986328
12796473,-256,1789,988,4,-18,19,-0.1250000,0.8735352,0.4824219,0.2441406,-1.0986328,1.1596680
12798472,-254,1788,989,4,-19,19,-0.1240234,0.8730469,0.4829102,0.2441406,-1.1596680,1.1596680
12800472,-257,1788,991,4,-18,20,-0.1254883,0.8730469,0.4838867,0.2441406,-1.0986328,1.2207031
12802471,-250,1785,989,5,-18,20,-0.1220703,0.8715820,0.4829102,0.3051758,-1.0986328,1.2207031
12804470,-252,1784,990,5,-18,20,-0.1230469,0.8710938,0.4833984,0.3051758,-1.0986328,1.2207031
12806470,-252,1785,987,5,-17,19,-0.1230469,0.8715820,0.4819336,0.3051758,-1.0375977,1.1596680
12808469,-253,1786,985,5,-18,19,-0.1235352,0.8720703,0.4809570,0.3051758,-1.0986328,1.1596680
12810468,-252,1783,984,4,-18,21,-0.1230469,0.8706055,0.4804688,0.2441406,-1.0986328,1.2817383
12812467,-250,1784,986,5,-18,21,-0.1220703,0.8710938,0.4814453,0.3051758,-1.0986328,1.2817383
12814467,-251,1786,989,4,-19,21,-0.1225586,0.8720703,0.4829102,0.2441406,-1.1596680,1.2817383
12816466,-253,1783,985,4,-19,21,-0.1235352,0.8706055,0.4809570,0.2441406,-1.1596680,1.2817383
12818465,-252,1784,984,3,-19,21,-0.1230469,0.8710938,0.4804688,0.1831055,-1.1596680,1.2817383
12820465,-250,1785,985,3,-19,20,-0.1220703,0.8715820,0.4809570,0.1831055,-1.1596680,1.2207031
12822464,-253,1785,985,3,-19,19,-0.1235352,0.8715820,0.4809570,0.1831055,-1.1596680,1.1596680
12824463,-255,1783,987,3,-19,19,-0.1245117,0.8706055,0.4819336,0.1831055,-1.1596680,1.1596680
12826463,-252,1784,989,2,-19,18,-0.1230469,0.8710938,0.4829102,0.1220703,-1.1596680,1.0986328
12828462,-254,1783,986,4,-17,18,-0.1240234,0.8706055,0.4814453,0.2441406,-1.0375977,1.0986328
12830461,-250,1785,987,3,-19,19,-0.1220703,0.8715820,0.4819336,0.1831055,-1.1596680,1.1596680
12832461,-252,1787,988,3,-19,19,-0.1230469,0.8725586,0.4824219,0.1831055,-1.1596680,1.1596680
12834460,-255,1788,987,2,-17,18,-0.1245117,0.8730469,0.4819336,0.1220703,-1.0375977,1.0986328
12836459,-254,1788,989,2,-18,18,-0.1240234,0.8730469,0.4829102,0.1220703,-1.0986328,1.0986328
12838459,-253,1788,991,4,-18,18,-0.1235352,0.8730469,0.4838867,0.2441406,-1.0986328,1.0986328
12840458,-254,1785,990,3,-19,18,-0.1240234,0.8715820,0.4833984,0.1831055,-1.1596680,1.0986328
12842457,-254,1787,988,3,-18,19,-0.1240234,0.8725586,0.4824219,0.1831055,-1.0986328,1.1596680
12844456,-255,1786,987,4,-17,18,-0.1245117,0.8720703,0.4819336,0.2441406,-1.0375977,1.0986328
12846456,-253,1788,984,3,-18,20,-0.1235352,0.8730469,0.4804688,0.1831055,-1.0986328,1.2207031
12848455,-252,1785,991,5,-17,20,-0.1230469,0.8715820,0.4838867,0.3051758,-1.0375977,1.2207031
12850454,-251,1784,985,4,-18,21,-0.1225586,0.8710938,0.4809570,0.2441406,-1.0986328,1.2817383
12852454,-254,1786,986,4,-17,19,-0.1240234,0.8720703,0.4814453,0.2441406,-1.0375977,1.1596680
12854453,-255,1786,985,3,-17,19,-0.1245117,0.8720703,0.4809570,0.1831055,-1.0375977,1.1596680
12856452,-249,1786,986,3,-18,19,-0.1215820,0.8720703,0.4814453,0.1831055,-1.0986328,1.1596680
12858452,-251,1783,985,3,-17,20,-0.1225586,0.8706055,0.4809570,0.1831055,-1.0375977,1.2207031
12860451,-254,1785,987,2,-19,19,-0.1240234,0.8715820,0.4819336,0.1220703,-1.1596680,1.1596680
12862450,-255,1782,986,4,-18,19,-0.1245117,0.8701172,0.4814453,0.2441406,-1.0986328,1.1596680
12864450,-252,1785,988,3,-18,18,-0.1230469,0.8715820,0.4824219,0.1831055,-1.0986328,1.0986328
12866449,-251,1784,986,4,-18,18,-0.1225586,0.8710938,0.4814453,0.2441406,-1.0986328,1.0986328
12868448,-252,1785,988,2,-18,18,-0.1230469,0.8715820,0.4824219,0.1220703,-1.0986328,1.0986328
12870448,-254,1788,990,3,-18,18,-0.1240234,0.8730469,0.4833984,0.1831055,-1.0986328,1.0986328
12872447,-253,1786,990,3,-18,18,-0.1235352,0.8720703,0.4833984,0.1831055,-1.0986328,1.0986328
12874446,-254,1786,989,3,-18,19,-0.1240234,0.8720703,0.4829102,0.1831055,-1.0986328,1.1596680
12876445,-254,1789,989,2,-18,19,-0.1240234,0.8735352,0.4829102,0.1220703,-1.0986328,1.1596680
12878445,-252,1787,988,2,-18,18,-0.1230469,0.8725586,0.4824219,0.1220703,-1.0986328,1.0986328
12880444,-253,1788,989,2,-18,19,-0.1235352,0.8730469,0.4829102,0.1220703,-1.0986328,1.1596680
12882443,-255,1788,987,4,-18,19,-0.1245117,0.8730469,0.4819336,0.2441406,-1.0986328,1.1596680
12884443,-255,1789,987,3,-18,19,-0.1245117,0.8735352,0.4819336,0.1831055,-1.0986328,1.1596680
12886442,-253,1789,988,4,-18,20,-0.1235352,0.8735352,0.4824219,0.2441406,-1.0986328,1.2207031
12888441,-252,1786,988,4,-18,20,-0.1230469,0.8720703,0.4824219,0.2441406,-1.0986328,1.2207031
12890441,-249,1786,988,5,-18,20,-0.1215820,0.8720703,0.4824219,0.3051758,-1.0986328,1.2207031
12892440,-251,1785,987,4,-18,20,-0.1225586,0.8715820,0.4819336,0.2441406,-1.0986328,1.2207031
12894439,-248,1786,989,4,-17,20,-0.1210938,0.8720703,0.4829102,0.2441406,-1.0375977,1.2207031
12896439,-254,1785,992,3,-18,20,-0.1240234,0.8715820,0.4843750,0.1831055,-1.0986328,1.2207031
12898438,-252,1787,987,4,-17,19,-0.1230469,0.8725586,0.4819336,0.2441406,-1.0375977,1.1596680
12900437,-253,1783,989,3,-18,20,-0.1235352,0.8706055,0.4829102,0.1831055,-1.0986328,1.2207031
12902437,-251,1784,990,4,-17,21,-0.1225586,0.8710938,0.4833984,0.2441406,-1.0375977,1.2817383
12904436,-251,1784,984,5,-18,20,-0.1225586,0.8710938,0.4804688,0.3051758,-1.0986328,1.2207031
12906435,-250,1786,985,3,-18,19,-0.1220703,0.8720703,0.4809570,0.1831055,-1.0986328,1.1596680
12908434,-251,1785,987,3,-18,18,-0.1225586,0.8715820,0.4819336,0.1831055,-1.0986328,1.0986328
12910434,-253,1785,987,2,-18,19,-0.1235352,0.8715820,0.4819336,0.1220703,-1.0986328,1.1596680
12912433,-253,1788,988,3,-18,19,-0.1235352,0.8730469,0.4824219,0.1831055,-1.0986328,1.1596680
12914432,-253,1789,989,2,-17,18,-0.1235352,0.8735352,0.4829102,0.1220703,-1.0375977,1.0986328
12916432,-249,1789,989,3,-18,19,-0.1215820,0.8735352,0.4829102,0.1831055,-1.0986328,1.1596680
12918431,-250,1786,986,3,-19,18,-0.1220703,0.8720703,0.4814453,0.1831055,-1.1596680,1.0986328
12920430,-250,1790,988,4,-18,18,-0.1220703,0.8740234,0.4824219,0.2441406,-1.0986328,1.0986328
12922430,-252,1788,987,4,-18,18,-0.1230469,0.8730469,0.4819336,0.2441406,-1.0986328,1.0986328
12924429,-254,1788,989,5,-17,20,-0.1240234,0.8730469,0.4829102,0.3051758,-1.0375977,1.2207031
12926428,-253,1785,991,3,-17,20,-0.1235352,0.8715820,0.4838867,0.1831055,-1.0375977,1.2207031
12928428,-254,1786,988,5,-18,19,-0.1240234,0.8720703,0.4824219,0.3051758,-1.0986328,1.1596680
12930427,-254,1788,988,4,-18,19,-0.1240234,0.8730469,0.4824219,0.2441406,-1.0986328,1.1596680
12932426,-254,1785,986,3,-17,20,-0.1240234,0.8715820,0.4814453,0.1831055,-1.0375977,1.2207031
12934426,-254,1786,989,4,-17,20,-0.1240234,0.8720703,0.4829102,0.2441406,-1.0375977,1.2207031
12936425,-251,1783,988,4,-18,21,-0.1225586,0.8706055,0.4824219,0.2441406,-1.0986328,1.2817383
12938424,-250,1782,985,3,-18,20,-0.1220703,0.8701172,0.4809570,0.1831055,-1.0986328,1.2207031
12940423,-252,1786,985,5,-18,20,-0.1230469,0.8720703,0.4809570,0.3051758,-1.0986328,1.2207031
12942423,-254,1784,983,4,-18,19,-0.1240234,0.8710938,0.4799805,0.2441406,-1.0986328,1.1596680
12944422,-253,1785,986,4,-18,19,-0.1235352,0.8715820,0.4814453,0.2441406,-1.0986328,1.1596680
12946421,-250,1785,984,3,-19,19,-0.1220703,0.8715820,0.4804688,0.1831055,-1.1596680,1.1596680
12948421,-253,1783,987,3,-18,18,-0.1235352,0.8706055,0.4819336,0.1831055,-1.0986328,1.0986328
12950420,-253,1783,984,3,-17,19,-0.1235352,0.8706055,0.4804688,0.1831055,-1.0375977,1.1596680
12952419,-251,1785,988,2,-18,17,-0.1225586,0.8715820,0.4824219,0.1220703,-1.0986328,1.0375977
12954419,-251,1787,987,2,-18,18,-0.1225586,0.8725586,0.4819336,0.1220703,-1.0986328,1.0986328
12956418,-252,1786,988,3,-18,18,-0.1230469,0.8720703,0.4824219,0.1831055,-1.0986328,1.0986328
12958417,-255,1787,990,3,-19,17,-0.1245117,0.8725586,0.4833984,0.1831055,-1.1596680,1.0375977
12960417,-257,1789,988,2,-18,18,-0.1254883,0.8735352,0.4824219,0.1220703,-1.0986328,1.0986328
12962416,-253,1788,991,4,-18,18,-0.1235352,0.8730469,0.4838867,0.2441406,-1.0986328,1.0986328
12964415,-253,1788,991,3,-17,18,-0.1235352,0.8730469,0.4838867,0.1831055,-1.0375977,1.0986328
12966415,-253,1788,990,3,-17,18,-0.1235352,0.8730469,0.4833984,0.1831055,-1.0375977,1.0986328
12968414,-254,1786,990,3,-18,19,-0.1240234,0.8720703,0.4833984,0.1831055,-1.0986328,1.1596680
12970413,-252,1788,991,3,-18,19,-0.1230469,0.8730469,0.4838867,0.1831055,-1.0986328,1.1596680
12972412,-251,1787,990,3,-18,20,-0.1225586,0.8725586,0.4833984,0.1831055,-1.0986328,1.2207031
12974412,-252,1789,992,2,-17,21,-0.1230469,0.8735352,0.4843750,0.1220703,-1.0375977,1.2817383
12976411,-253,1787,990,3,-18,20,-0.1235352,0.8725586,0.4833984,0.1831055,-1.0986328,1.2207031
12978410,-254,1785,987,3,-17,20,-0.1240234,0.8715820,0.4819336,0.1831055,-1.0375977,1.2207031
12980410,-255,1784,987,2,-18,20,-0.1245117,0.8710938,0.4819336,0.1220703,-1.0986328,1.2207031
12982409,-250,1783,988,3,-18,20,-0.1220703,0.8706055,0.4824219,0.1831055,-1.0986328,1.2207031
12984408,-251,1784,986,4,-18,20,-0.1225586,0.8710938,0.4814453,0.2441406,-1.0986328,1.2207031
12986408,-254,1779,986,3,-17,21,-0.1240234,0.8686523,0.4814453,0.1831055,-1.0375977,1.2817383
12988407,-250,1783,988,4,-17,19,-0.1220703,0.8706055,0.4824219,0.2441406,-1.0375977,1.1596680
12990406,-250,1784,986,3,-17,20,-0.1220703,0.8710938,0.4814453,0.1831055,-1.0375977,1.2207031
12992406,-251,1784,986,3,-19,19,-0.1225586,0.8710938,0.4814453,0.1831055,-1.1596680,1.1596680
12994405,-253,1787,988,2,-18,18,-0.1235352,0.8725586,0.4824219,0.1220703,-1.0986328,1.0986328
12996404,-253,1784,989,2,-18,19,-0.1235352,0.8710938,0.4829102,0.1220703,-1.0986328,1.1596680
12998404,-252,1785,987,4,-18,19,-0.1230469,0.8715820,0.4819336,0.2441406,-1.0986328,1.1596680
13000403,-252,1785,990,2,-17,19,-0.1230469,0.8715820,0.4833984,0.1220703,-1.0375977,1.1596680
13002402,-250,1787,991,3,-18,19,-0.1220703,0.8725586,0.4838867,0.1831055,-1.0986328,1.1596680
13004401,-250,1790,987,3,-19,18,-0.1220703,0.8740234,0.4819336,0.1831055,-1.1596680,1.0986328
13006401,-253,1791,988,3,-18,19,-0.1235352,0.8745117,0.4824219,0.1831055,-1.0986328,1.1596680
13008400,-255,1788,991,3,-17,18,-0.1245117,0.8730469,0.4838867,0.1831055,-1.0375977,1.0986328
13010399,-255,1790,989,3,-18,19,-0.1245117,0.8740234,0.4829102,0.1831055,-1.0986328,1.1596680
13012399,-254,1787,988,4,-18,19,-0.1240234,0.8725586,0.4824219,0.2441406,-1.0986328,1.1596680
13014398,-256,1788,990,4,-19,19,-0.1250000,0.8730469,0.4833984,0.2441406,-1.1596680,1.1596680
13016397,-253,1788,989,4,-19,20,-0.1235352,0.8730469,0.4829102,0.2441406,-1.1596680,1.2207031
13018397,-253,1787,989,5,-18,20,-0.1235352,0.8725586,0.4829102,0.3051758,-1.0986328,1.2207031
13020396,-251,1785,988,4,-18,20,-0.1225586,0.8715820,0.4824219,0.2441406,-1.0986328,1.2207031
13022395,-250,1784,987,4,-18,21,-0.1220703,0.8710938,0.4819336,0.2441406,-1.0986328,1.2817383
13024395,-252,1783,986,5,-18,22,-0.1230469,0.8706055,0.4814453,0.3051758,-1.0986328,1.3427734
13026394,-252,1780,984,5,-18,21,-0.1230469,0.8691406,0.4804688,0.3051758,-1.0986328,1.2817383
13028393,-250,1782,986,4,-17,20,-0.1220703,0.8701172,0.4814453,0.2441406,-1.0375977,1.2207031
13030393,-252,1784,983,3,-19,20,-0.1230469,0.8710938,0.4799805,0.1831055,-1.1596680,1.2207031
13032392,-251,1783,983,3,-18,19,-0.1225586,0.8706055,0.4799805,0.1831055,-1.0986328,1.1596680
13034391,-252,1786,985,3,-18,19,-0.1230469,0.8720703,0.4809570,0.1831055,-1.0986328,1.1596680
13036390,-246,1784,987,3,-19,19,-0.1201172,0.8710938,0.4819336,0.1831055,-1.1596680,1.1596680
13038390,-251,1784,989,4,-19,18,-0.1225586,0.8710938,0.4829102,0.2441406,-1.1596680,1.0986328
13040389,-250,1786,989,2,-18,19,-0.1220703,0.8720703,0.4829102,0.1220703,-1.0986328,1.1596680
13042388,-254,1786,987,3,-18,19,-0.1240234,0.8720703,0.4819336,0.1831055,-1.0986328,1.1596680
13044388,-253,1784,990,1,-18,18,-0.1235352,0.8710938,0.4833984,0.0610352,-1.0986328,1.0986328
13046387,-252,1789,990,1,-18,18,-0.1230469,0.8735352,0.4833984,0.0610352,-1.0986328,1.0986328
13048386,-254,1788,988,4,-18,19,-0.1240234,0.8730469,0.4824219,0.2441406,-1.0986328,1.1596680
13050386,-253,1786,987,2,-17,19,-0.1235352,0.8720703,0.4819336,0.1220703,-1.0375977,1.1596680
13052385,-253,1787,990,3,-17,18,-0.1235352,0.8725586,0.4833984,0.1831055,-1.0375977,1.0986328
13054384,-250,1789,989,3,-17,18,-0.1220703,0.8735352,0.4829102,0.1831055,-1.0375977,1.0986328
13056384,-251,1789,993,5,-18,19,-0.1225586,0.8735352,0.4848633,0.3051758,-1.0986328,1.1596680
13058383,-254,1787,990,3,-17,20,-0.1240234,0.8725586,0.4833984,0.1831055,-1.0375977,1.2207031
13060382,-254,1788,990,3,-18,21,-0.1240234,0.8730469,0.4833984,0.1831055,-1.0986328,1.2817383
13062382,-253,1785,988,4,-18,20,-0.1235352,0.8715820,0.4824219,0.2441406,-1.0986328,1.2207031
13064381,-254,1787,987,3,-17,19,-0.1240234,0.8725586,0.4819336,0.1831055,-1.0375977,1.1596680
13066380,-251,1788,987,4,-17,19,-0.1225586,0.8730469,0.4819336,0.2441406,-1.0375977,1.1596680
13068379,-249,1783,986,4,-18,20,-0.1215820,0.8706055,0.4814453,0.2441406,-1.0986328,1.2207031
13070379,-252,1783,986,3,-18,20,-0.1230469,0.8706055,0.4814453,0.1831055,-1.0986328,1.2207031
13072378,-252,1782,987,4,-17,19,-0.1230469,0.8701172,0.4819336,0.2441406,-1.0375977,1.1596680
13074377,-250,1784,988,3,-18,19,-0.1220703,0.8710938,0.4824219,0.1831055,-1.0986328,1.1596680
13076377,-250,1785,984,2,-18,19,-0.1220703,0.8715820,0.4804688,0.1220703,-1.0986328,1.1596680
13078376,-254,1784,984,1,-18,19,-0.1240234,0.8710938,0.4804688,0.0610352,-1.0986328,1.1596680
13080375,-252,1786,986,2,-18,20,-0.1230469,0.8720703,0.4814453,0.1220703,-1.0986328,1.2207031
13082375,-254,1783,989,3,-18,18,-0.1240234,0.8706055,0.4829102,0.1831055,-1.0986328,1.0986328
13084374,-253,1785,989,1,-18,18,-0.1235352,0.8715820,0.4829102,0.0610352,-1.0986328,1.0986328
13086373,-254,1785,987,2,-18,19,-0.1240234,0.8715820,0.4819336,0.1220703,-1.0986328,1.1596680
13088373,-253,1786,990,3,-18,19,-0.1235352,0.8720703,0.4833984,0.1831055,-1.0986328,1.1596680
13090372,-254,1786,992,2,-17,18,-0.1240234,0.8720703,0.4843750,0.1220703,-1.0375977,1.0986328
13092371,-254,1788,990,3,-17,19,-0.1240234,0.8730469,0.4833984,0.1831055,-1.0375977,1.1596680
13094371,-253,1789,992,3,-18,18,-0.1235352,0.8735352,0.4843750,0.1831055,-1.0986328,1.0986328
13096370,-252,1789,991,2,-18,20,-0.1230469,0.8735352,0.4838867,0.1220703,-1.0986328,1.2207031
13098369,-253,1788,990,3,-18,19,-0.1235352,0.8730469,0.4833984,0.1831055,-1.0986328,1.1596680
13100368,-253,1789,988,4,-17,20,-0.1235352,0.8735352,0.4824219,0.2441406,-1.0375977,1.2207031
13102368,-253,1784,989,4,-17,20,-0.1235352,0.8710938,0.4829102,0.2441406,-1.0375977,1.2207031
13104367,-254,1787,988,4,-17,19,-0.1240234,0.8725586,0.4824219,0.2441406,-1.0375977,1.1596680
13106366,-254,1785,988,5,-18,20,-0.1240234,0.8715820,0.4824219,0.3051758,-1.0986328,1.2207031
13108366,-252,1787,986,3,-18,19,-0.1230469,0.8725586,0.4814453,0.1831055,-1.0986328,1.1596680
13110365,-254,1785,986,4,-18,19,-0.1240234,0.8715820,0.4814453,0.2441406,-1.0986328,1.1596680
13112364,-251,1784,988,4,-17,20,-0.1225586,0.8710938,0.4824219,0.2441406,-1.0375977,1.2207031
13114364,-251,1783,988,5,-19,20,-0.1225586,0.8706055,0.4824219,0.3051758,-1.1596680,1.2207031
13116363,-255,1786,988,3,-18,20,-0.1245117,0.8720703,0.4824219,0.1831055,-1.0986328,1.2207031
13118362,-251,1784,987,3,-19,21,-0.1225586,0.8710938,0.4819336,0.1831055,-1.1596680,1.2817383
13120362,-250,1783,987,4,-20,19,-0.1220703,0.8706055,0.4819336,0.2441406,-1.2207031,1.1596680
13122361,-249,1785,989,4,-18,18,-0.1215820,0.8715820,0.4829102,0.2441406,-1.0986328,1.0986328
13124360,-250,1785,987,2,-19,19,-0.1220703,0.8715820,0.4819336,0.1220703,-1.1596680,1.1596680
13126360,-251,1784,988,3,-17,19,-0.1225586,0.8710938,0.4824219,0.1831055,-1.0375977,1.1596680
13128359,-251,1785,986,2,-18,18,-0.1225586,0.8715820,0.4814453,0.1220703,-1.0986328,1.0986328
13130358,-254,1784,987,2,-19,20,-0.1240234,0.8710938,0.4819336,0.1220703,-1.1596680,1.2207031
13132357,-253,1786,991,3,-18,19,-0.1235352,0.8720703,0.4838867,0.1831055,-1.0986328,1.1596680
13134357,-254,1784,991,3,-18,19,-0.1240234,0.8710938,0.4838867,0.1831055,-1.0986328,1.1596680
13136356,-254,1785,988,3,-18,19,-0.1240234,0.8715820,0.4824219,0.1831055,-1.0986328,1.1596680
13138355,-252,1788,988,3,-18,19,-0.1230469,0.8730469,0.4824219,0.1831055,-1.0986328,1.1596680
13140355,-253,1788,992,3,-18,19,-0.1235352,0.8730469,0.4843750,0.1831055,-1.0986328,1.1596680
13142354,-253,1785,989,4,-17,20,-0.1235352,0.8715820,0.4829102,0.2441406,-1.0375977,1.2207031
13144353,-253,1786,987,3,-18,20,-0.1235352,0.8720703,0.4819336,0.1831055,-1.0986328,1.2207031
13146353,-256,1788,986,3,-17,19,-0.1250000,0.8730469,0.4814453,0.1831055,-1.0375977,1.1596680
13148352,-254,1785,987,3,-17,18,-0.1240234,0.8715820,0.4819336,0.1831055,-1.0375977,1.0986328
13150351,-249,1785,983,5,-17,19,-0.1215820,0.8715820,0.4799805,0.3051758,-1.0375977,1.1596680
13152351,-251,1782,987,4,-17,20,-0.1225586,0.8701172,0.4819336,0.2441406,-1.0375977,1.2207031
13154350,-251,1786,988,4,-18,20,-0.1225586,0.8720703,0.4824219,0.2441406,-1.0986328,1.2207031
13156349,-252,1784,987,5,-17,19,-0.1230469,0.8710938,0.4819336,0.3051758,-1.0375977,1.1596680
13158349,-254,1785,985,4,-17,20,-0.1240234,0.8715820,0.4809570,0.2441406,-1.0375977,1.2207031
13160348,-253,1782,985,4,-17,18,-0.1235352,0.8701172,0.4809570,0.2441406,-1.0375977,1.0986328
13162347,-252,1788,986,3,-17,18,-0.1230469,0.8730469,0.4814453,0.1831055,-1.0375977,1.0986328
13164346,-253,1784,986,3,-18,19,-0.1235352,0.8710938,0.4814453,0.1831055,-1.0986328,1.1596680
13166346,-254,1786,985,3,-19,19,-0.1240234,0.8720703,0.4809570,0.1831055,-1.1596680,1.1596680
13168345,-252,1788,984,4,-18,18,-0.1230469,0.8730469,0.4804688,0.2441406,-1.0986328,1.0986328
13170344,-251,1787,988,3,-17,19,-0.1225586,0.8725586,0.4824219,0.1831055,-1.0375977,1.1596680
13172344,-254,1787,984,2,-18,19,-0.1240234,0.8725586,0.4804688,0.1220703,-1.0986328,1.1596680
13174343,-252,1785,989,2,-17,20,-0.1230469,0.8715820,0.4829102,0.1220703,-1.0375977,1.2207031
13176342,-253,1788,990,4,-17,19,-0.1235352,0.8730469,0.4833984,0.2441406,-1.0375977,1.1596680
13178342,-252,1786,992,3,-18,19,-0.1230469,0.8720703,0.4843750,0.1831055,-1.0986328,1.1596680
13180341,-256,1787,991,3,-17,17,-0.1250000,0.8725586,0.4838867,0.1831055,-1.0375977,1.0375977
13182340,-254,1786,989,4,-18,19,-0.1240234,0.8720703,0.4829102,0.2441406,-1.0986328,1.1596680
13184340,-255,1785,991,3,-18,19,-0.1245117,0.8715820,0.4838867,0.1831055,-1.0986328,1.1596680
13186339,-252,1786,990,3,-18,19,-0.1230469,0.8720703,0.4833984,0.1831055,-1.0986328,1.1596680
13188338,-252,1782,988,3,-19,20,-0.1230469,0.8701172,0.4824219,0.1831055,-1.1596680,1.2207031
13190338,-256,1784,987,2,-17,20,-0.1250000,0.8710938,0.4819336,0.1220703,-1.0375977,1.2207031
13192337,-255,1785,984,2,-18,19,-0.1245117,0.8715820,0.4804688,0.1220703,-1.0986328,1.1596680
13194336,-253,1782,984,3,-18,20,-0.1235352,0.8701172,0.4804688,0.1831055,-1.0986328,1.2207031
13196335,-251,1785,986,4,-18,20,-0.1225586,0.8715820,0.4814453,0.2441406,-1.0986328,1.2207031
13198335,-251,1783,987,3,-17,19,-0.1225586,0.8706055,0.4819336,0.1831055,-1.0375977,1.1596680
13200334,-254,1786,988,4,-18,18,-0.1240234,0.8720703,0.4824219,0.2441406,-1.0986328,1.0986328
13202333,-253,1784,988,3,-18,18,-0.1235352,0.8710938,0.4824219,0.1831055,-1.0986328,1.0986328
13204333,-251,1789,991,5,-18,18,-0.1225586,0.8735352,0.4838867,0.3051758,-1.0986328,1.0986328
13206332,-251,1788,989,3,-19,17,-0.1225586,0.8730469,0.4829102,0.1831055,-1.1596680,1.0375977
13208331,-255,1785,988,4,-19,18,-0.1245117,0.8715820,0.4824219,0.2441406,-1.1596680,1.0986328
13210331,-256,1788,989,2,-17,18,-0.1250000,0.8730469,0.4829102,0.1220703,-1.0375977,1.0986328
13212330,-251,1788,989,4,-17,18,-0.1225586,0.8730469,0.4829102,0.2441406,-1.0375977,1.0986328
13214329,-252,1788,990,3,-19,18,-0.1230469,0.8730469,0.4833984,0.1831055,-1.1596680,1.0986328
13216329,-255,1787,992,2,-17,17,-0.1245117,0.8725586,0.4843750,0.1220703,-1.0375977,1.0375977
13218328,-258,1786,990,2,-18,19,-0.1259766,0.8720703,0.4833984,0.1220703,-1.0986328,1.1596680
13220327,-253,1788,990,3,-18,19,-0.1235352,0.8730469,0.4833984,0.1831055,-1.0986328,1.1596680
13222327,-253,1785,988,3,-18,20,-0.1235352,0.8715820,0.4824219,0.1831055,-1.0986328,1.2207031
13224326,-252,1783,990,2,-18,20,-0.1230469,0.8706055,0.4833984,0.1220703,-1.0986328,1.2207031
13226325,-252,1784,986,2,-19,21,-0.1230469,0.8710938,0.4814453,0.1220703,-1.1596680,1.2817383
13228324,-256,1784,987,3,-18,21,-0.1250000,0.8710938,0.4819336,0.1831055,-1.0986328,1.2817383
13230324,-251,1784,988,4,-17,20,-0.1225586,0.8710938,0.4824219,0.2441406,-1.0375977,1.2207031
13232323,-251,1783,988,3,-18,20,-0.1225586,0.8706055,0.4824219,0.1831055,-1.0986328,1.2207031
13234322,-252,1783,985,5,-19,20,-0.1230469,0.8706055,0.4809570,0.3051758,-1.1596680,1.2207031
13236322,-256,1784,988,4,-18,19,-0.1250000,0.8710938,0.4824219,0.2441406,-1.0986328,1.1596680
13238321,-253,1785,987,3,-17,19,-0.1235352,0.8715820,0.4819336,0.1831055,-1.0375977,1.1596680
13240320,-246,1783,986,4,-18,19,-0.1201172,0.8706055,0.4814453,0.2441406,-1.0986328,1.1596680
13242320,-249,1785,986,4,-19,19,-0.1215820,0.8715820,0.4814453,0.2441406,-1.1596680,1.1596680
13244319,-252,1783,985,3,-20,19,-0.1230469,0.8706055,0.4809570,0.1831055,-1.2207031,1.1596680
13246318,-252,1785,986,4,-19,19,-0.1230469,0.8715820,0.4814453,0.2441406,-1.1596680,1.1596680
13248318,-251,1786,989,2,-17,19,-0.1225586,0.8720703,0.4829102,0.1220703,-1.0375977,1.1596680
13250317,-250,1785,987,3,-19,19,-0.1220703,0.8715820,0.4819336,0.1831055,-1.1596680,1.1596680
13252316,-251,1787,990,3,-19,18,-0.1225586,0.8725586,0.4833984,0.1831055,-1.1596680,1.0986328
13254316,-253,1789,989,4,-19,19,-0.1235352,0.8735352,0.4829102,0.2441406,-1.1596680,1.1596680
13256315,-254,1791,990,4,-17,19,-0.1240234,0.8745117,0.4833984,0.2441406,-1.0375977,1.1596680
13258314,-251,1791,992,5,-19,19,-0.1225586,0.8745117,0.4843750,0.3051758,-1.1596680,1.1596680
13260313,-253,1788,992,4,-19,19,-0.1235352,0.8730469,0.4843750,0.2441406,-1.1596680,1.1596680
13262313,-253,1790,992,4,-19,20,-0.1235352,0.8740234,0.4843750,0.2441406,-1.1596680,1.2207031
13264312,-256,1788,991,4,-17,20,-0.1250000,0.8730469,0.4838867,0.2441406,-1.0375977,1.2207031
13266311,-254,1788,990,5,-17,19,-0.1240234,0.8730469,0.4833984,0.3051758,-1.0375977,1.1596680
13268311,-251,1787,991,5,-18,21,-0.1225586,0.8725586,0.4838867,0.3051758,-1.0986328,1.2817383
13270310,-254,1785,983,4,-18,20,-0.1240234,0.8715820,0.4799805,0.2441406,-1.0986328,1.2207031
13272309,-253,1785,987,4,-18,21,-0.1235352,0.8715820,0.4819336,0.2441406,-1.0986328,1.2817383
13274309,-252,1784,986,5,-19,21,-0.1230469,0.8710938,0.4814453,0.3051758,-1.1596680,1.2817383
13276308,-250,1783,986,3,-19,21,-0.1220703,0.8706055,0.4814453,0.1831055,-1.1596680,1.2817383
13278307,-249,1784,984,2,-18,21,-0.1215820,0.8710938,0.4804688,0.1220703,-1.0986328,1.2817383
13280307,-253,1783,984,2,-18,19,-0.1235352,0.8706055,0.4804688,0.1220703,-1.0986328,1.1596680
13282306,-251,1782,987,2,-18,19,-0.1225586,0.8701172,0.4819336,0.1220703,-1.0986328,1.1596680
13284305,-249,1781,987,4,-18,20,-0.1215820,0.8696289,0.4819336,0.2441406,-1.0986328,1.2207031
13286305,-248,1782,987,3,-17,18,-0.1210938,0.8701172,0.4819336,0.1831055,-1.0375977,1.0986328
13288304,-252,1785,987,4,-19,17,-0.1230469,0.8715820,0.4819336,0.2441406,-1.1596680,1.0375977
13290303,-252,1788,988,3,-18,17,-0.1230469,0.8730469,0.4824219,0.1831055,-1.0986328,1.0375977
13292302,-255,1786,989,3,-18,17,-0.1245117,0.8720703,0.4829102,0.1831055,-1.0986328,1.0375977
13294302,-252,1791,990,-1,-17,16,-0.1230469,0.8745117,0.4833984,-0.0610352,-1.0375977,0.9765625
13296301,-254,1789,991,2,-17,16,-0.1240234,0.8735352,0.4838867,0.1220703,-1.0375977,0.9765625
13298300,-254,1786,992,2,-17,17,-0.1240234,0.8720703,0.4843750,0.1220703,-1.0375977,1.0375977
13300300,-255,1789,991,2,-17,17,-0.1245117,0.8735352,0.4838867,0.1220703,-1.0375977,1.0375977
13302299,-254,1786,992,1,-17,18,-0.1240234,0.8720703,0.4843750,0.0610352,-1.0375977,1.0986328
13304298,-255,1786,988,1,-17,17,-0.1245117,0.8720703,0.4824219,0.0610352,-1.0375977,1.0375977
13306298,-252,1786,992,1,-17,19,-0.1230469,0.8720703,0.4843750,0.0610352,-1.0375977,1.1596680
13308297,-252,1784,991,1,-17,20,-0.1230469,0.8710938,0.4838867,0.0610352,-1.0375977,1.2207031
13310296,-253,1784,988,2,-17,20,-0.1235352,0.8710938,0.4824219,0.1220703,-1.0375977,1.2207031
13312296,-256,1784,988,2,-17,20,-0.1250000,0.8710938,0.4824219,0.1220703,-1.0375977,1.2207031
13314295,-253,1783,988,4,-16,19,-0.1235352,0.8706055,0.4824219,0.2441406,-0.9765625,1.1596680
13316294,-252,1786,985,3,-18,20,-0.1230469,0.8720703,0.4809570,0.1831055,-1.0986328,1.2207031
13318294,-249,1785,988,5,-18,19,-0.1215820,0.8715820,0.4824219,0.3051758,-1.0986328,1.1596680
13320293,-252,1786,983,4,-18,19,-0.1230469,0.8720703,0.4799805,0.2441406,-1.0986328,1.1596680
13322292,-255,1784,984,4,-18,20,-0.1245117,0.8710938,0.4804688,0.2441406,-1.0986328,1.2207031
13324291,-251,1782,987,4,-17,19,-0.1225586,0.8701172,0.4819336,0.2441406,-1.0375977,1.1596680
13326291,-252,1781,986,4,-18,20,-0.1230469,0.8696289,0.4814453,0.2441406,-1.0986328,1.2207031
13328290,-250,1786,989,3,-20,19,-0.1220703,0.8720703,0.4829102,0.1831055,-1.2207031,1.1596680
13330289,-257,1786,985,3,-19,18,-0.1254883,0.8720703,0.4809570,0.1831055,-1.1596680,1.0986328
13332289,-255,1783,985,3,-18,18,-0.1245117,0.8706055,0.4809570,0.1831055,-1.0986328,1.0986328
13334288,-250,1786,989,4,-19,19,-0.1220703,0.8720703,0.4829102,0.2441406,-1.1596680,1.1596680
13336287,-254,1783,989,2,-19,18,-0.1240234,0.8706055,0.4829102,0.1220703,-1.1596680,1.0986328
13338287,-252,1786,988,4,-19,18,-0.1230469,0.8720703,0.4824219,0.2441406,-1.1596680,1.0986328
13340286,-257,1790,991,3,-18,18,-0.1254883,0.8740234,0.4838867,0.1831055,-1.0986328,1.0986328
13342285,-254,1789,991,4,-18,19,-0.1240234,0.8735352,0.4838867,0.2441406,-1.0986328,1.1596680
13344285,-250,1788,989,5,-19,18,-0.1220703,0.8730469,0.4829102,0.3051758,-1.1596680,1.0986328
13346284,-256,1785,990,4,-18,20,-0.1250000,0.8715820,0.4833984,0.2441406,-1.0986328,1.2207031
13348283,-253,1787,990,4,-18,20,-0.1235352,0.8725586,0.4833984,0.2441406,-1.0986328,1.2207031
13350283,-257,1790,988,6,-18,20,-0.1254883,0.8740234,0.4824219,0.3662109,-1.0986328,1.2207031
13352282,-250,1787,989,6,-18,20,-0.1220703,0.8725586,0.4829102,0.3662109,-1.0986328,1.2207031
13354281,-254,1784,990,3,-19,21,-0.1240234,0.8710938,0.4833984,0.1831055,-1.1596680,1.2817383
13356280,-255,1786,987,4,-18,20,-0.1245117,0.8720703,0.4819336,0.2441406,-1.0986328,1.2207031
13358280,-251,1783,987,4,-18,21,-0.1225586,0.8706055,0.4819336,0.2441406,-1.0986328,1.2817383
13360279,-248,1784,985,4,-18,21,-0.1210938,0.8710938,0.4809570,0.2441406,-1.0986328,1.2817383
13362278,-251,1782,986,3,-18,20,-0.1225586,0.8701172,0.4814453,0.1831055,-1.0986328,1.2207031
13364278,-250,1783,985,4,-19,21,-0.1220703,0.8706055,0.4809570,0.2441406,-1.1596680,1.2817383
13366277,-251,1782,984,2,-17,20,-0.1225586,0.8701172,0.4804688,0.1220703,-1.0375977,1.2207031
13368276,-248,1782,983,3,-18,20,-0.1210938,0.8701172,0.4799805,0.1831055,-1.0986328,1.2207031
13370276,-248,1781,987,3,-18,18,-0.1210938,0.8696289,0.4819336,0.1831055,-1.0986328,1.0986328
13372275,-252,1785,985,2,-18,18,-0.1230469,0.8715820,0.4809570,0.1220703,-1.0986328,1.0986328
13374274,-253,1784,986,1,-18,18,-0.1235352,0.8710938,0.4814453,0.0610352,-1.0986328,1.0986328
13376274,-251,1786,987,2,-18,18,-0.1225586,0.8720703,0.4819336,0.1220703,-1.0986328,1.0986328
13378273,-250,1790,988,3,-17,17,-0.1220703,0.8740234,0.4824219,0.1831055,-1.0375977,1.0375977
13380272,-250,1788,992,1,-17,18,-0.1220703,0.8730469,0.4843750,0.0610352,-1.0375977,1.0986328
13382272,-255,1790,992,1,-18,17,-0.1245117,0.8740234,0.4843750,0.0610352,-1.0986328,1.0375977
13384271,-254,1787,986,2,-18,18,-0.1240234,0.8725586,0.4814453,0.1220703,-1.0986328,1.0986328
13386270,-253,1788,992,2,-18,17,-0.1235352,0.8730469,0.4843750,0.1220703,-1.0986328,1.0375977
13388269,-251,1788,988,3,-17,19,-0.1225586,0.8730469,0.4824219,0.1831055,-1.0375977,1.1596680
13390269,-254,1791,990,2,-17,18,-0.1240234,0.8745117,0.4833984,0.1220703,-1.0375977,1.0986328
13392268,-254,1790,989,3,-17,20,-0.1240234,0.8740234,0.4829102,0.1831055,-1.0375977,1.2207031
13394267,-254,1791,985,3,-17,20,-0.1240234,0.8745117,0.4809570,0.1831055,-1.0375977,1.2207031
13396267,-253,1790,991,5,-17,21,-0.1235352,0.8740234,0.4838867,0.3051758,-1.0375977,1.2817383
13398266,-248,1788,991,4,-17,20,-0.1210938,0.8730469,0.4838867,0.2441406,-1.0375977,1.2207031
13400265,-252,1786,988,4,-18,20,-0.1230469,0.8720703,0.4824219,0.2441406,-1.0986328,1.2207031
13402265,-251,1783,988,4,-17,20,-0.1225586,0.8706055,0.4824219,0.2441406,-1.0375977,1.2207031
13404264,-251,1782,987,4,-17,20,-0.1225586,0.8701172,0.4819336,0.2441406,-1.0375977,1.2207031
13406263,-252,1783,988,4,-18,19,-0.1230469,0.8706055,0.4824219,0.2441406,-1.0986328,1.1596680
13408263,-253,1780,985,4,-18,19,-0.1235352,0.8691406,0.4809570,0.2441406,-1.0986328,1.1596680
13410262,-253,1785,988,3,-17,19,-0.1235352,0.8715820,0.4824219,0.1831055,-1.0375977,1.1596680
13412261,-252,1787,987,2,-17,19,-0.1230469,0.8725586,0.4819336,0.1220703,-1.0375977,1.1596680
13414261,-253,1786,984,3,-18,18,-0.1235352,0.8720703,0.4804688,0.1831055,-1.0986328,1.0986328
13416260,-255,1784,984,1,-19,18,-0.1245117,0.8710938,0.4804688,0.0610352,-1.1596680,1.0986328
13418259,-250,1786,988,2,-19,19,-0.1220703,0.8720703,0.4824219,0.1220703,-1.1596680,1.1596680
13420258,-255,1788,989,3,-18,18,-0.1245117,0.8730469,0.4829102,0.1831055,-1.0986328,1.0986328
13422258,-251,1781,988,1,-18,18,-0.1225586,0.8696289,0.4824219,0.0610352,-1.0986328,1.0986328
13424257,-252,1787,989,2,-18,17,-0.1230469,0.8725586,0.4829102,0.1220703,-1.0986328,1.0375977
13426256,-255,1787,991,3,-18,19,-0.1245117,0.8725586,0.4838867,0.1831055,-1.0986328,1.1596680
13428256,-251,1790,988,3,-18,17,-0.1225586,0.8740234,0.4824219,0.1831055,-1.0986328,1.0375977
13430255,-254,1788,991,4,-18,17,-0.1240234,0.8730469,0.4838867,0.2441406,-1.0986328,1.0375977
13432254,-254,1790,991,3,-18,19,-0.1240234,0.8740234,0.4838867,0.1831055,-1.0986328,1.1596680
13434254,-255,1787,991,4,-18,20,-0.1245117,0.8725586,0.4838867,0.2441406,-1.0986328,1.2207031
13436253,-252,1786,989,4,-18,19,-0.1230469,0.8720703,0.4829102,0.2441406,-1.0986328,1.1596680
13438252,-257,1785,987,4,-18,20,-0.1254883,0.8715820,0.4819336,0.2441406,-1.0986328,1.2207031
13440252,-250,1790,989,5,-18,20,-0.1220703,0.8740234,0.4829102,0.3051758,-1.0986328,1.2207031
13442251,-252,1787,987,4,-18,21,-0.1230469,0.8725586,0.4819336,0.2441406,-1.0986328,1.2817383
13444250,-253,1785,989,4,-17,21,-0.1235352,0.8715820,0.4829102,0.2441406,-1.0375977,1.2817383
13446250,-253,1784,986,4,-18,20,-0.1235352,0.8710938,0.4814453,0.2441406,-1.0986328,1.2207031
13448249,-252,1787,984,4,-17,21,-0.1230469,0.8725586,0.4804688,0.2441406,-1.0375977,1.2817383
13450248,-250,1785,984,3,-18,21,-0.1220703,0.8715820,0.4804688,0.1831055,-1.0986328,1.2817383
13452247,-251,1784,986,4,-18,20,-0.1225586,0.8710938,0.4814453,0.2441406,-1.0986328,1.2207031
13454247,-254,1783,989,3,-19,20,-0.1240234,0.8706055,0.4829102,0.1831055,-1.1596680,1.2207031
13456246,-252,1783,986,3,-19,19,-0.1230469,0.8706055,0.4814453,0.1831055,-1.1596680,1.1596680
13458245,-251,1784,987,3,-18,20,-0.1225586,0.8710938,0.4819336,0.1831055,-1.0986328,1.2207031
13460245,-251,1785,986,4,-20,19,-0.1225586,0.8715820,0.4814453,0.2441406,-1.2207031,1.1596680
13462244,-251,1784,988,3,-19,19,-0.1225586,0.8710938,0.4824219,0.1831055,-1.1596680,1.1596680
13464243,-254,1786,991,4,-18,18,-0.1240234,0.8720703,0.4838867,0.2441406,-1.0986328,1.0986328
13466243,-254,1790,988,2,-19,19,-0.1240234,0.8740234,0.4824219,0.1220703,-1.1596680,1.1596680
13468242,-251,1785,986,5,-18,20,-0.1225586,0.8715820,0.4814453,0.3051758,-1.0986328,1.2207031
13470241,-254,1786,991,4,-18,19,-0.1240234,0.8720703,0.4838867,0.2441406,-1.0986328,1.1596680
13472241,-254,1789,990,4,-18,19,-0.1240234,0.8735352,0.4833984,0.2441406,-1.0986328,1.1596680
13474240,-250,1790,988,4,-19,18,-0.1220703,0.8740234,0.4824219,0.2441406,-1.1596680,1.0986328
13476239,-256,1788,991,3,-18,18,-0.1250000,0.8730469,0.4838867,0.1831055,-1.0986328,1.0986328
13478239,-252,1789,991,2,-17,19,-0.1230469,0.8735352,0.4838867,0.1220703,-1.0375977,1.1596680
13480238,-255,1793,987,4,-18,19,-0.1245117,0.8754883,0.4819336,0.2441406,-1.0986328,1.1596680
13482237,-254,1785,988,3,-17,20,-0.1240234,0.8715820,0.4824219,0.1831055,-1.0375977,1.2207031
13484236,-250,1785,987,3,-17,19,-0.1220703,0.8715820,0.4819336,0.1831055,-1.0375977,1.1596680
13486236,-251,1786,987,4,-17,19,-0.1225586,0.8720703,0.4819336,0.2441406,-1.0375977,1.1596680
13488235,-254,1783,985,3,-16,19,-0.1240234,0.8706055,0.4809570,0.1831055,-0.9765625,1.1596680
13490234,-252,1784,986,3,-18,19,-0.1230469,0.8710938,0.4814453,0.1831055,-1.0986328,1.1596680
13492234,-253,1782,986,4,-17,19,-0.1235352,0.8701172,0.4814453,0.2441406,-1.0375977,1.1596680
13494233,-250,1787,985,3,-18,20,-0.1220703,0.8725586,0.4809570,0.1831055,-1.0986328,1.2207031
13496232,-252,1785,985,2,-18,20,-0.1230469,0.8715820,0.4809570,0.1220703,-1.0986328,1.2207031
13498232,-254,1784,987,4,-18,19,-0.1240234,0.8710938,0.4819336,0.2441406,-1.0986328,1.1596680
13500231,-251,1783,986,2,-19,19,-0.1225586,0.8706055,0.4814453,0.1220703,-1.1596680,1.1596680
13502230,-252,1782,990,3,-18,19,-0.1230469,0.8701172,0.4833984,0.1831055,-1.0986328,1.1596680
13504230,-253,1786,987,1,-17,20,-0.1235352,0.8720703,0.4819336,0.0610352,-1.0375977,1.2207031
13506229,-254,1782,986,2,-18,19,-0.1240234,0.8701172,0.4814453,0.1220703,-1.0986328,1.1596680
13508228,-251,1786,989,2,-18,19,-0.1225586,0.8720703,0.4829102,0.1220703,-1.0986328,1.1596680
13510228,-254,1788,990,0,-17,18,-0.1240234,0.8730469,0.4833984,0.0000000,-1.0375977,1.0986328
13512227,-253,1785,989,2,-18,17,-0.1235352,0.8715820,0.4829102,0.1220703,-1.0986328,1.0375977
13514226,-254,1787,988,1,-17,19,-0.1240234,0.8725586,0.4824219,0.0610352,-1.0375977,1.1596680
13516225,-256,1786,987,3,-18,18,-0.1250000,0.8720703,0.4819336,0.1831055,-1.0986328,1.0986328
13518225,-253,1788,992,2,-17,19,-0.1235352,0.8730469,0.4843750,0.1220703,-1.0375977,1.1596680
13520224,-253,1787,991,3,-17,18,-0.1235352,0.8725586,0.4838867,0.1831055,-1.0375977,1.0986328
13522223,-254,1785,991,4,-17,18,-0.1240234,0.8715820,0.4838867,0.2441406,-1.0375977,1.0986328
13524223,-256,1788,984,4,-17,19,-0.1250000,0.8730469,0.4804688,0.2441406,-1.0375977,1.1596680
13526222,-252,1785,989,4,-18,20,-0.1230469,0.8715820,0.4829102,0.2441406,-1.0986328,1.2207031
13528221,-247,1790,990,3,-18,19,-0.1206055,0.8740234,0.4833984,0.1831055,-1.0986328,1.1596680
13530221,-255,1785,987,4,-18,19,-0.1245117,0.8715820,0.4819336,0.2441406,-1.0986328,1.1596680
13532220,-257,1783,989,5,-18,19,-0.1254883,0.8706055,0.4829102,0.3051758,-1.0986328,1.1596680
13534219,-253,1783,981,4,-16,20,-0.1235352,0.8706055,0.4790039,0.2441406,-0.9765625,1.2207031
13536219,-249,1783,985,4,-17,19,-0.1215820,0.8706055,0.4809570,0.2441406,-1.0375977,1.1596680
13538218,-251,1784,990,4,-18,20,-0.1225586,0.8710938,0.4833984,0.2441406,-1.0986328,1.2207031
13540217,-253,1780,988,3,-18,20,-0.1235352,0.8691406,0.4824219,0.1831055,-1.0986328,1.2207031
13542217,-253,1783,988,3,-19,20,-0.1235352,0.8706055,0.4824219,0.1831055,-1.1596680,1.2207031
13544216,-252,1786,982,4,-17,19,-0.1230469,0.8720703,0.4794922,0.2441406,-1.0375977,1.1596680
13546215,-252,1785,987,4,-18,20,-0.1230469,0.8715820,0.4819336,0.2441406,-1.0986328,1.2207031
13548214,-249,1786,986,4,-20,20,-0.1215820,0.8720703,0.4814453,0.2441406,-1.2207031,1.2207031
13550214,-254,1786,990,3,-20,20,-0.1240234,0.8720703,0.4833984,0.1831055,-1.2207031,1.2207031
13552213,-258,1781,988,3,-17,19,-0.1259766,0.8696289,0.4824219,0.1831055,-1.0375977,1.1596680
13554212,-251,1788,987,3,-17,19,-0.1225586,0.8730469,0.4819336,0.1831055,-1.0375977,1.1596680
13556212,-247,1788,989,2,-18,19,-0.1206055,0.8730469,0.4829102,0.1220703,-1.0986328,1.1596680
13558211,-249,1788,989,3,-20,19,-0.1215820,0.8730469,0.4829102,0.1831055,-1.2207031,1.1596680
13560210,-256,1787,988,3,-18,19,-0.1250000,0.8725586,0.4824219,0.1831055,-1.0986328,1.1596680
13562210,-253,1787,990,3,-19,19,-0.1235352,0.8725586,0.4833984,0.1831055,-1.1596680,1.1596680
13564209,-249,1786,989,4,-17,19,-0.1215820,0.8720703,0.4829102,0.2441406,-1.0375977,1.1596680
13566208,-251,1788,988,4,-18,21,-0.1225586,0.8730469,0.4824219,0.2441406,-1.0986328,1.2817383
13568208,-254,1789,987,3,-18,19,-0.1240234,0.8735352,0.4819336,0.1831055,-1.0986328,1.1596680
13570207,-256,1785,989,3,-18,19,-0.1250000,0.8715820,0.4829102,0.1831055,-1.0986328,1.1596680
13572206,-252,1785,986,4,-17,20,-0.1230469,0.8715820,0.4814453,0.2441406,-1.0375977,1.2207031
13574206,-248,1786,989,3,-17,20,-0.1210938,0.8720703,0.4829102,0.1831055,-1.0375977,1.2207031
13576205,-251,1787,989,3,-19,21,-0.1225586,0.8725586,0.4829102,0.1831055,-1.1596680,1.2817383
13578204,-255,1786,985,4,-19,20,-0.1245117,0.8720703,0.4809570,0.2441406,-1.1596680,1.2207031
13580203,-254,1787,988,4,-18,19,-0.1240234,0.8725586,0.4824219,0.2441406,-1.0986328,1.1596680
13582203,-248,1783,987,4,-18,19,-0.1210938,0.8706055,0.4819336,0.2441406,-1.0986328,1.1596680
13584202,-248,1785,986,3,-18,19,-0.1210938,0.8715820,0.4814453,0.1831055,-1.0986328,1.1596680
13586201,-249,1785,985,4,-19,19,-0.1215820,0.8715820,0.4809570,0.2441406,-1.1596680,1.1596680
13588201,-255,1786,986,2,-19,19,-0.1245117,0.8720703,0.4814453,0.1220703,-1.1596680,1.1596680
13590200,-255,1784,986,4,-17,19,-0.1245117,0.8710938,0.4814453,0.2441406,-1.0375977,1.1596680
13592199,-250,1784,983,3,-18,20,-0.1220703,0.8710938,0.4799805,0.1831055,-1.0986328,1.2207031
13594199,-249,1789,989,2,-19,18,-0.1215820,0.8735352,0.4829102,0.1220703,-1.1596680,1.0986328
13596198,-253,1788,985,3,-19,19,-0.1235352,0.8730469,0.4809570,0.1831055,-1.1596680,1.1596680
13598197,-257,1787,989,3,-17,18,-0.1254883,0.8725586,0.4829102,0.1831055,-1.0375977,1.0986328
13600197,-253,1787,987,2,-17,19,-0.1235352,0.8725586,0.4819336,0.1220703,-1.0375977,1.1596680
13602196,-250,1789,989,2,-17,19,-0.1220703,0.8735352,0.4829102,0.1220703,-1.0375977,1.1596680
13604195,-249,1789,992,2,-17,19,-0.1215820,0.8735352,0.4843750,0.1220703,-1.0375977,1.1596680
13606195,-256,1789,990,3,-17,20,-0.1250000,0.8735352,0.4833984,0.1831055,-1.0375977,1.2207031
13608194,-256,1790,988,3,-17,19,-0.1250000,0.8740234,0.4824219,0.1831055,-1.0375977,1.1596680
13610193,-253,1789,990,1,-16,20,-0.1235352,0.8735352,0.4833984,0.0610352,-0.9765625,1.2207031
13612192,-253,1788,990,4,-17,20,-0.1235352,0.8730469,0.4833984,0.2441406,-1.0375977,1.2207031
13614192,-254,1791,991,3,-18,19,-0.1240234,0.8745117,0.4838867,0.1831055,-1.0986328,1.1596680
13616191,-255,1785,985,3,-17,21,-0.1245117,0.8715820,0.4809570,0.1831055,-1.0375977,1.2817383
13618190,-256,1783,987,3,-17,20,-0.1250000,0.8706055,0.4819336,0.1831055,-1.0375977,1.2207031
13620190,-250,1783,987,3,-17,19,-0.1220703,0.8706055,0.4819336,0.1831055,-1.0375977,1.1596680
13622189,-249,1782,987,4,-18,19,-0.1215820,0.8701172,0.4819336,0.2441406,-1.0986328,1.1596680
13624188,-253,1786,987,2,-18,19,-0.1235352,0.8720703,0.4819336,0.1220703,-1.0986328,1.1596680
13626188,-255,1783,988,3,-19,19,-0.1245117,0.8706055,0.4824219,0.1831055,-1.1596680,1.1596680
13628187,-249,1787,987,2,-18,17,-0.1215820,0.8725586,0.4819336,0.1220703,-1.0986328,1.0375977
13630186,-252,1783,987,2,-18,19,-0.1230469,0.8706055,0.4819336,0.1220703,-1.0986328,1.1596680
13632186,-252,1784,990,3,-19,20,-0.1230469,0.8710938,0.4833984,0.1831055,-1.1596680,1.2207031
13634185,-253,1788,987,3,-19,18,-0.1235352,0.8730469,0.4819336,0.1831055,-1.1596680,1.0986328
13636184,-255,1788,987,3,-18,17,-0.1245117,0.8730469,0.4819336,0.1831055,-1.0986328,1.0375977
13638184,-253,1790,988,3,-17,18,-0.1235352,0.8740234,0.4824219,0.1831055,-1.0375977,1.0986328
13640183,-251,1789,989,2,-18,19,-0.1225586,0.8735352,0.4829102,0.1220703,-1.0986328,1.1596680
13642182,-251,1792,991,2,-18,19,-0.1225586,0.8750000,0.4838867,0.1220703,-1.0986328,1.1596680
13644181,-254,1790,991,3,-17,19,-0.1240234,0.8740234,0.4838867,0.1831055,-1.0375977,1.1596680
13646181,-257,1792,991,4,-18,19,-0.1254883,0.8750000,0.4838867,0.2441406,-1.0986328,1.1596680
13648180,-251,1791,991,4,-16,21,-0.1225586,0.8745117,0.4838867,0.2441406,-0.9765625,1.2817383
13650179,-251,1786,992,4,-17,20,-0.1225586,0.8720703,0.4843750,0.2441406,-1.0375977,1.2207031
13652179,-254,1787,992,4,-18,20,-0.1240234,0.8725586,0.4843750,0.2441406,-1.0986328,1.2207031
13654178,-253,1788,989,4,-18,20,-0.1235352,0.8730469,0.4829102,0.2441406,-1.0986328,1.2207031
13656177,-251,1785,986,4,-18,21,-0.1225586,0.8715820,0.4814453,0.2441406,-1.0986328,1.2817383
13658177,-253,1784,985,5,-17,20,-0.1235352,0.8710938,0.4809570,0.3051758,-1.0375977,1.2207031
13660176,-248,1782,990,4,-17,21,-0.1210938,0.8701172,0.4833984,0.2441406,-1.0375977,1.2817383
13662175,-253,1780,984,5,-19,21,-0.1235352,0.8691406,0.4804688,0.3051758,-1.1596680,1.2817383
13664175,-249,1783,987,5,-19,21,-0.1215820,0.8706055,0.4819336,0.3051758,-1.1596680,1.2817383
13666174,-251,1785,986,5,-19,19,-0.1225586,0.8715820,0.4814453,0.3051758,-1.1596680,1.1596680
13668173,-249,1782,987,4,-18,19,-0.1215820,0.8701172,0.4819336,0.2441406,-1.0986328,1.1596680
13670173,-251,1782,984,4,-19,20,-0.1225586,0.8701172,0.4804688,0.2441406,-1.1596680,1.2207031
13672172,-251,1781,985,4,-19,19,-0.1225586,0.8696289,0.4809570,0.2441406,-1.1596680,1.1596680
13674171,-253,1786,986,3,-18,18,-0.1235352,0.8720703,0.4814453,0.1831055,-1.0986328,1.0986328
13676170,-251,1787,990,4,-18,18,-0.1225586,0.8725586,0.4833984,0.2441406,-1.0986328,1.0986328
13678170,-250,1785,985,3,-18,18,-0.1220703,0.8715820,0.4809570,0.1831055,-1.0986328,1.0986328
13680169,-256,1790,987,2,-18,18,-0.1250000,0.8740234,0.4819336,0.1220703,-1.0986328,1.0986328
13682168,-254,1789,990,3,-19,18,-0.1240234,0.8735352,0.4833984,0.1831055,-1.1596680,1.0986328
13684168,-253,1791,991,4,-17,19,-0.1235352,0.8745117,0.4838867,0.2441406,-1.0375977,1.1596680
13686167,-253,1785,992,2,-17,19,-0.1235352,0.8715820,0.4843750,0.1220703,-1.0375977,1.1596680
13688166,-253,1789,992,4,-17,19,-0.1235352,0.8735352,0.4843750,0.2441406,-1.0375977,1.1596680
13690166,-252,1788,986,3,-17,20,-0.1230469,0.8730469,0.4814453,0.1831055,-1.0375977,1.2207031
13692165,-253,1785,989,2,-19,19,-0.1235352,0.8715820,0.4829102,0.1220703,-1.1596680,1.1596680
13694164,-249,1789,988,3,-17,20,-0.1215820,0.8735352,0.4824219,0.1831055,-1.0375977,1.2207031
13696164,-250,1785,989,4,-18,21,-0.1220703,0.8715820,0.4829102,0.2441406,-1.0986328,1.2817383
13698163,-254,1786,986,3,-18,20,-0.1240234,0.8720703,0.4814453,0.1831055,-1.0986328,1.2207031
13700162,-253,1786,984,3,-17,20,-0.1235352,0.8720703,0.4804688,0.1831055,-1.0375977,1.2207031
13702162,-253,1781,986,4,-17,20,-0.1235352,0.8696289,0.4814453,0.2441406,-1.0375977,1.2207031
13704161,-250,1782,984,4,-18,20,-0.1220703,0.8701172,0.4804688,0.2441406,-1.0986328,1.2207031
13706160,-252,1782,984,3,-18,20,-0.1230469,0.8701172,0.4804688,0.1831055,-1.0986328,1.2207031
13708159,-253,1785,983,3,-18,19,-0.1235352,0.8715820,0.4799805,0.1831055,-1.0986328,1.1596680
13710159,-252,1782,988,3,-18,19,-0.1230469,0.8701172,0.4824219,0.1831055,-1.0986328,1.1596680
13712158,-248,1783,985,1,-19,18,-0.1210938,0.8706055,0.4809570,0.0610352,-1.1596680,1.0986328
13714157,-249,1784,986,3,-19,19,-0.1215820,0.8710938,0.4814453,0.1831055,-1.1596680,1.1596680
13716157,-250,1784,983,2,-18,18,-0.1220703,0.8710938,0.4799805,0.1220703,-1.0986328,1.0986328
13718156,-251,1784,987,2,-19,18,-0.1225586,0.8710938,0.4819336,0.1220703,-1.1596680,1.0986328
13720155,-251,1788,988,2,-18,18,-0.1225586,0.8730469,0.4824219,0.1220703,-1.0986328,1.0986328
13722155,-253,1786,991,2,-18,18,-0.1235352,0.8720703,0.4838867,0.1220703,-1.0986328,1.0986328
13724154,-256,1790,989,3,-18,17,-0.1250000,0.8740234,0.4829102,0.1831055,-1.0986328,1.0375977
13726153,-255,1793,991,3,-18,16,-0.1245117,0.8754883,0.4838867,0.1831055,-1.0986328,0.9765625
13728153,-258,1793,993,2,-18,17,-0.1259766,0.8754883,0.4848633,0.1220703,-1.0986328,1.0375977
13730152,-254,1789,994,3,-18,18,-0.1240234,0.8735352,0.4853516,0.1831055,-1.0986328,1.0986328
13732151,-253,1785,989,3,-18,19,-0.1235352,0.8715820,0.4829102,0.1831055,-1.0986328,1.1596680
13734151,-256,1790,993,4,-17,20,-0.1250000,0.8740234,0.4848633,0.2441406,-1.0375977,1.2207031
13736150,-255,1787,991,4,-17,20,-0.1245117,0.8725586,0.4838867,0.2441406,-1.0375977,1.2207031
13738149,-255,1787,987,4,-17,21,-0.1245117,0.8725586,0.4819336,0.2441406,-1.0375977,1.2817383
13740148,-253,1783,990,3,-18,21,-0.1235352,0.8706055,0.4833984,0.1831055,-1.0986328,1.2817383
13742148,-253,1785,985,5,-17,21,-0.1235352,0.8715820,0.4809570,0.3051758,-1.0375977,1.2817383
13744147,-250,1784,983,4,-18,20,-0.1220703,0.8710938,0.4799805,0.2441406,-1.0986328,1.2207031
13746146,-254,1786,983,4,-18,21,-0.1240234,0.8720703,0.4799805,0.2441406,-1.0986328,1.2817383
13748146,-251,1785,988,4,-17,21,-0.1225586,0.8715820,0.4824219,0.2441406,-1.0375977,1.2817383
13750145,-254,1782,987,3,-18,20,-0.1240234,0.8701172,0.4819336,0.1831055,-1.0986328,1.2207031
13752144,-251,1785,984,3,-19,21,-0.1225586,0.8715820,0.4804688,0.1831055,-1.1596680,1.2817383
13754144,-251,1783,984,4,-19,20,-0.1225586,0.8706055,0.4804688,0.2441406,-1.1596680,1.2207031
13756143,-250,1782,988,2,-19,18,-0.1220703,0.8701172,0.4824219,0.1220703,-1.1596680,1.0986328
13758142,-254,1783,986,2,-19,18,-0.1240234,0.8706055,0.4814453,0.1220703,-1.1596680,1.0986328
13760142,-251,1785,985,3,-18,18,-0.1225586,0.8715820,0.4809570,0.1831055,-1.0986328,1.0986328
13762141,-255,1785,988,3,-18,17,-0.1245117,0.8715820,0.4824219,0.1831055,-1.0986328,1.0375977
13764140,-252,1787,985,2,-19,17,-0.1230469,0.8725586,0.4809570,0.1220703,-1.1596680,1.0375977
13766140,-252,1790,991,3,-18,17,-0.1230469,0.8740234,0.4838867,0.1831055,-1.0986328,1.0375977
13768139,-254,1787,991,3,-17,19,-0.1240234,0.8725586,0.4838867,0.1831055,-1.0375977,1.1596680
13770138,-254,1790,988,3,-17,19,-0.1240234,0.8740234,0.4824219,0.1831055,-1.0375977,1.1596680
13772137,-254,1789,994,4,-17,19,-0.1240234,0.8735352,0.4853516,0.2441406,-1.0375977,1.1596680
13774137,-252,1792,993,3,-18,19,-0.1230469,0.8750000,0.4848633,0.1831055,-1.0986328,1.1596680
13776136,-254,1788,990,5,-19,19,-0.1240234,0.8730469,0.4833984,0.3051758,-1.1596680,1.1596680
13778135,-253,1791,991,5,-18,19,-0.1235352,0.8745117,0.4838867,0.3051758,-1.0986328,1.1596680
13780135,-252,1788,988,5,-19,20,-0.1230469,0.8730469,0.4824219,0.3051758,-1.1596680,1.2207031
13782134,-255,1784,988,4,-17,20,-0.1245117,0.8710938,0.4824219,0.2441406,-1.0375977,1.2207031
13784133,-251,1787,990,4,-17,20,-0.1225586,0.8725586,0.4833984,0.2441406,-1.0375977,1.2207031
13786133,-253,1785,987,5,-18,21,-0.1235352,0.8715820,0.4819336,0.3051758,-1.0986328,1.2817383
13788132,-250,1783,987,4,-18,20,-0.1220703,0.8706055,0.4819336,0.2441406,-1.0986328,1.2207031
13790131,-251,1783,991,4,-18,21,-0.1225586,0.8706055,0.4838867,0.2441406,-1.0986328,1.2817383
13792131,-252,1785,985,4,-17,19,-0.1230469,0.8715820,0.4809570,0.2441406,-1.0375977,1.1596680
13794130,-250,1784,987,2,-17,20,-0.1220703,0.8710938,0.4819336,0.1220703,-1.0375977,1.2207031
13796129,-252,1786,987,3,-18,20,-0.1230469,0.8720703,0.4819336,0.1831055,-1.0986328,1.2207031
13798129,-254,1784,986,3,-18,20,-0.1240234,0.8710938,0.4814453,0.1831055,-1.0986328,1.2207031
13800128,-253,1784,988,3,-18,20,-0.1235352,0.8710938,0.4824219,0.1831055,-1.0986328,1.2207031
13802127,-248,1783,987,2,-18,18,-0.1210938,0.8706055,0.4819336,0.1220703,-1.0986328,1.0986328
13804126,-252,1783,987,1,-18,20,-0.1230469,0.8706055,0.4819336,0.0610352,-1.0986328,1.2207031
13806126,-253,1786,985,2,-18,18,-0.1235352,0.8720703,0.4809570,0.1220703,-1.0986328,1.0986328
13808125,-253,1788,987,0,-18,18,-0.1235352,0.8730469,0.4819336,0.0000000,-1.0986328,1.0986328
13810124,-253,1789,992,2,-18,17,-0.1235352,0.8735352,0.4843750,0.1220703,-1.0986328,1.0375977
13812124,-254,1788,986,2,-18,18,-0.1240234,0.8730469,0.4814453,0.1220703,-1.0986328,1.0986328
13814123,-250,1787,990,1,-18,18,-0.1220703,0.8725586,0.4833984,0.0610352,-1.0986328,1.0986328
13816122,-255,1791,989,1,-18,18,-0.1245117,0.8745117,0.4829102,0.0610352,-1.0986328,1.0986328
13818122,-250,1791,992,4,-17,18,-0.1220703,0.8745117,0.4843750,0.2441406,-1.0375977,1.0986328
13820121,-254,1786,992,3,-19,19,-0.1240234,0.8720703,0.4843750,0.1831055,-1.1596680,1.1596680
13822120,-255,1789,990,4,-17,18,-0.1245117,0.8735352,0.4833984,0.2441406,-1.0375977,1.0986328
13824120,-257,1786,989,5,-16,19,-0.1254883,0.8720703,0.4829102,0.3051758,-0.9765625,1.1596680
13826119,-251,1787,990,5,-17,21,-0.1225586,0.8725586,0.4833984,0.3051758,-1.0375977,1.2817383
13828118,-251,1787,989,5,-17,21,-0.1225586,0.8725586,0.4829102,0.3051758,-1.0375977,1.2817383
13830118,-254,1785,987,5,-19,20,-0.1240234,0.8715820,0.4819336,0.3051758,-1.1596680,1.2207031
13832117,-254,1783,988,4,-18,20,-0.1240234,0.8706055,0.4824219,0.2441406,-1.0986328,1.2207031
13834116,-251,1783,987,4,-18,20,-0.1225586,0.8706055,0.4819336,0.2441406,-1.0986328,1.2207031
13836115,-249,1784,989,4,-18,21,-0.1215820,0.8710938,0.4829102,0.2441406,-1.0986328,1.2817383
13838115,-251,1780,985,4,-19,20,-0.1225586,0.8691406,0.4809570,0.2441406,-1.1596680,1.2207031
13840114,-252,1782,985,4,-19,20,-0.1230469,0.8701172,0.4809570,0.2441406,-1.1596680,1.2207031
13842113,-251,1785,985,4,-19,19,-0.1225586,0.8715820,0.4809570,0.2441406,-1.1596680,1.1596680
13844113,-251,1785,985,5,-19,19,-0.1225586,0.8715820,0.4809570,0.3051758,-1.1596680,1.1596680
13846112,-249,1788,987,4,-19,19,-0.1215820,0.8730469,0.4819336,0.2441406,-1.1596680,1.1596680
13848111,-255,1785,989,4,-18,18,-0.1245117,0.8715820,0.4829102,0.2441406,-1.0986328,1.0986328
13850111,-250,1787,989,4,-18,18,-0.1220703,0.8725586,0.4829102,0.2441406,-1.0986328,1.0986328
13852110,-253,1789,990,3,-19,18,-0.1235352,0.8735352,0.4833984,0.1831055,-1.1596680,1.0986328
13854109,-250,1786,992,2,-19,19,-0.1220703,0.8720703,0.4843750,0.1220703,-1.1596680,1.1596680
13856109,-251,1786,987,3,-18,18,-0.1225586,0.8720703,0.4819336,0.1831055,-1.0986328,1.0986328
13858108,-256,1787,989,4,-18,19,-0.1250000,0.8725586,0.4829102,0.2441406,-1.0986328,1.1596680
13860107,-255,1788,990,3,-18,19,-0.1245117,0.8730469,0.4833984,0.1831055,-1.0986328,1.1596680
13862107,-251,1788,990,2,-18,18,-0.1225586,0.8730469,0.4833984,0.1220703,-1.0986328,1.0986328
13864106,-250,1786,988,4,-17,18,-0.1220703,0.8720703,0.4824219,0.2441406,-1.0375977,1.0986328
13866105,-251,1786,987,3,-17,19,-0.1225586,0.8720703,0.4819336,0.1831055,-1.0375977,1.1596680
13868104,-253,1786,989,3,-19,19,-0.1235352,0.8720703,0.4829102,0.1831055,-1.1596680,1.1596680
13870104,-253,1786,986,3,-17,19,-0.1235352,0.8720703,0.4814453,0.1831055,-1.0375977,1.1596680
13872103,-248,1785,987,2,-17,20,-0.1210938,0.8715820,0.4819336,0.1220703,-1.0375977,1.2207031
13874102,-249,1783,985,4,-17,19,-0.1215820,0.8706055,0.4809570,0.2441406,-1.0375977,1.1596680
13876102,-250,1785,987,5,-18,20,-0.1220703,0.8715820,0.4819336,0.3051758,-1.0986328,1.2207031
13878101,-251,1783,986,4,-17,20,-0.1225586,0.8706055,0.4814453,0.2441406,-1.0375977,1.2207031
13880100,-250,1786,984,1,-17,18,-0.1220703,0.8720703,0.4804688,0.0610352,-1.0375977,1.0986328
13882100,-252,1785,986,3,-18,19,-0.1230469,0.8715820,0.4814453,0.1831055,-1.0986328,1.1596680
13884099,-249,1784,987,2,-17,20,-0.1215820,0.8710938,0.4819336,0.1220703,-1.0375977,1.2207031
13886098,-252,1782,988,2,-18,20,-0.1230469,0.8701172,0.4824219,0.1220703,-1.0986328,1.2207031
13888098,-250,1783,986,3,-18,18,-0.1220703,0.8706055,0.4814453,0.1831055,-1.0986328,1.0986328
13890097,-251,1786,988,2,-19,18,-0.1225586,0.8720703,0.4824219,0.1220703,-1.1596680,1.0986328
13892096,-252,1784,990,2,-18,18,-0.1230469,0.8710938,0.4833984,0.1220703,-1.0986328,1.0986328
13894096,-254,1790,988,2,-18,17,-0.1240234,0.8740234,0.4824219,0.1220703,-1.0986328,1.0375977
13896095,-254,1790,992,2,-18,16,-0.1240234,0.8740234,0.4843750,0.1220703,-1.0986328,0.9765625
13898094,-255,1790,994,4,-17,17,-0.1245117,0.8740234,0.4853516,0.2441406,-1.0375977,1.0375977
13900093,-251,1787,993,3,-18,19,-0.1225586,0.8725586,0.4848633,0.1831055,-1.0986328,1.1596680
13902093,-257,1789,990,3,-17,18,-0.1254883,0.8735352,0.4833984,0.1831055,-1.0375977,1.0986328
13904092,-257,1787,990,4,-18,19,-0.1254883,0.8725586,0.4833984,0.2441406,-1.0986328,1.1596680
13906091,-254,1785,991,4,-17,20,-0.1240234,0.8715820,0.4838867,0.2441406,-1.0375977,1.2207031
13908091,-252,1792,987,5,-17,20,-0.1230469,0.8750000,0.4819336,0.3051758,-1.0375977,1.2207031
13910090,-251,1789,992,4,-18,21,-0.1225586,0.8735352,0.4843750,0.2441406,-1.0986328,1.2817383
13912089,-253,1786,991,5,-18,21,-0.1235352,0.8720703,0.4838867,0.3051758,-1.0986328,1.2817383
13914089,-253,1786,989,4,-18,21,-0.1235352,0.8720703,0.4829102,0.2441406,-1.0986328,1.2817383
13916088,-252,1784,989,5,-18,21,-0.1230469,0.8710938,0.4829102,0.3051758,-1.0986328,1.2817383
13918087,-252,1783,988,5,-18,21,-0.1230469,0.8706055,0.4824219,0.3051758,-1.0986328,1.2817383
13920087,-249,1782,986,4,-20,21,-0.1215820,0.8701172,0.4814453,0.2441406,-1.2207031,1.2817383
13922086,-252,1783,986,4,-18,20,-0.1230469,0.8706055,0.4814453,0.2441406,-1.0986328,1.2207031
13924085,-251,1781,986,3,-18,19,-0.1225586,0.8696289,0.4814453,0.1831055,-1.0986328,1.1596680
13926085,-249,1782,985,3,-19,20,-0.1215820,0.8701172,0.4809570,0.1831055,-1.1596680,1.2207031
13928084,-249,1784,985,3,-18,18,-0.1215820,0.8710938,0.4809570,0.1831055,-1.0986328,1.0986328
13930083,-253,1787,988,3,-18,19,-0.1235352,0.8725586,0.4824219,0.1831055,-1.0986328,1.1596680
13932082,-251,1784,989,4,-18,18,-0.1225586,0.8710938,0.4829102,0.2441406,-1.0986328,1.0986328
13934082,-249,1784,989,3,-19,18,-0.1215820,0.8710938,0.4829102,0.1831055,-1.1596680,1.0986328
13936081,-253,1789,992,4,-18,18,-0.1235352,0.8735352,0.4843750,0.2441406,-1.0986328,1.0986328
13938080,-252,1788,987,2,-19,18,-0.1230469,0.8730469,0.4819336,0.1220703,-1.1596680,1.0986328
13940080,-253,1790,990,2,-18,18,-0.1235352,0.8740234,0.4833984,0.1220703,-1.0986328,1.0986328
13942079,-253,1791,990,2,-18,18,-0.1235352,0.8745117,0.4833984,0.1220703,-1.0986328,1.0986328
13944078,-255,1791,988,3,-18,18,-0.1245117,0.8745117,0.4824219,0.1831055,-1.0986328,1.0986328
13946078,-251,1789,990,3,-17,19,-0.1225586,0.8735352,0.4833984,0.1831055,-1.0375977,1.1596680
13948077,-251,1792,993,1,-18,20,-0.1225586,0.8750000,0.4848633,0.0610352,-1.0986328,1.2207031
13950076,-254,1787,991,3,-17,20,-0.1240234,0.8725586,0.4838867,0.1831055,-1.0375977,1.2207031
13952076,-255,1788,988,4,-17,19,-0.1245117,0.8730469,0.4824219,0.2441406,-1.0375977,1.1596680
13954075,-251,1786,991,3,-17,19,-0.1225586,0.8720703,0.4838867,0.1831055,-1.0375977,1.1596680
13956074,-253,1786,987,4,-19,20,-0.1235352,0.8720703,0.4819336,0.2441406,-1.1596680,1.2207031
13958074,-253,1784,987,3,-19,20,-0.1235352,0.8710938,0.4819336,0.1831055,-1.1596680,1.2207031
13960073,-256,1783,987,4,-19,19,-0.1250000,0.8706055,0.4819336,0.2441406,-1.1596680,1.1596680
13962072,-249,1784,983,4,-18,20,-0.1215820,0.8710938,0.4799805,0.2441406,-1.0986328,1.2207031
13964071,-252,1783,985,5,-18,19,-0.1230469,0.8706055,0.4809570,0.3051758,-1.0986328,1.1596680
13966071,-248,1785,985,5,-18,19,-0.1210938,0.8715820,0.4809570,0.3051758,-1.0986328,1.1596680
13968070,-251,1783,985,4,-17,19,-0.1225586,0.8706055,0.4809570,0.2441406,-1.0375977,1.1596680
13970069,-253,1783,985,3,-18,19,-0.1235352,0.8706055,0.4809570,0.1831055,-1.0986328,1.1596680
13972069,-254,1783,989,3,-19,19,-0.1240234,0.8706055,0.4829102,0.1831055,-1.1596680,1.1596680
13974068,-251,1784,984,3,-18,18,-0.1225586,0.8710938,0.4804688,0.1831055,-1.0986328,1.0986328
13976067,-251,1787,987,3,-19,18,-0.1225586,0.8725586,0.4819336,0.1831055,-1.1596680,1.0986328
13978067,-254,1785,988,3,-19,16,-0.1240234,0.8715820,0.4824219,0.1831055,-1.1596680,0.9765625
13980066,-254,1789,989,2,-19,18,-0.1240234,0.8735352,0.4829102,0.1220703,-1.1596680,1.0986328
13982065,-256,1787,990,3,-17,18,-0.1250000,0.8725586,0.4833984,0.1831055,-1.0375977,1.0986328
13984065,-255,1789,993,2,-17,19,-0.1245117,0.8735352,0.4848633,0.1220703,-1.0375977,1.1596680
13986064,-254,1790,991,3,-18,19,-0.1240234,0.8740234,0.4838867,0.1831055,-1.0986328,1.1596680
13988063,-254,1788,991,3,-18,20,-0.1240234,0.8730469,0.4838867,0.1831055,-1.0986328,1.2207031
13990063,-256,1786,989,3,-18,19,-0.1250000,0.8720703,0.4829102,0.1831055,-1.0986328,1.1596680
13992062,-253,1785,990,4,-18,20,-0.1235352,0.8715820,0.4833984,0.2441406,-1.0986328,1.2207031
13994061,-253,1787,989,3,-18,20,-0.1235352,0.8725586,0.4829102,0.1831055,-1.0986328,1.2207031
13996060,-251,1787,989,4,-19,20,-0.1225586,0.8725586,0.4829102,0.2441406,-1.1596680,1.2207031
13998060,-254,1784,987,3,-18,21,-0.1240234,0.8710938,0.4819336,0.1831055,-1.0986328,1.2817383
14000059,-252,1784,987,4,-17,21,-0.1230469,0.8710938,0.4819336,0.2441406,-1.0375977,1.2817383
14002058,-251,1782,983,4,-19,19,-0.1225586,0.8701172,0.4799805,0.2441406,-1.1596680,1.1596680
14004058,-254,1782,986,4,-17,20,-0.1240234,0.8701172,0.4814453,0.2441406,-1.0375977,1.2207031
14006057,-248,1785,986,3,-18,20,-0.1210938,0.8715820,0.4814453,0.1831055,-1.0986328,1.2207031
14008056,-250,1783,986,4,-18,19,-0.1220703,0.8706055,0.4814453,0.2441406,-1.0986328,1.1596680
14010056,-254,1784,985,2,-18,19,-0.1240234,0.8710938,0.4809570,0.1220703,-1.0986328,1.1596680
14012055,-252,1782,988,3,-19,19,-0.1230469,0.8701172,0.4824219,0.1831055,-1.1596680,1.1596680
14014054,-251,1786,985,3,-19,19,-0.1225586,0.8720703,0.4809570,0.1831055,-1.1596680,1.1596680
14016054,-251,1786,989,3,-18,18,-0.1225586,0.8720703,0.4829102,0.1831055,-1.0986328,1.0986328
14018053,-252,1785,989,1,-19,18,-0.1230469,0.8715820,0.4829102,0.0610352,-1.1596680,1.0986328
14020052,-252,1790,988,3,-19,17,-0.1230469,0.8740234,0.4824219,0.1831055,-1.1596680,1.0375977
14022052,-259,1787,989,2,-17,18,-0.1264648,0.8725586,0.4829102,0.1220703,-1.0375977,1.0986328
14024051,-256,1788,993,2,-17,18,-0.1250000,0.8730469,0.4848633,0.1220703,-1.0375977,1.0986328
14026050,-252,1789,992,3,-18,20,-0.1230469,0.8735352,0.4843750,0.1831055,-1.0986328,1.2207031
14028049,-257,1790,988,4,-19,19,-0.1254883,0.8740234,0.4824219,0.2441406,-1.1596680,1.1596680
14030049,-257,1790,986,3,-17,19,-0.1254883,0.8740234,0.4814453,0.1831055,-1.0375977,1.1596680
14032048,-252,1789,991,4,-18,19,-0.1230469,0.8735352,0.4838867,0.2441406,-1.0986328,1.1596680
14034047,-251,1789,990,4,-17,20,-0.1225586,0.8735352,0.4833984,0.2441406,-1.0375977,1.2207031
14036047,-249,1787,990,4,-17,21,-0.1215820,0.8725586,0.4833984,0.2441406,-1.0375977,1.2817383
14038046,-254,1783,989,4,-18,21,-0.1240234,0.8706055,0.4829102,0.2441406,-1.0986328,1.2817383
14040045,-253,1787,990,5,-18,21,-0.1235352,0.8725586,0.4833984,0.3051758,-1.0986328,1.2817383
14042045,-249,1780,986,4,-17,20,-0.1215820,0.8691406,0.4814453,0.2441406,-1.0375977,1.2207031
14044044,-251,1783,987,5,-18,20,-0.1225586,0.8706055,0.4819336,0.3051758,-1.0986328,1.2207031
14046043,-253,1783,985,5,-19,20,-0.1235352,0.8706055,0.4809570,0.3051758,-1.1596680,1.2207031
14048043,-252,1781,986,3,-18,20,-0.1230469,0.8696289,0.4814453,0.1831055,-1.0986328,1.2207031
14050042,-249,1781,986,4,-18,20,-0.1215820,0.8696289,0.4814453,0.2441406,-1.0986328,1.2207031
14052041,-249,1782,986,2,-19,20,-0.1215820,0.8701172,0.4814453,0.1220703,-1.1596680,1.2207031
14054041,-252,1781,985,3,-19,19,-0.1230469,0.8696289,0.4809570,0.1831055,-1.1596680,1.1596680
14056040,-255,1786,985,3,-18,18,-0.1245117,0.8720703,0.4809570,0.1831055,-1.0986328,1.0986328
14058039,-252,1787,985,3,-17,19,-0.1230469,0.8725586,0.4809570,0.1831055,-1.0375977,1.1596680
14060038,-254,1791,988,2,-17,18,-0.1240234,0.8745117,0.4824219,0.1220703,-1.0375977,1.0986328
14062038,-250,1786,988,0,-18,17,-0.1220703,0.8720703,0.4824219,0.0000000,-1.0986328,1.0375977
14064037,-252,1786,988,2,-18,18,-0.1230469,0.8720703,0.4824219,0.1220703,-1.0986328,1.0986328
14066036,-253,1789,992,1,-19,19,-0.1235352,0.8735352,0.4843750,0.0610352,-1.1596680,1.1596680
14068036,-254,1789,989,1,-17,18,-0.1240234,0.8735352,0.4829102,0.0610352,-1.0375977,1.0986328
14070035,-253,1788,991,2,-17,20,-0.1235352,0.8730469,0.4838867,0.1220703,-1.0375977,1.2207031
14072034,-255,1788,991,3,-17,19,-0.1245117,0.8730469,0.4838867,0.1831055,-1.0375977,1.1596680
14074034,-252,1788,992,3,-18,20,-0.1230469,0.8730469,0.4843750,0.1831055,-1.0986328,1.2207031
14076033,-253,1788,989,2,-18,19,-0.1235352,0.8730469,0.4829102,0.1220703,-1.0986328,1.1596680
14078032,-255,1789,990,4,-17,20,-0.1245117,0.8735352,0.4833984,0.2441406,-1.0375977,1.2207031
14080032,-255,1787,988,3,-17,20,-0.1245117,0.8725586,0.4824219,0.1831055,-1.0375977,1.2207031
14082031,-253,1783,988,3,-16,20,-0.1235352,0.8706055,0.4824219,0.1831055,-0.9765625,1.2207031
14084030,-253,1784,988,4,-17,20,-0.1235352,0.8710938,0.4824219,0.2441406,-1.0375977,1.2207031
14086030,-248,1782,988,2,-18,21,-0.1210938,0.8701172,0.4824219,0.1220703,-1.0986328,1.2817383
14088029,-254,1783,985,4,-18,20,-0.1240234,0.8706055,0.4809570,0.2441406,-1.0986328,1.2207031
14090028,-253,1783,987,4,-18,20,-0.1235352,0.8706055,0.4819336,0.2441406,-1.0986328,1.2207031
14092027,-253,1783,988,5,-18,19,-0.1235352,0.8706055,0.4824219,0.3051758,-1.0986328,1.1596680
14094027,-250,1785,986,4,-18,19,-0.1220703,0.8715820,0.4814453,0.2441406,-1.0986328,1.1596680
14096026,-251,1787,986,3,-18,19,-0.1225586,0.8725586,0.4814453,0.1831055,-1.0986328,1.1596680
14098025,-252,1783,987,5,-18,19,-0.1230469,0.8706055,0.4819336,0.3051758,-1.0986328,1.1596680
14100025,-252,1784,986,3,-18,18,-0.1230469,0.8710938,0.4814453,0.1831055,-1.0986328,1.0986328
14102024,-253,1789,988,4,-19,18,-0.1235352,0.8735352,0.4824219,0.2441406,-1.1596680,1.0986328
14104023,-250,1791,987,3,-19,19,-0.1220703,0.8745117,0.4819336,0.1831055,-1.1596680,1.1596680
14106023,-254,1793,991,2,-17,19,-0.1240234,0.8754883,0.4838867,0.1220703,-1.0375977,1.1596680
14108022,-250,1788,990,4,-17,18,-0.1220703,0.8730469,0.4833984,0.2441406,-1.0375977,1.0986328
14110021,-252,1787,992,4,-17,19,-0.1230469,0.8725586,0.4843750,0.2441406,-1.0375977,1.1596680
14112021,-253,1789,988,4,-18,20,-0.1235352,0.8735352,0.4824219,0.2441406,-1.0986328,1.2207031
14114020,-254,1790,993,4,-18,20,-0.1240234,0.8740234,0.4848633,0.2441406,-1.0986328,1.2207031
14116019,-257,1789,990,4,-18,20,-0.1254883,0.8735352,0.4833984,0.2441406,-1.0986328,1.2207031
14118019,-251,1787,991,3,-17,22,-0.1225586,0.8725586,0.4838867,0.1831055,-1.0375977,1.3427734
14120018,-252,1782,991,4,-17,20,-0.1230469,0.8701172,0.4838867,0.2441406,-1.0375977,1.2207031
14122017,-252,1785,990,4,-18,21,-0.1230469,0.8715820,0.4833984,0.2441406,-1.0986328,1.2817383
14124016,-251,1782,986,3,-18,20,-0.1225586,0.8701172,0.4814453,0.1831055,-1.0986328,1.2207031
14126016,-248,1782,986,5,-18,19,-0.1210938,0.8701172,0.4814453,0.3051758,-1.0986328,1.1596680
14128015,-251,1785,988,4,-18,20,-0.1225586,0.8715820,0.4824219,0.2441406,-1.0986328,1.2207031
14130014,-252,1781,987,3,-17,20,-0.1230469,0.8696289,0.4819336,0.1831055,-1.0375977,1.2207031
14132014,-251,1784,988,5,-18,19,-0.1225586,0.8710938,0.4824219,0.3051758,-1.0986328,1.1596680
14134013,-251,1784,985,4,-18,19,-0.1225586,0.8710938,0.4809570,0.2441406,-1.0986328,1.1596680
14136012,-251,1783,986,3,-19,19,-0.1225586,0.8706055,0.4814453,0.1831055,-1.1596680,1.1596680
14138012,-251,1785,986,3,-18,18,-0.1225586,0.8715820,0.4814453,0.1831055,-1.0986328,1.0986328
14140011,-250,1785,988,3,-18,18,-0.1220703,0.8715820,0.4824219,0.1831055,-1.0986328,1.0986328
14142010,-249,1788,991,3,-18,18,-0.1215820,0.8730469,0.4838867,0.1831055,-1.0986328,1.0986328
14144010,-253,1789,990,3,-18,18,-0.1235352,0.8735352,0.4833984,0.1831055,-1.0986328,1.0986328
14146009,-251,1792,990,4,-18,19,-0.1225586,0.8750000,0.4833984,0.2441406,-1.0986328,1.1596680
14148008,-256,1789,990,3,-18,18,-0.1250000,0.8735352,0.4833984,0.1831055,-1.0986328,1.0986328
14150008,-252,1790,992,2,-19,18,-0.1230469,0.8740234,0.4843750,0.1220703,-1.1596680,1.0986328
14152007,-253,1791,993,4,-17,20,-0.1235352,0.8745117,0.4848633,0.2441406,-1.0375977,1.2207031
14154006,-258,1789,992,3,-17,18,-0.1259766,0.8735352,0.4843750,0.1831055,-1.0375977,1.0986328
14156005,-257,1788,990,4,-17,19,-0.1254883,0.8730469,0.4833984,0.2441406,-1.0375977,1.1596680
14158005,-252,1787,990,4,-16,20,-0.1230469,0.8725586,0.4833984,0.2441406,-0.9765625,1.2207031
14160004,-254,1786,989,3,-18,21,-0.1240234,0.8720703,0.4829102,0.1831055,-1.0986328,1.2817383
14162003,-251,1785,986,5,-18,20,-0.1225586,0.8715820,0.4814453,0.3051758,-1.0986328,1.2207031
14164003,-254,1783,991,3,-17,21,-0.1240234,0.8706055,0.4838867,0.1831055,-1.0375977,1.2817383
14166002,-252,1785,988,3,-17,20,-0.1230469,0.8715820,0.4824219,0.1831055,-1.0375977,1.2207031
14168001,-251,1786,986,4,-17,22,-0.1225586,0.8720703,0.4814453,0.2441406,-1.0375977,1.3427734
14170001,-250,1778,986,3,-18,21,-0.1220703,0.8681641,0.4814453,0.1831055,-1.0986328,1.2817383
14172000,-249,1781,986,3,-18,20,-0.1215820,0.8696289,0.4814453,0.1831055,-1.0986328,1.2207031
14173999,-248,1782,986,3,-18,20,-0.1210938,0.8701172,0.4814453,0.1831055,-1.0986328,1.2207031
14175999,-250,1783,983,5,-18,19,-0.1220703,0.8706055,0.4799805,0.3051758,-1.0986328,1.1596680
14177998,-249,1782,983,5,-17,18,-0.1215820,0.8701172,0.4799805,0.3051758,-1.0375977,1.0986328
14179997,-252,1783,986,3,-18,18,-0.1230469,0.8706055,0.4814453,0.1831055,-1.0986328,1.0986328
14181997,-254,1784,988,1,-19,18,-0.1240234,0.8710938,0.4824219,0.0610352,-1.1596680,1.0986328
14183996,-250,1783,988,3,-18,18,-0.1220703,0.8706055,0.4824219,0.1831055,-1.0986328,1.0986328
14185995,-252,1791,989,2,-19,17,-0.1230469,0.8745117,0.4829102,0.1220703,-1.1596680,1.0375977
14187994,-252,1784,988,2,-18,17,-0.1230469,0.8710938,0.4824219,0.1220703,-1.0986328,1.0375977
14189994,-252,1789,990,3,-17,18,-0.1230469,0.8735352,0.4833984,0.1831055,-1.0375977,1.0986328
14191993,-255,1790,994,1,-18,19,-0.1245117,0.8740234,0.4853516,0.0610352,-1.0986328,1.1596680
14193992,-255,1789,991,2,-19,19,-0.1245117,0.8735352,0.4838867,0.1220703,-1.1596680,1.1596680
14195992,-257,1791,993,3,-17,18,-0.1254883,0.8745117,0.4848633,0.1831055,-1.0375977,1.0986328
14197991,-253,1788,990,4,-18,19,-0.1235352,0.8730469,0.4833984,0.2441406,-1.0986328,1.1596680
14199990,-252,1789,990,3,-18,20,-0.1230469,0.8735352,0.4833984,0.1831055,-1.0986328,1.2207031
14201990,-253,1787,986,4,-19,19,-0.1235352,0.8725586,0.4814453,0.2441406,-1.1596680,1.1596680
14203989,-251,1787,988,5,-18,22,-0.1225586,0.8725586,0.4824219,0.3051758,-1.0986328,1.3427734
14205988,-250,1783,986,5,-17,21,-0.1220703,0.8706055,0.4814453,0.3051758,-1.0375977,1.2817383
14207988,-251,1782,988,5,-18,21,-0.1225586,0.8701172,0.4824219,0.3051758,-1.0986328,1.2817383
14209987,-251,1783,987,4,-18,21,-0.1225586,0.8706055,0.4819336,0.2441406,-1.0986328,1.2817383
14211986,-252,1784,987,4,-18,20,-0.1230469,0.8710938,0.4819336,0.2441406,-1.0986328,1.2207031
14213986,-250,1783,981,5,-19,20,-0.1220703,0.8706055,0.4790039,0.3051758,-1.1596680,1.2207031
14215985,-250,1780,982,4,-18,21,-0.1220703,0.8691406,0.4794922,0.2441406,-1.0986328,1.2817383
14217984,-252,1784,985,4,-19,20,-0.1230469,0.8710938,0.4809570,0.2441406,-1.1596680,1.2207031
14219983,-251,1785,985,3,-18,19,-0.1225586,0.8715820,0.4809570,0.1831055,-1.0986328,1.1596680
14221983,-250,1783,987,3,-19,18,-0.1220703,0.8706055,0.4819336,0.1831055,-1.1596680,1.0986328
14223982,-251,1784,984,2,-17,18,-0.1225586,0.8710938,0.4804688,0.1220703,-1.0375977,1.0986328
14225981,-256,1787,988,2,-18,19,-0.1250000,0.8725586,0.4824219,0.1220703,-1.0986328,1.1596680
14227981,-254,1788,988,2,-18,17,-0.1240234,0.8730469,0.4824219,0.1220703,-1.0986328,1.0375977
